vendor_key,kind,url,label,source_sheet,source_rows,source_checksum
ven_2c42a873619b,WEBSITE,https://abconindonesia.com,Website,List,2,1AB11BD57893424EA226135F670197B31B96B861BA05C0C4962AF5BC8D0FBCEE
ven_2c42a873619b,INSTAGRAM,https://www.instagram.com/abcon.indonesia/,Instagram,List,2,1AB11BD57893424EA226135F670197B31B96B861BA05C0C4962AF5BC8D0FBCEE
ven_2c42a873619b,CATALOG,https://drive.google.com/file/d/1ANDeiDYpYRJqI394RT0y7o-aA7UJF7f4/view,Drive/folder katalog,List,2,1AB11BD57893424EA226135F670197B31B96B861BA05C0C4962AF5BC8D0FBCEE
ven_e6b9fab18b8e,WEBSITE,https://acourete.com/,Website,List,3,1AB11BD57893424EA226135F670197B31B96B861BA05C0C4962AF5BC8D0FBCEE
ven_e6b9fab18b8e,INSTAGRAM,https://www.instagram.com/acourete/,Instagram,List,3,1AB11BD57893424EA226135F670197B31B96B861BA05C0C4962AF5BC8D0FBCEE
ven_e6b9fab18b8e,CATALOG,https://acourete.com/wp-content/uploads/2024/12/Katalog-Akustika-Bangunan_24.07.pdf,Product website/katalog,List,3,1AB11BD57893424EA226135F670197B31B96B861BA05C0C4962AF5BC8D0FBCEE
ven_e6b9fab18b8e,CATALOG,https://acourete.com/wp-content/uploads/2024/12/Katalog-Akustika-Arsitektur_24.04.pdf?fbclid=PARlRTSAM4idRleHRuA2FlbQIxMQABpz3ZLo0Qz2aRfdcIhGkSh3iI7k2CO11-esouOcv0WhBnrr6VypdP8syzp9zY_aem_9iixCgC4-D54GOE9kR4j0Q,Product website/katalog,List,3,1AB11BD57893424EA226135F670197B31B96B861BA05C0C4962AF5BC8D0FBCEE
ven_5e85416296ce,WEBSITE,https://acquatrend.com,Website,List,4;5,1AB11BD57893424EA226135F670197B31B96B861BA05C0C4962AF5BC8D0FBCEE
ven_5e85416296ce,INSTAGRAM,https://www.instagram.com/acquatrend_bathroom/,Instagram,List,4;5,1AB11BD57893424EA226135F670197B31B96B861BA05C0C4962AF5BC8D0FBCEE
ven_5e85416296ce,CATALOG,https://acquatrend.com/product.php,Product website/katalog,List,4;5,1AB11BD57893424EA226135F670197B31B96B861BA05C0C4962AF5BC8D0FBCEE
ven_5e85416296ce,CATALOG,https://www.tokopedia.com/acquatrend?source=universe&st=product,Product website/katalog,List,4;5,1AB11BD57893424EA226135F670197B31B96B861BA05C0C4962AF5BC8D0FBCEE
ven_c63cbc0208b0,WEBSITE,https://afifjayafurniture.com,Website,List,6,1AB11BD57893424EA226135F670197B31B96B861BA05C0C4962AF5BC8D0FBCEE
ven_c63cbc0208b0,INSTAGRAM,https://www.instagram.com/afifjayafurniture/,Instagram,List,6,1AB11BD57893424EA226135F670197B31B96B861BA05C0C4962AF5BC8D0FBCEE
ven_c63cbc0208b0,CATALOG,https://afifjayafurniture.com/shop/,Product website/katalog,List,6,1AB11BD57893424EA226135F670197B31B96B861BA05C0C4962AF5BC8D0FBCEE
ven_c63cbc0208b0,INSTAGRAM,https://www.instagram.com/aetrio.official/,Instagram,List,7,1AB11BD57893424EA226135F670197B31B96B861BA05C0C4962AF5BC8D0FBCEE
ven_c63cbc0208b0,CATALOG,https://aetrio.com,Product website/katalog,List,7,1AB11BD57893424EA226135F670197B31B96B861BA05C0C4962AF5BC8D0FBCEE
ven_c63cbc0208b0,CATALOG,https://www.tokopedia.com/aetrio/product,Product website/katalog,List,7,1AB11BD57893424EA226135F670197B31B96B861BA05C0C4962AF5BC8D0FBCEE
ven_76a4d65604ad,WEBSITE,https://mmgalleri.id/agglotech/,Website,List,8,1AB11BD57893424EA226135F670197B31B96B861BA05C0C4962AF5BC8D0FBCEE
ven_76a4d65604ad,CATALOG,https://mmgalleri.com/natural/?c=surabaya&material=marble,Product website/katalog,List,8,1AB11BD57893424EA226135F670197B31B96B861BA05C0C4962AF5BC8D0FBCEE
ven_f7070d57bbe5,WEBSITE,https://agorabuildingmaterials.co.id/,Website,List,9,1AB11BD57893424EA226135F670197B31B96B861BA05C0C4962AF5BC8D0FBCEE
ven_f7070d57bbe5,INSTAGRAM,https://www.instagram.com/agoraceramicroofing_/,Instagram,List,9,1AB11BD57893424EA226135F670197B31B96B861BA05C0C4962AF5BC8D0FBCEE
ven_f7070d57bbe5,CATALOG,https://drive.google.com/drive/folders/1NUWs7cJx0be8NGALtXlAHXKlEDZNEuFh?usp=drive_link,Drive/folder katalog,List,9,1AB11BD57893424EA226135F670197B31B96B861BA05C0C4962AF5BC8D0FBCEE
ven_68d29c339696,INSTAGRAM,https://www.instagram.com/aigaindonesia/?hl=en,Instagram,List,10,1AB11BD57893424EA226135F670197B31B96B861BA05C0C4962AF5BC8D0FBCEE
ven_68d29c339696,CATALOG,https://drive.google.com/file/d/1ERnQ27orJ5l4Q3zxWcQXdrDnfzEgq5HX/view?usp=drivesdk,Product website/katalog,List,10,1AB11BD57893424EA226135F670197B31B96B861BA05C0C4962AF5BC8D0FBCEE
ven_68d29c339696,CATALOG,https://drive.google.com/file/d/1J-v20LTKajuHL7NpbFjE3Bto_OMWqBZs/view?usp=drivesdk,Drive/folder katalog,List,10,1AB11BD57893424EA226135F670197B31B96B861BA05C0C4962AF5BC8D0FBCEE
ven_85f795e6c187,INSTAGRAM,https://www.instagram.com/alco.blind/?hl=en,Instagram,List,11,1AB11BD57893424EA226135F670197B31B96B861BA05C0C4962AF5BC8D0FBCEE
ven_82150fbdf006,WEBSITE,https://alegraaluminio.com/,Website,List,12,1AB11BD57893424EA226135F670197B31B96B861BA05C0C4962AF5BC8D0FBCEE
ven_82150fbdf006,INSTAGRAM,https://www.instagram.com/alegra.aluminio/,Instagram,List,12,1AB11BD57893424EA226135F670197B31B96B861BA05C0C4962AF5BC8D0FBCEE
ven_82150fbdf006,CATALOG,https://alegraaluminio.com/products/,Product website/katalog,List,12,1AB11BD57893424EA226135F670197B31B96B861BA05C0C4962AF5BC8D0FBCEE
ven_e965b0293fa7,INSTAGRAM,https://www.instagram.com/allurahomefabrics/?hl=en,Instagram,List,13,1AB11BD57893424EA226135F670197B31B96B861BA05C0C4962AF5BC8D0FBCEE
ven_6c22d8aee4be,WEBSITE,https://almaflor.id/,Website,List,14,1AB11BD57893424EA226135F670197B31B96B861BA05C0C4962AF5BC8D0FBCEE
ven_6c22d8aee4be,INSTAGRAM,https://www.instagram.com/almaflor.id/?hl=en,Instagram,List,14,1AB11BD57893424EA226135F670197B31B96B861BA05C0C4962AF5BC8D0FBCEE
ven_6c22d8aee4be,CATALOG,https://almaflor.id/images/e_catalog_all_new_duora_max_core.pdf,Product website/katalog,List,14,1AB11BD57893424EA226135F670197B31B96B861BA05C0C4962AF5BC8D0FBCEE
ven_6c22d8aee4be,CATALOG,https://almaflor.id/images/e_catalog_artisan.pdf,Product website/katalog,List,14,1AB11BD57893424EA226135F670197B31B96B861BA05C0C4962AF5BC8D0FBCEE
ven_6c22d8aee4be,CATALOG,https://almaflor.id/images/e_catalog_duora_max_prime.pdf,Product website/katalog,List,14,1AB11BD57893424EA226135F670197B31B96B861BA05C0C4962AF5BC8D0FBCEE
ven_6c22d8aee4be,CATALOG,https://almaflor.id/images/e_catalog_signature.pdf,Product website/katalog,List,14,1AB11BD57893424EA226135F670197B31B96B861BA05C0C4962AF5BC8D0FBCEE
ven_6c22d8aee4be,CATALOG,https://almaflor.id/images/e_catalog_ultima.pdf,Product website/katalog,List,14,1AB11BD57893424EA226135F670197B31B96B861BA05C0C4962AF5BC8D0FBCEE
ven_6c22d8aee4be,CATALOG,https://www.almaflor.id/images/Almaflor_E-catalog_2022.pdf,Drive/folder katalog,List,14,1AB11BD57893424EA226135F670197B31B96B861BA05C0C4962AF5BC8D0FBCEE
ven_4362c9e06613,WEBSITE,https://www.aluveen.co.id/home.html,Website,List,15,1AB11BD57893424EA226135F670197B31B96B861BA05C0C4962AF5BC8D0FBCEE
ven_4362c9e06613,INSTAGRAM,https://www.instagram.com/aluveen/,Instagram,List,15,1AB11BD57893424EA226135F670197B31B96B861BA05C0C4962AF5BC8D0FBCEE
ven_4362c9e06613,CATALOG,https://lapakarsitek.com/compro/brosur_aluminium_battens_2025.pdf?fbclid=PARlRTSAN1DElleHRuA2FlbQIxMAABpxFOii0ObZHFL04mGApCd9DLwpLqDhbDCo4bP6QKl-o1X0rj-yNQlGyqdO4t_aem_KLrA0Gp71j77-FtcXNs9bA,Product website/katalog,List,15,1AB11BD57893424EA226135F670197B31B96B861BA05C0C4962AF5BC8D0FBCEE
ven_4362c9e06613,CATALOG,https://lapakarsitek.com/compro/EMI_ComPro_Eng.pdf?fbclid=PARlRTSAN1DLBleHRuA2FlbQIxMAABpxFOii0ObZHFL04mGApCd9DLwpLqDhbDCo4bP6QKl-o1X0rj-yNQlGyqdO4t_aem_KLrA0Gp71j77-FtcXNs9bA,Drive/folder katalog,List,15,1AB11BD57893424EA226135F670197B31B96B861BA05C0C4962AF5BC8D0FBCEE
ven_7ec85c46278e,WEBSITE,https://amardeepinterior.com/about-us/,Website,List,16,1AB11BD57893424EA226135F670197B31B96B861BA05C0C4962AF5BC8D0FBCEE
ven_7ec85c46278e,INSTAGRAM,https://www.instagram.com/amardeepinterior/,Instagram,List,16,1AB11BD57893424EA226135F670197B31B96B861BA05C0C4962AF5BC8D0FBCEE
ven_7ec85c46278e,CATALOG,https://amardeepinterior.com/upholstery-sofa/,Product website/katalog,List,16,1AB11BD57893424EA226135F670197B31B96B861BA05C0C4962AF5BC8D0FBCEE
ven_7ec85c46278e,CATALOG,https://drive.google.com/file/d/1THUL_3fmOlo9z72xV-D32IlWdeVIEotd/view,Product website/katalog,List,16,1AB11BD57893424EA226135F670197B31B96B861BA05C0C4962AF5BC8D0FBCEE
ven_7ec85c46278e,CATALOG,https://drive.google.com/file/d/17ZdNCivuiC2CTnnlVANXjeMcHwHOjwfM/view,Product website/katalog,List,16,1AB11BD57893424EA226135F670197B31B96B861BA05C0C4962AF5BC8D0FBCEE
ven_7ec85c46278e,CATALOG,https://drive.google.com/file/d/17Fxf3aTawAFpaIHBiyd8h0oCBAyktj-M/view,Product website/katalog,List,16,1AB11BD57893424EA226135F670197B31B96B861BA05C0C4962AF5BC8D0FBCEE
ven_7ec85c46278e,CATALOG,https://amardeepinterior.com/drapery-curtain/,Product website/katalog,List,16,1AB11BD57893424EA226135F670197B31B96B861BA05C0C4962AF5BC8D0FBCEE
ven_7ec85c46278e,CATALOG,https://amardeepinterior.com/sheers/,Product website/katalog,List,16,1AB11BD57893424EA226135F670197B31B96B861BA05C0C4962AF5BC8D0FBCEE
ven_7ec85c46278e,CATALOG,https://amardeepinterior.com/outdoor-fabrics/,Product website/katalog,List,16,1AB11BD57893424EA226135F670197B31B96B861BA05C0C4962AF5BC8D0FBCEE
ven_7ec85c46278e,CATALOG,https://drive.google.com/drive/folders/1HqoasCi-f7QPrCVBk-92BUNyeBTUTBrn?usp=drive_link,Drive/folder katalog,List,16,1AB11BD57893424EA226135F670197B31B96B861BA05C0C4962AF5BC8D0FBCEE
ven_155e8b073459,INSTAGRAM,https://www.instagram.com/amidoorlight/,Instagram,List,17,1AB11BD57893424EA226135F670197B31B96B861BA05C0C4962AF5BC8D0FBCEE
ven_eaa1cfe59761,WEBSITE,https://antikmebel.com/?srsltid=AfmBOooFJnnB5Zsy6bzqsV93-KVK26Nf0ir1TwXmLSiCbuK9_EdOqidO,Website,List,18,1AB11BD57893424EA226135F670197B31B96B861BA05C0C4962AF5BC8D0FBCEE
ven_eaa1cfe59761,INSTAGRAM,https://www.instagram.com/antikmebel/,Instagram,List,18,1AB11BD57893424EA226135F670197B31B96B861BA05C0C4962AF5BC8D0FBCEE
ven_eaa1cfe59761,CATALOG,https://antikmebel.com/collections/armchair,Product website/katalog,List,18,1AB11BD57893424EA226135F670197B31B96B861BA05C0C4962AF5BC8D0FBCEE
ven_eaa1cfe59761,CATALOG,https://antikmebel.com/collections/wingchair,Product website/katalog,List,18,1AB11BD57893424EA226135F670197B31B96B861BA05C0C4962AF5BC8D0FBCEE
ven_eaa1cfe59761,CATALOG,https://antikmebel.com/collections/2-seater-1,Product website/katalog,List,18,1AB11BD57893424EA226135F670197B31B96B861BA05C0C4962AF5BC8D0FBCEE
ven_eaa1cfe59761,CATALOG,https://antikmebel.com/collections/sofa-3-seater,Product website/katalog,List,18,1AB11BD57893424EA226135F670197B31B96B861BA05C0C4962AF5BC8D0FBCEE
ven_eaa1cfe59761,CATALOG,https://antikmebel.com/collections/sofa-bed,Product website/katalog,List,18,1AB11BD57893424EA226135F670197B31B96B861BA05C0C4962AF5BC8D0FBCEE
ven_eaa1cfe59761,CATALOG,https://antikmebel.com/collections/sofa-l-shape,Product website/katalog,List,18,1AB11BD57893424EA226135F670197B31B96B861BA05C0C4962AF5BC8D0FBCEE
ven_eaa1cfe59761,CATALOG,https://antikmebel.com/collections/stool,Product website/katalog,List,18,1AB11BD57893424EA226135F670197B31B96B861BA05C0C4962AF5BC8D0FBCEE
ven_eaa1cfe59761,CATALOG,https://antikmebel.com/collections/dining-chair,Product website/katalog,List,18,1AB11BD57893424EA226135F670197B31B96B861BA05C0C4962AF5BC8D0FBCEE
ven_4482ca81f4e5,WEBSITE,https://architech.co.id/public/?utm_medium=google&utm_source=https%3A%2F%2Fanalytics.google.com%2Fanalytics%2Fweb%2Fprovision%2F%23%2Fp444544963%2Freports%2Fexplorer%3Fparams%3D_u..nav%253dmaui%26r%3Decomm-product%26ruid%3Decomm-product%2Cbusiness-objectives%2Cdrive-online-sales%26collectionid%3Dbusiness-objectives&utm_campaign=website,Website,List,19,1AB11BD57893424EA226135F670197B31B96B861BA05C0C4962AF5BC8D0FBCEE
ven_4482ca81f4e5,INSTAGRAM,https://www.instagram.com/architech_indonesia,Instagram,List,19,1AB11BD57893424EA226135F670197B31B96B861BA05C0C4962AF5BC8D0FBCEE
ven_4482ca81f4e5,CATALOG,https://www.tokopedia.com/architech-in?source=search-autocomplete.04.01.01&utm_medium=google&utm_source=https%3A%2F%2Fanalytics.google.com%2Fanalytics%2Fweb%2Fprovision%2F%23%2Fp444544963%2Freports%2Fexplorer%3Fparams%3D_u..nav%253dmaui%26r%3Decomm-product%26ruid%3Decomm-product%2Cbusiness-objectives%2Cdrive-online-sales%26collectionid%3Dbusiness-objectives&utm_campaign=tokopedia,Product website/katalog,List,19,1AB11BD57893424EA226135F670197B31B96B861BA05C0C4962AF5BC8D0FBCEE
ven_8eda3f28e9de,WEBSITE,https://www.arcomarmer.com/,Website,List,20;21,1AB11BD57893424EA226135F670197B31B96B861BA05C0C4962AF5BC8D0FBCEE
ven_8eda3f28e9de,INSTAGRAM,https://www.instagram.com/arcomarmer/?hl=en,Instagram,List,20;21,1AB11BD57893424EA226135F670197B31B96B861BA05C0C4962AF5BC8D0FBCEE
ven_f6a025a0224b,WEBSITE,https://ardefabrics.com/,Website,List,22,1AB11BD57893424EA226135F670197B31B96B861BA05C0C4962AF5BC8D0FBCEE
ven_f6a025a0224b,INSTAGRAM,https://www.instagram.com/ardefabrics,Instagram,List,22,1AB11BD57893424EA226135F670197B31B96B861BA05C0C4962AF5BC8D0FBCEE
ven_f6a025a0224b,CATALOG,https://drive.google.com/drive/folders/1pHeto5KWNk5eiQv7jOn3nXSw99hytXGL?usp=drive_link,Drive/folder katalog,List,22,1AB11BD57893424EA226135F670197B31B96B861BA05C0C4962AF5BC8D0FBCEE
ven_f06965c558f1,WEBSITE,https://www.ardentelighting.com/,Website,List,23,1AB11BD57893424EA226135F670197B31B96B861BA05C0C4962AF5BC8D0FBCEE
ven_f06965c558f1,INSTAGRAM,https://www.instagram.com/ardentelighting/,Instagram,List,23,1AB11BD57893424EA226135F670197B31B96B861BA05C0C4962AF5BC8D0FBCEE
ven_f06965c558f1,CATALOG,https://www.ardentelighting.com/_files/ugd/2727bf_1b248f64be124796873fcfa06c7c31f5.pdf,Product website/katalog,List,23,1AB11BD57893424EA226135F670197B31B96B861BA05C0C4962AF5BC8D0FBCEE
ven_f06965c558f1,CATALOG,https://drive.google.com/drive/folders/1YCJYkIQ0mc2HVe5J-tGu7bCd_6E0sCCi?usp=drive_link,Drive/folder katalog,List,23,1AB11BD57893424EA226135F670197B31B96B861BA05C0C4962AF5BC8D0FBCEE
ven_4e8a7f35531a,WEBSITE,https://armoniapaint.com/index,Website,List,24,1AB11BD57893424EA226135F670197B31B96B861BA05C0C4962AF5BC8D0FBCEE
ven_4e8a7f35531a,INSTAGRAM,https://www.instagram.com/armonia.paint/,Instagram,List,24,1AB11BD57893424EA226135F670197B31B96B861BA05C0C4962AF5BC8D0FBCEE
ven_4e8a7f35531a,CATALOG,https://armoniapaint.com/our-textures,Product website/katalog,List,24,1AB11BD57893424EA226135F670197B31B96B861BA05C0C4962AF5BC8D0FBCEE
ven_795f1b827bd0,WEBSITE,https://arna.co.id/,Website,List,25,1AB11BD57893424EA226135F670197B31B96B861BA05C0C4962AF5BC8D0FBCEE
ven_795f1b827bd0,INSTAGRAM,https://www.instagram.com/arna.granite?igsh=MXZxZWh2c29nbjZubg==,Instagram,List,25,1AB11BD57893424EA226135F670197B31B96B861BA05C0C4962AF5BC8D0FBCEE
ven_795f1b827bd0,CATALOG,https://drive.google.com/drive/folders/16FQLqyLXlmgOpEUm8ywIl35EfZVRaWZo?usp=drive_link,Drive/folder katalog,List,25,1AB11BD57893424EA226135F670197B31B96B861BA05C0C4962AF5BC8D0FBCEE
ven_08e64401daf2,WEBSITE,https://artemigroup.com,Website,List,26;27,1AB11BD57893424EA226135F670197B31B96B861BA05C0C4962AF5BC8D0FBCEE
ven_08e64401daf2,INSTAGRAM,https://www.instagram.com/artemi.zenithinternational/,Instagram,List,26;27,1AB11BD57893424EA226135F670197B31B96B861BA05C0C4962AF5BC8D0FBCEE
ven_08e64401daf2,CATALOG,https://artemigroup.com/wp-content/uploads/2025/02/CNC-COMBINED-Spare-3mm.pdf,Product website/katalog,List,26,1AB11BD57893424EA226135F670197B31B96B861BA05C0C4962AF5BC8D0FBCEE
ven_08e64401daf2,CATALOG,https://artemigroup.com/wp-content/uploads/2025/02/Fremo-Artemi-Brochure-230718-BACKGROUND-PUTIH.pdf,Product website/katalog,List,27,1AB11BD57893424EA226135F670197B31B96B861BA05C0C4962AF5BC8D0FBCEE
ven_08e64401daf2,CATALOG,https://artemigroup.com/wp-content/uploads/2025/02/Brosur-PCA-ALL-spare-3mm.pdf,Product website/katalog,List,27,1AB11BD57893424EA226135F670197B31B96B861BA05C0C4962AF5BC8D0FBCEE
ven_79b94f083126,INSTAGRAM,https://www.instagram.com/artisanwood.id?igsh=MWx3c2JmdmloMm55ZQ==,Instagram,List,28,1AB11BD57893424EA226135F670197B31B96B861BA05C0C4962AF5BC8D0FBCEE
ven_79b94f083126,CATALOG,https://tr.ee/0cOFUh_1-X,Product website/katalog,List,28,1AB11BD57893424EA226135F670197B31B96B861BA05C0C4962AF5BC8D0FBCEE
ven_79b94f083126,CATALOG,https://drive.google.com/drive/folders/1fxDAZzCDccL8TyF9LiNZwoUNOao0sRBZ?usp=drive_link,Drive/folder katalog,List,28,1AB11BD57893424EA226135F670197B31B96B861BA05C0C4962AF5BC8D0FBCEE
ven_2be6af814443,WEBSITE,http://arturoflakesmulticolor.com,Website,List,29,1AB11BD57893424EA226135F670197B31B96B861BA05C0C4962AF5BC8D0FBCEE
ven_2be6af814443,INSTAGRAM,https://www.instagram.com/arturo_texturepaint/?hl=en,Instagram,List,29,1AB11BD57893424EA226135F670197B31B96B861BA05C0C4962AF5BC8D0FBCEE
ven_2be6af814443,CATALOG,http://arturoflakesmulticolor.com/category/arturotone/,Product website/katalog,List,29,1AB11BD57893424EA226135F670197B31B96B861BA05C0C4962AF5BC8D0FBCEE
ven_2be6af814443,CATALOG,http://arturoflakesmulticolor.com/category/claystone/,Product website/katalog,List,29,1AB11BD57893424EA226135F670197B31B96B861BA05C0C4962AF5BC8D0FBCEE
ven_2be6af814443,CATALOG,http://arturoflakesmulticolor.com/category/flakes/,Product website/katalog,List,29,1AB11BD57893424EA226135F670197B31B96B861BA05C0C4962AF5BC8D0FBCEE
ven_2be6af814443,CATALOG,https://drive.google.com/drive/u/2/folders/1IFZDOF98oFe3EO77UjVq1kh4cTfJdmAR,Drive/folder katalog,List,29,1AB11BD57893424EA226135F670197B31B96B861BA05C0C4962AF5BC8D0FBCEE
ven_c65af8319e3f,INSTAGRAM,https://www.instagram.com/ashetiles/?hl=en,Instagram,List,30,1AB11BD57893424EA226135F670197B31B96B861BA05C0C4962AF5BC8D0FBCEE
ven_c65af8319e3f,CATALOG,https://wa.me/c/6287883632349,Product website/katalog,List,30,1AB11BD57893424EA226135F670197B31B96B861BA05C0C4962AF5BC8D0FBCEE
ven_f33cfa0216cd,INSTAGRAM,https://www.instagram.com/astana_id/?hl=en,Instagram,List,31,1AB11BD57893424EA226135F670197B31B96B861BA05C0C4962AF5BC8D0FBCEE
ven_f33cfa0216cd,CATALOG,https://drive.google.com/drive/folders/11UmMZYy90BR20kzU4HSZB6UsG1Qgv_XC?usp=drive_link,Drive/folder katalog,List,31,1AB11BD57893424EA226135F670197B31B96B861BA05C0C4962AF5BC8D0FBCEE
ven_1a0c16850796,INSTAGRAM,https://www.instagram.com/atayahome/,Instagram,List,32,1AB11BD57893424EA226135F670197B31B96B861BA05C0C4962AF5BC8D0FBCEE
ven_30c584c63614,WEBSITE,https://ateja.co.id/,Website,List,33,1AB11BD57893424EA226135F670197B31B96B861BA05C0C4962AF5BC8D0FBCEE
ven_30c584c63614,INSTAGRAM,https://www.instagram.com/atejatextiles/?hl=en,Instagram,List,33,1AB11BD57893424EA226135F670197B31B96B861BA05C0C4962AF5BC8D0FBCEE
ven_30c584c63614,CATALOG,https://drive.google.com/drive/folders/1MXLka__DVp_zbTam4TvIFYWbrxPEOX7e,Product website/katalog,List,33,1AB11BD57893424EA226135F670197B31B96B861BA05C0C4962AF5BC8D0FBCEE
ven_ca6b032dc4e1,WEBSITE,https://atesonhome.com/,Website,List,34;35;36,1AB11BD57893424EA226135F670197B31B96B861BA05C0C4962AF5BC8D0FBCEE
ven_ca6b032dc4e1,INSTAGRAM,https://www.instagram.com/atesonhome/?hl=en,Instagram,List,34;35;36,1AB11BD57893424EA226135F670197B31B96B861BA05C0C4962AF5BC8D0FBCEE
ven_ca6b032dc4e1,CATALOG,https://atesonhome.com/general-catalogue/,Product website/katalog,List,34;35;36,1AB11BD57893424EA226135F670197B31B96B861BA05C0C4962AF5BC8D0FBCEE
ven_ca6b032dc4e1,CATALOG,https://drive.google.com/drive/folders/1j2H-qhSTELFR73hOv19HIgvvyg7bRsim?usp=drive_link,Drive/folder katalog,List,34;35;36,1AB11BD57893424EA226135F670197B31B96B861BA05C0C4962AF5BC8D0FBCEE
ven_1c5b517de9c2,WEBSITE,https://atipaindonesia.com,Website,List,37,1AB11BD57893424EA226135F670197B31B96B861BA05C0C4962AF5BC8D0FBCEE
ven_1c5b517de9c2,INSTAGRAM,https://www.instagram.com/atipamcm/?hl=en,Instagram,List,37,1AB11BD57893424EA226135F670197B31B96B861BA05C0C4962AF5BC8D0FBCEE
ven_1c5b517de9c2,CATALOG,https://drive.google.com/file/d/1PJRkVRWHgiXjwHBgg9I3XZNzcZtXr5cE/view?usp=drivesdk,Product website/katalog,List,37,1AB11BD57893424EA226135F670197B31B96B861BA05C0C4962AF5BC8D0FBCEE
ven_1c5b517de9c2,CATALOG,https://drive.google.com/file/d/1PJRkVRWHgiXjwHBgg9I3XZNzcZtXr5cE/view,Drive/folder katalog,List,37,1AB11BD57893424EA226135F670197B31B96B861BA05C0C4962AF5BC8D0FBCEE
ven_d85c8f805358,INSTAGRAM,https://www.instagram.com/at.avere/,Instagram,List,38,1AB11BD57893424EA226135F670197B31B96B861BA05C0C4962AF5BC8D0FBCEE
ven_69cf8458ee23,WEBSITE,https://baliandecorative.id,Website,List,39;40;41;42,1AB11BD57893424EA226135F670197B31B96B861BA05C0C4962AF5BC8D0FBCEE
ven_69cf8458ee23,INSTAGRAM,https://www.instagram.com/baliandecorative/,Instagram,List,39;40;41;42,1AB11BD57893424EA226135F670197B31B96B861BA05C0C4962AF5BC8D0FBCEE
ven_69cf8458ee23,CATALOG,https://baliandecorative.id/product-tag/lantai-spc/,Product website/katalog,List,39,1AB11BD57893424EA226135F670197B31B96B861BA05C0C4962AF5BC8D0FBCEE
ven_69cf8458ee23,CATALOG,https://drive.google.com/drive/folders/1vtS1jCwhJ_Sg9p4Itc8aoTU7x52DpdaA?usp=share_link,Drive/folder katalog,List,39;40;41;42,1AB11BD57893424EA226135F670197B31B96B861BA05C0C4962AF5BC8D0FBCEE
ven_69cf8458ee23,CATALOG,https://baliandecorative.id/product-category/duradeck/,Product website/katalog,List,40,1AB11BD57893424EA226135F670197B31B96B861BA05C0C4962AF5BC8D0FBCEE
ven_69cf8458ee23,CATALOG,https://baliandecorative.id/produk/,Product website/katalog,List,41,1AB11BD57893424EA226135F670197B31B96B861BA05C0C4962AF5BC8D0FBCEE
ven_69cf8458ee23,CATALOG,https://baliandecorative.id/product-tag/aksesoris-wall-panel/,Product website/katalog,List,41,1AB11BD57893424EA226135F670197B31B96B861BA05C0C4962AF5BC8D0FBCEE
ven_69cf8458ee23,CATALOG,https://baliandecorative.id/product-category/balian-wall-moulding/,Product website/katalog,List,42,1AB11BD57893424EA226135F670197B31B96B861BA05C0C4962AF5BC8D0FBCEE
ven_e89b09934b29,WEBSITE,https://bamboo-interior.com/,Website,List,43,1AB11BD57893424EA226135F670197B31B96B861BA05C0C4962AF5BC8D0FBCEE
ven_e89b09934b29,CATALOG,https://bamboo-interior.com/lighting,Product website/katalog,List,43,1AB11BD57893424EA226135F670197B31B96B861BA05C0C4962AF5BC8D0FBCEE
ven_e89b09934b29,CATALOG,https://bamboo-interior.com/decor,Product website/katalog,List,43,1AB11BD57893424EA226135F670197B31B96B861BA05C0C4962AF5BC8D0FBCEE
ven_e89b09934b29,CATALOG,https://bamboo-interior.com/furniture,Product website/katalog,List,43,1AB11BD57893424EA226135F670197B31B96B861BA05C0C4962AF5BC8D0FBCEE
ven_8a5ef25edfd4,INSTAGRAM,https://www.instagram.com/tokobatatempel_antasari34?igsh=MWlyOGNubDVsNjBscg==,Instagram,List,44,1AB11BD57893424EA226135F670197B31B96B861BA05C0C4962AF5BC8D0FBCEE
ven_3a94be355dc9,INSTAGRAM,https://www.instagram.com/bataraliving/,Instagram,List,45,1AB11BD57893424EA226135F670197B31B96B861BA05C0C4962AF5BC8D0FBCEE
ven_3a94be355dc9,CATALOG,https://drive.google.com/drive/folders/1VbtTEOibj7kBYlr1zxfpSxDvQCiD-GEY?usp=share_link,Drive/folder katalog,List,45,1AB11BD57893424EA226135F670197B31B96B861BA05C0C4962AF5BC8D0FBCEE
ven_049e84c86326,WEBSITE,https://www.batavia-living.com/,Website,List,46,1AB11BD57893424EA226135F670197B31B96B861BA05C0C4962AF5BC8D0FBCEE
ven_049e84c86326,INSTAGRAM,https://www.instagram.com/batavialivingfurniture,Instagram,List,46,1AB11BD57893424EA226135F670197B31B96B861BA05C0C4962AF5BC8D0FBCEE
ven_049e84c86326,CATALOG,https://www.batavia-living.com/diningbar-chairs,Product website/katalog,List,46,1AB11BD57893424EA226135F670197B31B96B861BA05C0C4962AF5BC8D0FBCEE
ven_049e84c86326,CATALOG,https://www.batavia-living.com/lounge-chairs,Product website/katalog,List,46,1AB11BD57893424EA226135F670197B31B96B861BA05C0C4962AF5BC8D0FBCEE
ven_049e84c86326,CATALOG,https://www.batavia-living.com/sofacollection,Product website/katalog,List,46,1AB11BD57893424EA226135F670197B31B96B861BA05C0C4962AF5BC8D0FBCEE
ven_049e84c86326,CATALOG,https://www.batavia-living.com/tables,Product website/katalog,List,46,1AB11BD57893424EA226135F670197B31B96B861BA05C0C4962AF5BC8D0FBCEE
ven_049e84c86326,CATALOG,https://drive.google.com/drive/folders/1QCh54Pp-pJQCHl_uXuD9w5sB2SmqZqU_?usp=drive_link,Drive/folder katalog,List,46,1AB11BD57893424EA226135F670197B31B96B861BA05C0C4962AF5BC8D0FBCEE
ven_777799fa8927,WEBSITE,https://bdagroup.co.id/,Website,List,47;48;49;50;51,1AB11BD57893424EA226135F670197B31B96B861BA05C0C4962AF5BC8D0FBCEE
ven_777799fa8927,INSTAGRAM,https://www.instagram.com/bdaofficial.id/,Instagram,List,47;48;49;50;51,1AB11BD57893424EA226135F670197B31B96B861BA05C0C4962AF5BC8D0FBCEE
ven_777799fa8927,CATALOG,https://tokopedia.link/p6CMuSieVNb,Product website/katalog,List,47;48;49;50;51,1AB11BD57893424EA226135F670197B31B96B861BA05C0C4962AF5BC8D0FBCEE
ven_777799fa8927,CATALOG,https://drive.google.com/drive/folders/1d1v8eU0cmvGes-NNh3uHxG7AiGxEonmH?usp=drive_link,Drive/folder katalog,List,47;48;49;50;51,1AB11BD57893424EA226135F670197B31B96B861BA05C0C4962AF5BC8D0FBCEE
ven_1062cd9aa659,WEBSITE,https://belllivinglab.com/,Website,List,52,1AB11BD57893424EA226135F670197B31B96B861BA05C0C4962AF5BC8D0FBCEE
ven_1062cd9aa659,INSTAGRAM,https://www.instagram.com/bell_livinglab/,Instagram,List,52,1AB11BD57893424EA226135F670197B31B96B861BA05C0C4962AF5BC8D0FBCEE
ven_d736b0e83afa,INSTAGRAM,https://www.instagram.com/benwood_solidwoodproducts/,Instagram,List,53,1AB11BD57893424EA226135F670197B31B96B861BA05C0C4962AF5BC8D0FBCEE
ven_6addd4403159,WEBSITE,https://lautanciptakreasi.co.id/,Website,List,54,1AB11BD57893424EA226135F670197B31B96B861BA05C0C4962AF5BC8D0FBCEE
ven_6addd4403159,INSTAGRAM,https://www.instagram.com/lautanciptakreasi?igshid=MzRlODBiNWFlZA%3D%3D,Instagram,List,54,1AB11BD57893424EA226135F670197B31B96B861BA05C0C4962AF5BC8D0FBCEE
ven_483235d4faaa,INSTAGRAM,https://www.instagram.com/betalivingconcept/,Instagram,List,55,1AB11BD57893424EA226135F670197B31B96B861BA05C0C4962AF5BC8D0FBCEE
ven_6f3815f1a7a8,WEBSITE,https://berkatdecor.com/?s=beyond+floor&post_type=product,Website,List,56,1AB11BD57893424EA226135F670197B31B96B861BA05C0C4962AF5BC8D0FBCEE
ven_bfd7c0b552fe,WEBSITE,https://bianconero.co.id/,Website,List,57,1AB11BD57893424EA226135F670197B31B96B861BA05C0C4962AF5BC8D0FBCEE
ven_bfd7c0b552fe,INSTAGRAM,https://www.instagram.com/bianconero.compressa/,Instagram,List,57,1AB11BD57893424EA226135F670197B31B96B861BA05C0C4962AF5BC8D0FBCEE
ven_a0247b3dc1d3,WEBSITE,https://www.bilionite.co.id/,Website,List,58,1AB11BD57893424EA226135F670197B31B96B861BA05C0C4962AF5BC8D0FBCEE
ven_a0247b3dc1d3,INSTAGRAM,https://www.instagram.com/bilionite/?hl=en,Instagram,List,58,1AB11BD57893424EA226135F670197B31B96B861BA05C0C4962AF5BC8D0FBCEE
ven_a0247b3dc1d3,CATALOG,https://ugc.production.linktr.ee/bf8b1d9a-6b24-404e-9801-e28d52a8b458_Catalogue-Bilionite-MHM-send.pdf,Drive/folder katalog,List,58,1AB11BD57893424EA226135F670197B31B96B861BA05C0C4962AF5BC8D0FBCEE
ven_274825f0f66e,WEBSITE,https://biruindonesia.com/,Website,List,59,1AB11BD57893424EA226135F670197B31B96B861BA05C0C4962AF5BC8D0FBCEE
ven_53350e5acd3d,WEBSITE,https://www.blackwood.id/,Website,List,60,1AB11BD57893424EA226135F670197B31B96B861BA05C0C4962AF5BC8D0FBCEE
ven_53350e5acd3d,INSTAGRAM,https://www.instagram.com/blackwood.co.id/?hl=en,Instagram,List,60,1AB11BD57893424EA226135F670197B31B96B861BA05C0C4962AF5BC8D0FBCEE
ven_435d2affb78f,INSTAGRAM,https://www.instagram.com/ssbb.id/,Instagram,List,61,1AB11BD57893424EA226135F670197B31B96B861BA05C0C4962AF5BC8D0FBCEE
ven_435d2affb78f,CATALOG,https://wa.me/c/628118716937,Product website/katalog,List,61,1AB11BD57893424EA226135F670197B31B96B861BA05C0C4962AF5BC8D0FBCEE
ven_a89a8486d095,INSTAGRAM,https://www.instagram.com/bodaq.id/,Instagram,List,62,1AB11BD57893424EA226135F670197B31B96B861BA05C0C4962AF5BC8D0FBCEE
ven_a89a8486d095,CATALOG,https://online.anyflip.com/nuvyq/vxqo/mobile/index.html,Product website/katalog,List,62,1AB11BD57893424EA226135F670197B31B96B861BA05C0C4962AF5BC8D0FBCEE
ven_a89a8486d095,CATALOG,https://bodaq.com,Product website/katalog,List,62,1AB11BD57893424EA226135F670197B31B96B861BA05C0C4962AF5BC8D0FBCEE
ven_a89a8486d095,CATALOG,https://www.tokopedia.com/bodaqinteriorfilm,Product website/katalog,List,62,1AB11BD57893424EA226135F670197B31B96B861BA05C0C4962AF5BC8D0FBCEE
ven_a89a8486d095,CATALOG,https://drive.google.com/drive/folders/1YEe0HbTyqaEvV1WTUrRiXZ-D4NWb9Le2?usp=share_link,Drive/folder katalog,List,62,1AB11BD57893424EA226135F670197B31B96B861BA05C0C4962AF5BC8D0FBCEE
ven_590f5ec48334,INSTAGRAM,https://www.instagram.com/bottegaartisan?igsh=MWdqZTRsbXc4dG5weA==,Instagram,List,63,1AB11BD57893424EA226135F670197B31B96B861BA05C0C4962AF5BC8D0FBCEE
ven_dd2051ab9f98,INSTAGRAM,https://www.instagram.com/bowe.id/,Instagram,List,64;65;66,1AB11BD57893424EA226135F670197B31B96B861BA05C0C4962AF5BC8D0FBCEE
ven_dd2051ab9f98,CATALOG,https://drive.google.com/drive/folders/16H8NEWPbn2pLIZkqg2umzZixGlTQnDqU?usp=sharing,Drive/folder katalog,List,64;65;66,1AB11BD57893424EA226135F670197B31B96B861BA05C0C4962AF5BC8D0FBCEE
ven_8d4b98b9edbe,WEBSITE,https://www.bresciastonebali.com/,Website,List,67;68,1AB11BD57893424EA226135F670197B31B96B861BA05C0C4962AF5BC8D0FBCEE
ven_8d4b98b9edbe,INSTAGRAM,https://www.instagram.com/bresciastone_bali_official/,Instagram,List,67,1AB11BD57893424EA226135F670197B31B96B861BA05C0C4962AF5BC8D0FBCEE
ven_8d4b98b9edbe,CATALOG,https://www.bresciastonebali.com/stone-collection/,Product website/katalog,List,67;68,1AB11BD57893424EA226135F670197B31B96B861BA05C0C4962AF5BC8D0FBCEE
ven_b205a60c720b,WEBSITE,https://www.brewsuniq.com/,Website,List,69,1AB11BD57893424EA226135F670197B31B96B861BA05C0C4962AF5BC8D0FBCEE
ven_b205a60c720b,INSTAGRAM,https://www.instagram.com/brewsuniq.space?igsh=MXFzODNkdmdpbDZ4Nw==,Instagram,List,69,1AB11BD57893424EA226135F670197B31B96B861BA05C0C4962AF5BC8D0FBCEE
ven_f67e0d29303c,WEBSITE,https://www.bunkapancakarya.com/,Website,List,70,1AB11BD57893424EA226135F670197B31B96B861BA05C0C4962AF5BC8D0FBCEE
ven_f67e0d29303c,INSTAGRAM,https://www.instagram.com/ptbunkapancakarya,Instagram,List,70,1AB11BD57893424EA226135F670197B31B96B861BA05C0C4962AF5BC8D0FBCEE
ven_f67e0d29303c,CATALOG,https://www.tokopedia.com/bunkapancakarya,Product website/katalog,List,70,1AB11BD57893424EA226135F670197B31B96B861BA05C0C4962AF5BC8D0FBCEE
ven_f67e0d29303c,CATALOG,https://www.bunkapancakarya.com/assets/files/Katalog-2024.pdf,Drive/folder katalog,List,70,1AB11BD57893424EA226135F670197B31B96B861BA05C0C4962AF5BC8D0FBCEE
ven_272a95c988a1,WEBSITE,https://byoliving.com/,Website,List,71,1AB11BD57893424EA226135F670197B31B96B861BA05C0C4962AF5BC8D0FBCEE
ven_272a95c988a1,INSTAGRAM,https://www.instagram.com/byoliving/,Instagram,List,71,1AB11BD57893424EA226135F670197B31B96B861BA05C0C4962AF5BC8D0FBCEE
ven_081845095d69,WEBSITE,https://linktr.ee/paperyarn,Website,List,72,1AB11BD57893424EA226135F670197B31B96B861BA05C0C4962AF5BC8D0FBCEE
ven_081845095d69,INSTAGRAM,https://www.instagram.com/paperyarn_id,Instagram,List,72,1AB11BD57893424EA226135F670197B31B96B861BA05C0C4962AF5BC8D0FBCEE
ven_081845095d69,CATALOG,https://drive.google.com/drive/folders/1abosW9soQRLpO4XTFZumAWaRxXtqbuLo?usp=drive_link,Drive/folder katalog,List,72,1AB11BD57893424EA226135F670197B31B96B861BA05C0C4962AF5BC8D0FBCEE
ven_626aa2f881e1,WEBSITE,https://www.cambiumhome.com/,Website,List,73,1AB11BD57893424EA226135F670197B31B96B861BA05C0C4962AF5BC8D0FBCEE
ven_626aa2f881e1,INSTAGRAM,https://www.instagram.com/cambiumhome/,Instagram,List,73,1AB11BD57893424EA226135F670197B31B96B861BA05C0C4962AF5BC8D0FBCEE
ven_626aa2f881e1,CATALOG,https://www.cambiumhome.com/products/,Product website/katalog,List,73,1AB11BD57893424EA226135F670197B31B96B861BA05C0C4962AF5BC8D0FBCEE
ven_0567cff5547d,INSTAGRAM,https://www.instagram.com/caraliving.id/?hl=en,Instagram,List,74,1AB11BD57893424EA226135F670197B31B96B861BA05C0C4962AF5BC8D0FBCEE
ven_d9e213342b64,INSTAGRAM,https://www.instagram.com/cattelanitalia.id/,Instagram,List,75,1AB11BD57893424EA226135F670197B31B96B861BA05C0C4962AF5BC8D0FBCEE
ven_d9e213342b64,CATALOG,https://melandas-indonesia.com/,Product website/katalog,List,75,1AB11BD57893424EA226135F670197B31B96B861BA05C0C4962AF5BC8D0FBCEE
ven_7ee65a7f0774,WEBSITE,https://www.celluxceilingasia.com/,Website,List,76,1AB11BD57893424EA226135F670197B31B96B861BA05C0C4962AF5BC8D0FBCEE
ven_7ee65a7f0774,INSTAGRAM,https://www.instagram.com/cellux.ceiling/?hl=en,Instagram,List,76,1AB11BD57893424EA226135F670197B31B96B861BA05C0C4962AF5BC8D0FBCEE
ven_e15f0e6c5390,INSTAGRAM,https://www.instagram.com/cemtex.id/?hl=en,Instagram,List,77,1AB11BD57893424EA226135F670197B31B96B861BA05C0C4962AF5BC8D0FBCEE
ven_e15f0e6c5390,CATALOG,https://drive.google.com/drive/folders/1_R4aVOMDNU0VPxc1sQUHKiun_rgSrb2v?usp=share_link,Drive/folder katalog,List,77,1AB11BD57893424EA226135F670197B31B96B861BA05C0C4962AF5BC8D0FBCEE
ven_6c51b303a913,WEBSITE,https://www.centralite.co.id/,Website,List,78,1AB11BD57893424EA226135F670197B31B96B861BA05C0C4962AF5BC8D0FBCEE
ven_6c51b303a913,INSTAGRAM,https://www.instagram.com/centralite.official?igsh=MWtzZmkxOWh2anBwdQ==,Instagram,List,78,1AB11BD57893424EA226135F670197B31B96B861BA05C0C4962AF5BC8D0FBCEE
ven_6c51b303a913,CATALOG,https://www.centralite.co.id/product,Product website/katalog,List,78,1AB11BD57893424EA226135F670197B31B96B861BA05C0C4962AF5BC8D0FBCEE
ven_6c51b303a913,WEBSITE,https://centralite.co.id/,Website,List,79,1AB11BD57893424EA226135F670197B31B96B861BA05C0C4962AF5BC8D0FBCEE
ven_6c51b303a913,INSTAGRAM,https://www.instagram.com/centralite.official/?hl=en,Instagram,List,79,1AB11BD57893424EA226135F670197B31B96B861BA05C0C4962AF5BC8D0FBCEE
ven_6c51b303a913,CATALOG,https://drive.google.com/drive/u/0/folders/1v4f_EQ9VIYXVFyb3WSmN-Q4Mr3_Oq2_m?sort=13&direction=a,Drive/folder katalog,List,79,1AB11BD57893424EA226135F670197B31B96B861BA05C0C4962AF5BC8D0FBCEE
ven_329cf5a75892,WEBSITE,https://www.flooringkayu.com/,Website,List,80,1AB11BD57893424EA226135F670197B31B96B861BA05C0C4962AF5BC8D0FBCEE
ven_329cf5a75892,INSTAGRAM,https://www.instagram.com/christwood/,Instagram,List,80,1AB11BD57893424EA226135F670197B31B96B861BA05C0C4962AF5BC8D0FBCEE
ven_329cf5a75892,CATALOG,https://drive.google.com/file/d/1ITuMplF88CS5686nGcSSnZJFQJwtdGv6/view,Drive/folder katalog,List,80,1AB11BD57893424EA226135F670197B31B96B861BA05C0C4962AF5BC8D0FBCEE
ven_07dec2e349b4,WEBSITE,https://chromaasia.com/,Website,List,81,1AB11BD57893424EA226135F670197B31B96B861BA05C0C4962AF5BC8D0FBCEE
ven_07dec2e349b4,INSTAGRAM,https://www.instagram.com/coloursofchroma/,Instagram,List,81,1AB11BD57893424EA226135F670197B31B96B861BA05C0C4962AF5BC8D0FBCEE
ven_07dec2e349b4,CATALOG,https://chromaasia.com/catalog,Product website/katalog,List,81,1AB11BD57893424EA226135F670197B31B96B861BA05C0C4962AF5BC8D0FBCEE
ven_07dec2e349b4,CATALOG,https://chromaasia.com/nappa-neuwall,Product website/katalog,List,81,1AB11BD57893424EA226135F670197B31B96B861BA05C0C4962AF5BC8D0FBCEE
ven_07dec2e349b4,CATALOG,https://chromaasia.com/sabbia-neuwall,Product website/katalog,List,81,1AB11BD57893424EA226135F670197B31B96B861BA05C0C4962AF5BC8D0FBCEE
ven_07dec2e349b4,CATALOG,https://chromaasia.com/seta8-neuwall,Product website/katalog,List,81,1AB11BD57893424EA226135F670197B31B96B861BA05C0C4962AF5BC8D0FBCEE
ven_438d88760954,WEBSITE,https://ciptasemula.com/,Website,List,82,1AB11BD57893424EA226135F670197B31B96B861BA05C0C4962AF5BC8D0FBCEE
ven_438d88760954,INSTAGRAM,https://www.instagram.com/cs_laminates/?hl=en,Instagram,List,82,1AB11BD57893424EA226135F670197B31B96B861BA05C0C4962AF5BC8D0FBCEE
ven_438d88760954,CATALOG,https://ciptasemula.com/shop/,Product website/katalog,List,82,1AB11BD57893424EA226135F670197B31B96B861BA05C0C4962AF5BC8D0FBCEE
ven_438d88760954,CATALOG,https://ciptasemula.com/download-e-catalog/,Product website/katalog,List,82,1AB11BD57893424EA226135F670197B31B96B861BA05C0C4962AF5BC8D0FBCEE
ven_8b3a5104d47e,WEBSITE,https://citatah.co.id/,Website,List,83;84;85;86;87;88,1AB11BD57893424EA226135F670197B31B96B861BA05C0C4962AF5BC8D0FBCEE
ven_8b3a5104d47e,INSTAGRAM,https://www.instagram.com/citatah.official/,Instagram,List,83;84;85;86;87;88,1AB11BD57893424EA226135F670197B31B96B861BA05C0C4962AF5BC8D0FBCEE
ven_8b3a5104d47e,CATALOG,https://drive.google.com/drive/folders/1gS8uQ2Nt7clVWiYNV4XlrLYyV-9ahErd?usp=drive_link,Drive/folder katalog,List,83;84;85;86;87;88,1AB11BD57893424EA226135F670197B31B96B861BA05C0C4962AF5BC8D0FBCEE
ven_65d80bb3afbe,WEBSITE,https://clayxible.com/stone/,Website,List,89,1AB11BD57893424EA226135F670197B31B96B861BA05C0C4962AF5BC8D0FBCEE
ven_65d80bb3afbe,INSTAGRAM,https://www.instagram.com/clayxible.id/,Instagram,List,89,1AB11BD57893424EA226135F670197B31B96B861BA05C0C4962AF5BC8D0FBCEE
ven_65d80bb3afbe,CATALOG,https://drive.google.com/drive/folders/1qy6Mkh9xx-gzFK4oU28LifAK2WDtiKtN?usp=drive_link,Drive/folder katalog,List,89,1AB11BD57893424EA226135F670197B31B96B861BA05C0C4962AF5BC8D0FBCEE
ven_3d51c76427a1,WEBSITE,https://www.colortek.eu/,Website,List,90,1AB11BD57893424EA226135F670197B31B96B861BA05C0C4962AF5BC8D0FBCEE
ven_3d51c76427a1,INSTAGRAM,https://www.instagram.com/colortek.indonesia/,Instagram,List,90,1AB11BD57893424EA226135F670197B31B96B861BA05C0C4962AF5BC8D0FBCEE
ven_7c714208a17a,WEBSITE,https://chromaasia.com/?fbclid=PAZnRzaAN1W8FleHRuA2FlbQIxMQABpzzceyb03ZrRWK_tGAu2x90GBe6VGt8TwsXiQkwZYiuruIZ96pb-fxS_xKQI_aem_c-ZODoVJlO1d6JXo-ib3fg,Website,List,91,1AB11BD57893424EA226135F670197B31B96B861BA05C0C4962AF5BC8D0FBCEE
ven_7c714208a17a,INSTAGRAM,https://www.instagram.com/coloursofchroma/?hl=en,Instagram,List,91,1AB11BD57893424EA226135F670197B31B96B861BA05C0C4962AF5BC8D0FBCEE
ven_8d5352e3e11a,WEBSITE,https://cordialels.com,Website,List,92,1AB11BD57893424EA226135F670197B31B96B861BA05C0C4962AF5BC8D0FBCEE
ven_8d5352e3e11a,INSTAGRAM,https://www.instagram.com/accounts/login/?next=%2Fcordial_idn%2F&source=omni_redirect&hl=en,Instagram,List,92,1AB11BD57893424EA226135F670197B31B96B861BA05C0C4962AF5BC8D0FBCEE
ven_8d5352e3e11a,CATALOG,https://sites.google.com/cordialels.com/cordial/cordial,Product website/katalog,List,92,1AB11BD57893424EA226135F670197B31B96B861BA05C0C4962AF5BC8D0FBCEE
ven_8d5352e3e11a,CATALOG,https://sites.google.com/cordialels.com/cordial/fursys,Product website/katalog,List,92,1AB11BD57893424EA226135F670197B31B96B861BA05C0C4962AF5BC8D0FBCEE
ven_8d5352e3e11a,CATALOG,https://sites.google.com/cordialels.com/cordial/artmatrix,Product website/katalog,List,92,1AB11BD57893424EA226135F670197B31B96B861BA05C0C4962AF5BC8D0FBCEE
ven_08475a7b7041,WEBSITE,https://cla.asia/,Website,List,93,1AB11BD57893424EA226135F670197B31B96B861BA05C0C4962AF5BC8D0FBCEE
ven_08475a7b7041,INSTAGRAM,https://www.instagram.com/creativelightingasia/?hl=en,Instagram,List,93,1AB11BD57893424EA226135F670197B31B96B861BA05C0C4962AF5BC8D0FBCEE
ven_ac78a71c6338,WEBSITE,https://msha.ke/creaturadekorasi?fbclid=PAZnRzaAN1XZ5leHRuA2FlbQIxMQABp3EAp7L1B0rXjp4TSkOzQ82se0XzKcpIAYWG_V-dubzUD_H02X0eE8JFMq6i_aem_LxF8tfN1cJidOEBtpJ21Og,Website,List,94,1AB11BD57893424EA226135F670197B31B96B861BA05C0C4962AF5BC8D0FBCEE
ven_ac78a71c6338,INSTAGRAM,https://www.instagram.com/creaturadekorasi.id/?hl=en,Instagram,List,94,1AB11BD57893424EA226135F670197B31B96B861BA05C0C4962AF5BC8D0FBCEE
ven_9b9673f7e54b,WEBSITE,https://www.csl-leather.com/,Website,List,95;96,1AB11BD57893424EA226135F670197B31B96B861BA05C0C4962AF5BC8D0FBCEE
ven_9b9673f7e54b,INSTAGRAM,https://www.instagram.com/lederhaus_id/,Instagram,List,95;96,1AB11BD57893424EA226135F670197B31B96B861BA05C0C4962AF5BC8D0FBCEE
ven_9b9673f7e54b,CATALOG,https://leder-haus.com/synthetic-leather,Product website/katalog,List,95,1AB11BD57893424EA226135F670197B31B96B861BA05C0C4962AF5BC8D0FBCEE
ven_9b9673f7e54b,CATALOG,https://online.fliphtml5.com/zueke/ywuj/#p=1,Product website/katalog,List,95,1AB11BD57893424EA226135F670197B31B96B861BA05C0C4962AF5BC8D0FBCEE
ven_9b9673f7e54b,CATALOG,https://online.fliphtml5.com/zueke/awqc/#p=1,Product website/katalog,List,96,1AB11BD57893424EA226135F670197B31B96B861BA05C0C4962AF5BC8D0FBCEE
ven_9b9673f7e54b,CATALOG,https://online.fliphtml5.com/zueke/azke/#p=1,Product website/katalog,List,96,1AB11BD57893424EA226135F670197B31B96B861BA05C0C4962AF5BC8D0FBCEE
ven_9b9673f7e54b,CATALOG,https://online.fliphtml5.com/zueke/glbm/#p=1,Product website/katalog,List,96,1AB11BD57893424EA226135F670197B31B96B861BA05C0C4962AF5BC8D0FBCEE
ven_e4065125debd,WEBSITE,https://grasada.com/contact.html,Website,List,97,1AB11BD57893424EA226135F670197B31B96B861BA05C0C4962AF5BC8D0FBCEE
ven_e4065125debd,CATALOG,https://grasada.com/materials.html,Product website/katalog,List,97,1AB11BD57893424EA226135F670197B31B96B861BA05C0C4962AF5BC8D0FBCEE
ven_bb6f5dd0a1d0,WEBSITE,https://dastormart.com,Website,List,98,1AB11BD57893424EA226135F670197B31B96B861BA05C0C4962AF5BC8D0FBCEE
ven_bb6f5dd0a1d0,INSTAGRAM,https://www.instagram.com/dastorindonesia/?hl=en,Instagram,List,98,1AB11BD57893424EA226135F670197B31B96B861BA05C0C4962AF5BC8D0FBCEE
ven_bb6f5dd0a1d0,CATALOG,https://drive.google.com/drive/u/0/folders/14BugIjhBamkAS0ZosD5KJE2Eeghycmh8,Drive/folder katalog,List,98,1AB11BD57893424EA226135F670197B31B96B861BA05C0C4962AF5BC8D0FBCEE
ven_34fa1da2ea67,INSTAGRAM,https://www.instagram.com/deepa.lighting/,Instagram,List,99,1AB11BD57893424EA226135F670197B31B96B861BA05C0C4962AF5BC8D0FBCEE
ven_d5618dc78a72,INSTAGRAM,https://www.instagram.com/dekasistemi.id/?hl=en,Instagram,List,100,1AB11BD57893424EA226135F670197B31B96B861BA05C0C4962AF5BC8D0FBCEE
ven_166451aae1e0,WEBSITE,https://www.dekkson.com/,Website,List,101;102;103;104,1AB11BD57893424EA226135F670197B31B96B861BA05C0C4962AF5BC8D0FBCEE
ven_166451aae1e0,INSTAGRAM,https://www.instagram.com/dekkson_official/,Instagram,List,101;102;103;104,1AB11BD57893424EA226135F670197B31B96B861BA05C0C4962AF5BC8D0FBCEE
ven_166451aae1e0,CATALOG,https://dekkson.com/home/brochures,Product website/katalog,List,101;102;103;104,1AB11BD57893424EA226135F670197B31B96B861BA05C0C4962AF5BC8D0FBCEE
ven_166451aae1e0,CATALOG,https://drive.google.com/drive/folders/1_QawTQrl3rYcjLkZi35eSLf4wCMzWMgG?usp=drive_link,Drive/folder katalog,List,101;102;103;104,1AB11BD57893424EA226135F670197B31B96B861BA05C0C4962AF5BC8D0FBCEE
ven_aa2f10b811c1,WEBSITE,https://delica.co.id,Website,List,105,1AB11BD57893424EA226135F670197B31B96B861BA05C0C4962AF5BC8D0FBCEE
ven_aa2f10b811c1,INSTAGRAM,https://www.instagram.com/delica_aluminium/?hl=en,Instagram,List,105,1AB11BD57893424EA226135F670197B31B96B861BA05C0C4962AF5BC8D0FBCEE
ven_aa2f10b811c1,CATALOG,https://catalog.delica.co.id,Product website/katalog,List,105,1AB11BD57893424EA226135F670197B31B96B861BA05C0C4962AF5BC8D0FBCEE
ven_aa2f10b811c1,CATALOG,https://drive.google.com/drive/folders/10PbHLVNwgNe-eUq94V4e7Obwic1s08Yh?usp=drive_link,Drive/folder katalog,List,105,1AB11BD57893424EA226135F670197B31B96B861BA05C0C4962AF5BC8D0FBCEE
ven_7e89e4e5822e,WEBSITE,https://www.tarkett-asia.com/en_RA/brand/desso,Website,List,106,1AB11BD57893424EA226135F670197B31B96B861BA05C0C4962AF5BC8D0FBCEE
ven_7e89e4e5822e,INSTAGRAM,https://www.instagram.com/tarkettofficial/,Instagram,List,106,1AB11BD57893424EA226135F670197B31B96B861BA05C0C4962AF5BC8D0FBCEE
ven_a8f855fdd87d,WEBSITE,https://www.dextronteknologi.com/?fbclid=PAZXh0bgNhZW0CMTEAAaZL9soPm7fY7hr7UxBD1UD3rno_-TDYYRHojP3Zy356VUZCE45j-nKJfzw_aem_UfCVlzlS7Dggo-qMu-K4uw,Website,List,107,1AB11BD57893424EA226135F670197B31B96B861BA05C0C4962AF5BC8D0FBCEE
ven_a8f855fdd87d,INSTAGRAM,https://www.instagram.com/dextronelektrik/?hl=en,Instagram,List,107,1AB11BD57893424EA226135F670197B31B96B861BA05C0C4962AF5BC8D0FBCEE
ven_a8f855fdd87d,CATALOG,https://www.dextronteknologi.com/download-katalog/,Product website/katalog,List,107,1AB11BD57893424EA226135F670197B31B96B861BA05C0C4962AF5BC8D0FBCEE
ven_683e9fe8a233,INSTAGRAM,https://www.instagram.com/dhcasa/?hl=en,Instagram,List,108,1AB11BD57893424EA226135F670197B31B96B861BA05C0C4962AF5BC8D0FBCEE
ven_683e9fe8a233,CATALOG,https://drive.google.com/drive/folders/1w3ns2wp_85cDNj5jopXXzfrAtuBPqSrv,Product website/katalog,List,108,1AB11BD57893424EA226135F670197B31B96B861BA05C0C4962AF5BC8D0FBCEE
ven_683e9fe8a233,CATALOG,https://drive.google.com/drive/folders/1jYPrIvKRXcWws_Hk34FPYSOmA_0JGePX,Drive/folder katalog,List,108,1AB11BD57893424EA226135F670197B31B96B861BA05C0C4962AF5BC8D0FBCEE
ven_06e29c005cf2,INSTAGRAM,https://www.instagram.com/diva.furniturejepara/?hl=en,Instagram,List,109,1AB11BD57893424EA226135F670197B31B96B861BA05C0C4962AF5BC8D0FBCEE
ven_9a9b5d81b7c0,WEBSITE,https://diversoart.com,Website,List,110;111,1AB11BD57893424EA226135F670197B31B96B861BA05C0C4962AF5BC8D0FBCEE
ven_9a9b5d81b7c0,INSTAGRAM,https://www.instagram.com/diverso.art/,Instagram,List,110;111,1AB11BD57893424EA226135F670197B31B96B861BA05C0C4962AF5BC8D0FBCEE
ven_ca4db976fdeb,WEBSITE,https://www.djalin.com/,Website,List,112,1AB11BD57893424EA226135F670197B31B96B861BA05C0C4962AF5BC8D0FBCEE
ven_ca4db976fdeb,INSTAGRAM,https://www.instagram.com/djalindesign/?hl=en,Instagram,List,112,1AB11BD57893424EA226135F670197B31B96B861BA05C0C4962AF5BC8D0FBCEE
ven_ca4db976fdeb,CATALOG,https://drive.google.com/drive/folders/1NzZnXo7iB_gM3A0aDDIIVSQZmi_Xnsc3?usp=drive_link,Drive/folder katalog,List,112,1AB11BD57893424EA226135F670197B31B96B861BA05C0C4962AF5BC8D0FBCEE
ven_17d6ea7fcaba,INSTAGRAM,https://www.instagram.com/doorhandle.id/?hl=en,Instagram,List,113,1AB11BD57893424EA226135F670197B31B96B861BA05C0C4962AF5BC8D0FBCEE
ven_969bc72c6ee5,WEBSITE,https://bcrpindo.com./,Website,List,114,1AB11BD57893424EA226135F670197B31B96B861BA05C0C4962AF5BC8D0FBCEE
ven_68902a22673b,WEBSITE,https://www.dphaus.co.id/,Website,List,115,1AB11BD57893424EA226135F670197B31B96B861BA05C0C4962AF5BC8D0FBCEE
ven_68902a22673b,INSTAGRAM,https://www.instagram.com/dphausid,Instagram,List,115,1AB11BD57893424EA226135F670197B31B96B861BA05C0C4962AF5BC8D0FBCEE
ven_68902a22673b,CATALOG,https://drive.google.com/file/d/1Pz3EFvC6Y2-wRRg8tpSRCkUcyLX7Vb3m/view,Drive/folder katalog,List,115,1AB11BD57893424EA226135F670197B31B96B861BA05C0C4962AF5BC8D0FBCEE
ven_55002693861a,WEBSITE,https://duma.co.id/,Website,List,116;117,1AB11BD57893424EA226135F670197B31B96B861BA05C0C4962AF5BC8D0FBCEE
ven_55002693861a,INSTAGRAM,https://www.instagram.com/duma.id/?hl=en,Instagram,List,116;117,1AB11BD57893424EA226135F670197B31B96B861BA05C0C4962AF5BC8D0FBCEE
ven_55002693861a,CATALOG,https://duma.co.id/wp-content/uploads/2023/09/DUMA-DECK-BROCHURE.pdf,Product website/katalog,List,116,1AB11BD57893424EA226135F670197B31B96B861BA05C0C4962AF5BC8D0FBCEE
ven_55002693861a,CATALOG,https://duma.co.id/wp-content/uploads/2023/07/DUMA-PANEL-BROCHURE.pdf,Product website/katalog,List,117,1AB11BD57893424EA226135F670197B31B96B861BA05C0C4962AF5BC8D0FBCEE
ven_55002693861a,CATALOG,https://duma.co.id/wp-content/uploads/2023/09/DUMA-XTC-BROCHURE.pdf,Product website/katalog,List,117,1AB11BD57893424EA226135F670197B31B96B861BA05C0C4962AF5BC8D0FBCEE
ven_55002693861a,CATALOG,https://duma.co.id/wp-content/uploads/2023/09/DUMA-LISPLANK-BROCHURE.pdf,Product website/katalog,List,117,1AB11BD57893424EA226135F670197B31B96B861BA05C0C4962AF5BC8D0FBCEE
ven_bc70ffa782c1,WEBSITE,https://ecourban.id,Website,List,118,1AB11BD57893424EA226135F670197B31B96B861BA05C0C4962AF5BC8D0FBCEE
ven_bc70ffa782c1,INSTAGRAM,https://www.instagram.com/ecourban.id/?hl=en,Instagram,List,118,1AB11BD57893424EA226135F670197B31B96B861BA05C0C4962AF5BC8D0FBCEE
ven_bc70ffa782c1,CATALOG,https://ecourban.id/pages/solid-color-series,Product website/katalog,List,118,1AB11BD57893424EA226135F670197B31B96B861BA05C0C4962AF5BC8D0FBCEE
ven_bc70ffa782c1,CATALOG,https://ecourban.id/pages/wood-grain-series,Product website/katalog,List,118,1AB11BD57893424EA226135F670197B31B96B861BA05C0C4962AF5BC8D0FBCEE
ven_bc70ffa782c1,CATALOG,https://ecourban.id/pages/cloth-pattern-series,Product website/katalog,List,118,1AB11BD57893424EA226135F670197B31B96B861BA05C0C4962AF5BC8D0FBCEE
ven_bc70ffa782c1,CATALOG,https://ecourban.id/pages/marble-stone-series,Product website/katalog,List,118,1AB11BD57893424EA226135F670197B31B96B861BA05C0C4962AF5BC8D0FBCEE
ven_a8a649ce5f7b,WEBSITE,https://www.edleuro.com/,Website,List,119,1AB11BD57893424EA226135F670197B31B96B861BA05C0C4962AF5BC8D0FBCEE
ven_a8a649ce5f7b,INSTAGRAM,https://www.instagram.com/edl_laminates?igsh=cGY2ZncxNHRqdzZ5,Instagram,List,119,1AB11BD57893424EA226135F670197B31B96B861BA05C0C4962AF5BC8D0FBCEE
ven_a8a649ce5f7b,CATALOG,https://www.edleuro.com/materials/laminates/solid/,Product website/katalog,List,119,1AB11BD57893424EA226135F670197B31B96B861BA05C0C4962AF5BC8D0FBCEE
ven_a8a649ce5f7b,CATALOG,https://www.edleuro.com/materials/laminates/wood/,Product website/katalog,List,119,1AB11BD57893424EA226135F670197B31B96B861BA05C0C4962AF5BC8D0FBCEE
ven_9c83d6361566,WEBSITE,https://www.elcacorp.com/,Website,List,120,1AB11BD57893424EA226135F670197B31B96B861BA05C0C4962AF5BC8D0FBCEE
ven_9c83d6361566,INSTAGRAM,https://www.instagram.com/elcalighting/,Instagram,List,120,1AB11BD57893424EA226135F670197B31B96B861BA05C0C4962AF5BC8D0FBCEE
ven_9c83d6361566,CATALOG,https://www.elcacorp.com/products/,Product website/katalog,List,120,1AB11BD57893424EA226135F670197B31B96B861BA05C0C4962AF5BC8D0FBCEE
ven_9c83d6361566,CATALOG,https://drive.google.com/drive/folders/1RDPp-UGZl1cF6IQNebqeYmygmGs6Y0lg?usp=share_link,Drive/folder katalog,List,120,1AB11BD57893424EA226135F670197B31B96B861BA05C0C4962AF5BC8D0FBCEE
ven_ad6cf204686c,WEBSITE,https://www.eleganzaindonesia.com,Website,List,121,1AB11BD57893424EA226135F670197B31B96B861BA05C0C4962AF5BC8D0FBCEE
ven_ad6cf204686c,CATALOG,https://www.eleganzaindonesia.com/products?general_application_id=&design_id=&color_id=&size_id=&surface_id=&search=,Product website/katalog,List,121,1AB11BD57893424EA226135F670197B31B96B861BA05C0C4962AF5BC8D0FBCEE
ven_ad6cf204686c,CATALOG,https://drive.google.com/file/d/1Oc6Hv_MU2K8qhoqZZIJUXAsjXqjcSzVN/view?usp=drivesdk,Drive/folder katalog,List,121,1AB11BD57893424EA226135F670197B31B96B861BA05C0C4962AF5BC8D0FBCEE
ven_ed39aaf0ca39,WEBSITE,https://eliteartglass.co.id,Website,List,122,1AB11BD57893424EA226135F670197B31B96B861BA05C0C4962AF5BC8D0FBCEE
ven_ed39aaf0ca39,INSTAGRAM,https://www.instagram.com/eliteartglass?igsh=MTZiamppMnV3dTc3NA==,Instagram,List,122,1AB11BD57893424EA226135F670197B31B96B861BA05C0C4962AF5BC8D0FBCEE
ven_ed39aaf0ca39,CATALOG,https://drive.google.com/drive/folders/1Graqg6o0VzbJvt-TdvCjKVGATyjaj8Tf?usp=sharing,Drive/folder katalog,List,122,1AB11BD57893424EA226135F670197B31B96B861BA05C0C4962AF5BC8D0FBCEE
ven_a0198c38063b,WEBSITE,https://ellogrin.id,Website,List,123,1AB11BD57893424EA226135F670197B31B96B861BA05C0C4962AF5BC8D0FBCEE
ven_a0198c38063b,INSTAGRAM,https://www.instagram.com/ellogrin/?hl=en,Instagram,List,123,1AB11BD57893424EA226135F670197B31B96B861BA05C0C4962AF5BC8D0FBCEE
ven_a0198c38063b,CATALOG,https://ellogrin.id/wp-content/uploads/2025/09/ELLOGRIN-Catalog.pdf,Product website/katalog,List,123,1AB11BD57893424EA226135F670197B31B96B861BA05C0C4962AF5BC8D0FBCEE
ven_a0198c38063b,CATALOG,https://ellogrin.id/products/,Product website/katalog,List,123,1AB11BD57893424EA226135F670197B31B96B861BA05C0C4962AF5BC8D0FBCEE
ven_9a4670f03f8a,WEBSITE,https://europeenchanting.com/,Website,List,124,1AB11BD57893424EA226135F670197B31B96B861BA05C0C4962AF5BC8D0FBCEE
ven_9a4670f03f8a,INSTAGRAM,https://www.instagram.com/europe_enchanting,Instagram,List,124,1AB11BD57893424EA226135F670197B31B96B861BA05C0C4962AF5BC8D0FBCEE
ven_9a4670f03f8a,CATALOG,https://www.tokopedia.com/europeenchanting,Product website/katalog,List,124,1AB11BD57893424EA226135F670197B31B96B861BA05C0C4962AF5BC8D0FBCEE
ven_9a4670f03f8a,CATALOG,https://drive.google.com/file/d/17Qj-cvTKP25zFmJxwbPm6fGciA7HDxQR/view,Drive/folder katalog,List,124,1AB11BD57893424EA226135F670197B31B96B861BA05C0C4962AF5BC8D0FBCEE
ven_a0da361379a2,WEBSITE,https://www.envirocraft.co.id,Website,List,125,1AB11BD57893424EA226135F670197B31B96B861BA05C0C4962AF5BC8D0FBCEE
ven_a0da361379a2,INSTAGRAM,https://www.instagram.com/enviro.craft/,Instagram,List,125,1AB11BD57893424EA226135F670197B31B96B861BA05C0C4962AF5BC8D0FBCEE
ven_a0da361379a2,CATALOG,https://www.envirocraft.co.id/collections,Product website/katalog,List,125,1AB11BD57893424EA226135F670197B31B96B861BA05C0C4962AF5BC8D0FBCEE
ven_a0da361379a2,CATALOG,https://drive.google.com/drive/folders/1VT4FPeI6F5DDq8UzOmDc9fVMjePoyaNZ?usp=drive_link,Drive/folder katalog,List,125,1AB11BD57893424EA226135F670197B31B96B861BA05C0C4962AF5BC8D0FBCEE
ven_9c0000bf2ce6,WEBSITE,https://esticainternational.com/,Website,List,126,1AB11BD57893424EA226135F670197B31B96B861BA05C0C4962AF5BC8D0FBCEE
ven_9c0000bf2ce6,INSTAGRAM,https://www.instagram.com/accounts/login/?next=%2Festica.international%2F&source=omni_redirect,Instagram,List,126,1AB11BD57893424EA226135F670197B31B96B861BA05C0C4962AF5BC8D0FBCEE
ven_9c0000bf2ce6,CATALOG,https://drive.google.com/file/d/14YG1seVQsDgiT1KRxx63CW60ne-dxry-/view?usp=drivesdk,Product website/katalog,List,126,1AB11BD57893424EA226135F670197B31B96B861BA05C0C4962AF5BC8D0FBCEE
ven_9c0000bf2ce6,CATALOG,https://drive.google.com/file/d/12XNgaPsm-MWCEYF4JoB1Vo1D9U_CdAtF/view?usp=drivesdk,Drive/folder katalog,List,126,1AB11BD57893424EA226135F670197B31B96B861BA05C0C4962AF5BC8D0FBCEE
ven_7986297c322d,WEBSITE,https://eternacubicletoilet.com/,Website,List,127,1AB11BD57893424EA226135F670197B31B96B861BA05C0C4962AF5BC8D0FBCEE
ven_7986297c322d,INSTAGRAM,https://www.instagram.com/cubicletoilet.id?igsh=NDY0cmxqZ3p6dWwy,Instagram,List,127,1AB11BD57893424EA226135F670197B31B96B861BA05C0C4962AF5BC8D0FBCEE
ven_7986297c322d,CATALOG,https://drive.google.com/drive/folders/1nPRgIAHKxRkK9rTx8ICboA_bA7Xc6WbK?usp=sharing,Drive/folder katalog,List,127,1AB11BD57893424EA226135F670197B31B96B861BA05C0C4962AF5BC8D0FBCEE
ven_0de6ff1bdb5e,WEBSITE,https://www.tokopedia.com/elkoindonesia,Website,List,128,1AB11BD57893424EA226135F670197B31B96B861BA05C0C4962AF5BC8D0FBCEE
ven_0de6ff1bdb5e,INSTAGRAM,https://www.instagram.com/etivo.indonesia?igsh=MXdtemxmMXZ4OXBybQ==,Instagram,List,128,1AB11BD57893424EA226135F670197B31B96B861BA05C0C4962AF5BC8D0FBCEE
ven_0de6ff1bdb5e,CATALOG,https://drive.google.com/file/d/1W7QpTPHNVeXlJL9oOvPXvtDiESq_-Kcc/view,Drive/folder katalog,List,128,1AB11BD57893424EA226135F670197B31B96B861BA05C0C4962AF5BC8D0FBCEE
ven_d9dda9d154b8,WEBSITE,https://evergreentrees.asia/,Website,List,129,1AB11BD57893424EA226135F670197B31B96B861BA05C0C4962AF5BC8D0FBCEE
ven_d9dda9d154b8,INSTAGRAM,https://www.instagram.com/evergreentrees_jkt/,Instagram,List,129,1AB11BD57893424EA226135F670197B31B96B861BA05C0C4962AF5BC8D0FBCEE
ven_d9dda9d154b8,CATALOG,https://drive.google.com/drive/folders/1pOsdmNxhnz-s1wqGmfoqA51yCHC_vWLN?usp=share_link,Product website/katalog,List,129,1AB11BD57893424EA226135F670197B31B96B861BA05C0C4962AF5BC8D0FBCEE
ven_66a424a9a958,WEBSITE,https://www.everycollections.com/,Website,List,130,1AB11BD57893424EA226135F670197B31B96B861BA05C0C4962AF5BC8D0FBCEE
ven_66a424a9a958,INSTAGRAM,https://www.instagram.com/every.collections/,Instagram,List,130,1AB11BD57893424EA226135F670197B31B96B861BA05C0C4962AF5BC8D0FBCEE
ven_66a424a9a958,CATALOG,https://drive.google.com/drive/folders/183nsxxeGbvhShBZ4bkwp4Kf-kb-UhOr0?usp=drive_link,Drive/folder katalog,List,130,1AB11BD57893424EA226135F670197B31B96B861BA05C0C4962AF5BC8D0FBCEE
ven_78df057b8002,WEBSITE,https://exposeconcrete.com/,Website,List,131,1AB11BD57893424EA226135F670197B31B96B861BA05C0C4962AF5BC8D0FBCEE
ven_78df057b8002,INSTAGRAM,https://www.instagram.com/xpose.indonesia/?hl=en,Instagram,List,131,1AB11BD57893424EA226135F670197B31B96B861BA05C0C4962AF5BC8D0FBCEE
ven_78df057b8002,CATALOG,https://drive.google.com/drive/folders/1uma1VxICRrluA6QR4LGx83uuY8eOEpef?usp=drive_link,Drive/folder katalog,List,131,1AB11BD57893424EA226135F670197B31B96B861BA05C0C4962AF5BC8D0FBCEE
ven_a4503cde645f,WEBSITE,https://fabrica.id/,Website,List,132,1AB11BD57893424EA226135F670197B31B96B861BA05C0C4962AF5BC8D0FBCEE
ven_a4503cde645f,INSTAGRAM,https://www.instagram.com/fabricaindonesia,Instagram,List,132,1AB11BD57893424EA226135F670197B31B96B861BA05C0C4962AF5BC8D0FBCEE
ven_f615ca4de3e8,WEBSITE,https://fenstela.co.id/lift-and-slide/,Website,List,133,1AB11BD57893424EA226135F670197B31B96B861BA05C0C4962AF5BC8D0FBCEE
ven_f615ca4de3e8,INSTAGRAM,https://www.instagram.com/fenstela.official,Instagram,List,133,1AB11BD57893424EA226135F670197B31B96B861BA05C0C4962AF5BC8D0FBCEE
ven_f615ca4de3e8,CATALOG,https://fenstela.co.id/?fbclid=PAZXh0bgNhZW0CMTEAAaYCpIPXMc7rwZVar7yl4aeL25U-StOMIWOZtWyY0SiNL1ddyKtOykTNp8A_aem_oCYpR23FcIEgpzK1wPjG3g,Drive/folder katalog,List,133,1AB11BD57893424EA226135F670197B31B96B861BA05C0C4962AF5BC8D0FBCEE
ven_55ff221ff4b0,WEBSITE,https://besitempa.com/,Website,List,134,1AB11BD57893424EA226135F670197B31B96B861BA05C0C4962AF5BC8D0FBCEE
ven_55ff221ff4b0,INSTAGRAM,https://www.instagram.com/ferrumdesign/,Instagram,List,134,1AB11BD57893424EA226135F670197B31B96B861BA05C0C4962AF5BC8D0FBCEE
ven_55ff221ff4b0,CATALOG,https://besitempa.com/product,Product website/katalog,List,134,1AB11BD57893424EA226135F670197B31B96B861BA05C0C4962AF5BC8D0FBCEE
ven_be8712f7a130,WEBSITE,https://taco.co.id/,Website,List,135,1AB11BD57893424EA226135F670197B31B96B861BA05C0C4962AF5BC8D0FBCEE
ven_be8712f7a130,INSTAGRAM,https://www.instagram.com/fideco.id/,Instagram,List,135,1AB11BD57893424EA226135F670197B31B96B861BA05C0C4962AF5BC8D0FBCEE
ven_0caad04c6b09,WEBSITE,https://www.fio.co.id/,Website,List,136,1AB11BD57893424EA226135F670197B31B96B861BA05C0C4962AF5BC8D0FBCEE
ven_0caad04c6b09,INSTAGRAM,https://www.instagram.com/fiocarpet/?hl=en,Instagram,List,136,1AB11BD57893424EA226135F670197B31B96B861BA05C0C4962AF5BC8D0FBCEE
ven_0caad04c6b09,CATALOG,https://drive.google.com/drive/folders/1bcN1objs3HkHbk9-qay78reiSujjlJNA?usp=drive_link,Drive/folder katalog,List,136,1AB11BD57893424EA226135F670197B31B96B861BA05C0C4962AF5BC8D0FBCEE
ven_62dd0db411ef,WEBSITE,https://www.fobuma.com,Website,List,137,1AB11BD57893424EA226135F670197B31B96B861BA05C0C4962AF5BC8D0FBCEE
ven_62dd0db411ef,INSTAGRAM,https://www.instagram.com/fobuma,Instagram,List,137,1AB11BD57893424EA226135F670197B31B96B861BA05C0C4962AF5BC8D0FBCEE
ven_cbe7bf39c3eb,WEBSITE,https://linktr.ee/paperyarn,Website,List,138,1AB11BD57893424EA226135F670197B31B96B861BA05C0C4962AF5BC8D0FBCEE
ven_cbe7bf39c3eb,INSTAGRAM,https://www.instagram.com/paperyarn_id,Instagram,List,138,1AB11BD57893424EA226135F670197B31B96B861BA05C0C4962AF5BC8D0FBCEE
ven_cbe7bf39c3eb,CATALOG,https://drive.google.com/drive/folders/1bMRkYEmpiBUL5x70Wts2sQP6Kdrp8HgP?usp=drive_link,Drive/folder katalog,List,138,1AB11BD57893424EA226135F670197B31B96B861BA05C0C4962AF5BC8D0FBCEE
ven_2c4062e4ecc5,WEBSITE,https://www.forluxe.co.id/,Website,List,139,1AB11BD57893424EA226135F670197B31B96B861BA05C0C4962AF5BC8D0FBCEE
ven_2c4062e4ecc5,INSTAGRAM,https://www.instagram.com/forluxe.wps/,Instagram,List,139,1AB11BD57893424EA226135F670197B31B96B861BA05C0C4962AF5BC8D0FBCEE
ven_2c4062e4ecc5,CATALOG,https://drive.google.com/drive/folders/1xK-buiFyhz51YmM42ztDNcAoO-LvHM7L?usp=drive_link,Drive/folder katalog,List,139,1AB11BD57893424EA226135F670197B31B96B861BA05C0C4962AF5BC8D0FBCEE
ven_ea6b819f4338,WEBSITE,https://myforme.com,Website,List,140,1AB11BD57893424EA226135F670197B31B96B861BA05C0C4962AF5BC8D0FBCEE
ven_ea6b819f4338,INSTAGRAM,https://www.instagram.com/formefurniture/?hl=en,Instagram,List,140,1AB11BD57893424EA226135F670197B31B96B861BA05C0C4962AF5BC8D0FBCEE
ven_ea6b819f4338,CATALOG,https://drive.google.com/file/d/1Iw414pY6yZd9Q804KF93wjF6ECARamOG/view,Drive/folder katalog,List,140,1AB11BD57893424EA226135F670197B31B96B861BA05C0C4962AF5BC8D0FBCEE
ven_ea6b819f4338,CATALOG,https://drive.google.com/file/d/1EURYHJ7RcQoIkcFhgIRWiyiQjOxb6QKu/view,Drive/folder katalog,List,140,1AB11BD57893424EA226135F670197B31B96B861BA05C0C4962AF5BC8D0FBCEE
ven_9e8e4c9ce97f,WEBSITE,https://www.formwellproducts.co.id/home,Website,List,141,1AB11BD57893424EA226135F670197B31B96B861BA05C0C4962AF5BC8D0FBCEE
ven_9e8e4c9ce97f,INSTAGRAM,https://www.instagram.com/formwellproduct/,Instagram,List,141,1AB11BD57893424EA226135F670197B31B96B861BA05C0C4962AF5BC8D0FBCEE
ven_9e8e4c9ce97f,CATALOG,https://drive.google.com/drive/folders/1xgk18f2fgNgaSW3rjOjB8ZD_MUBD-2ky?usp=drive_link,Drive/folder katalog,List,141,1AB11BD57893424EA226135F670197B31B96B861BA05C0C4962AF5BC8D0FBCEE
ven_46f323f24d67,WEBSITE,https://www.pintubajafortress.co.id/?fbclid=PAZXh0bgNhZW0CMTEAAaYVtbaIsni2YW1sFDTCwzN2AP4HipbGhrO0yHot7KRjpdOAxjKpxkDSeOw_aem_bRBkwu7l3wDnS4eRHeVERA,Website,List,142,1AB11BD57893424EA226135F670197B31B96B861BA05C0C4962AF5BC8D0FBCEE
ven_46f323f24d67,INSTAGRAM,https://www.instagram.com/pintubajafortress,Instagram,List,142,1AB11BD57893424EA226135F670197B31B96B861BA05C0C4962AF5BC8D0FBCEE
ven_2885d8d02714,INSTAGRAM,https://www.instagram.com/framework.idn/,Instagram,List,143,1AB11BD57893424EA226135F670197B31B96B861BA05C0C4962AF5BC8D0FBCEE
ven_f399f49bdfe7,WEBSITE,https://www.ykkap.co.id/,Website,List,144,1AB11BD57893424EA226135F670197B31B96B861BA05C0C4962AF5BC8D0FBCEE
ven_f399f49bdfe7,INSTAGRAM,https://www.instagram.com/ykkapi_official/,Instagram,List,144,1AB11BD57893424EA226135F670197B31B96B861BA05C0C4962AF5BC8D0FBCEE
ven_f399f49bdfe7,CATALOG,https://online.fliphtml5.com/imiiz/slnv/,Product website/katalog,List,144,1AB11BD57893424EA226135F670197B31B96B861BA05C0C4962AF5BC8D0FBCEE
ven_c3395305be81,INSTAGRAM,https://www.instagram.com/futexture/?hl=en,Instagram,List,145,1AB11BD57893424EA226135F670197B31B96B861BA05C0C4962AF5BC8D0FBCEE
ven_9396976be66f,WEBSITE,https://fusiondesign.id/,Website,List,146;147,1AB11BD57893424EA226135F670197B31B96B861BA05C0C4962AF5BC8D0FBCEE
ven_9396976be66f,INSTAGRAM,https://www.instagram.com/fusion.local?igshid=MzNlNGNkZWQ4Mg%3D%3D,Instagram,List,146;147,1AB11BD57893424EA226135F670197B31B96B861BA05C0C4962AF5BC8D0FBCEE
ven_9396976be66f,CATALOG,https://drive.google.com/drive/folders/1XCt_kfIj3pPBzK6h-Fm55Wdtze1XNmqA?usp=drive_link,Drive/folder katalog,List,146;147,1AB11BD57893424EA226135F670197B31B96B861BA05C0C4962AF5BC8D0FBCEE
ven_9ca3d53c9c5f,INSTAGRAM,https://www.instagram.com/gaiawallpanel/?hl=en,Instagram,List,148,1AB11BD57893424EA226135F670197B31B96B861BA05C0C4962AF5BC8D0FBCEE
ven_9ca3d53c9c5f,CATALOG,https://drive.google.com/drive/folders/1NiIz0Mpg1zxQGD28sYb1cXk5Am2OGg5s?usp=sharing,Drive/folder katalog,List,148,1AB11BD57893424EA226135F670197B31B96B861BA05C0C4962AF5BC8D0FBCEE
ven_b4bc9db6bb70,INSTAGRAM,https://www.instagram.com/galeri_jati_asli/?hl=en,Instagram,List,149,1AB11BD57893424EA226135F670197B31B96B861BA05C0C4962AF5BC8D0FBCEE
ven_b4bc9db6bb70,INSTAGRAM,https://www.instagram.com/galeri_jati_solo?igsh=djkyYnQwYXg2am1l,Instagram,List,149,1AB11BD57893424EA226135F670197B31B96B861BA05C0C4962AF5BC8D0FBCEE
ven_c9015464958c,WEBSITE,https://galleria.co.id/,Website,List,150,1AB11BD57893424EA226135F670197B31B96B861BA05C0C4962AF5BC8D0FBCEE
ven_c9015464958c,INSTAGRAM,https://www.instagram.com/galleria.idn/,Instagram,List,150,1AB11BD57893424EA226135F670197B31B96B861BA05C0C4962AF5BC8D0FBCEE
ven_deabb7a07608,WEBSITE,https://www.gammapaint.com,Website,List,151,1AB11BD57893424EA226135F670197B31B96B861BA05C0C4962AF5BC8D0FBCEE
ven_deabb7a07608,INSTAGRAM,https://www.instagram.com/gammapaint/?hl=en,Instagram,List,151,1AB11BD57893424EA226135F670197B31B96B861BA05C0C4962AF5BC8D0FBCEE
ven_deabb7a07608,CATALOG,https://drive.google.com/drive/folders/1wKtZiYKqAKM12kLYm1zZy-Y07mLJ14eg?usp=drive_link,Drive/folder katalog,List,151,1AB11BD57893424EA226135F670197B31B96B861BA05C0C4962AF5BC8D0FBCEE
ven_31d7ef19c54d,WEBSITE,https://gatramarmer.net/,Website,List,152;153,1AB11BD57893424EA226135F670197B31B96B861BA05C0C4962AF5BC8D0FBCEE
ven_31d7ef19c54d,INSTAGRAM,https://www.instagram.com/gatramarmer/,Instagram,List,152;153,1AB11BD57893424EA226135F670197B31B96B861BA05C0C4962AF5BC8D0FBCEE
ven_5993c0e0e7de,CATALOG,https://germanybrilliant.com/produk,Product website/katalog,List,154,1AB11BD57893424EA226135F670197B31B96B861BA05C0C4962AF5BC8D0FBCEE
ven_5993c0e0e7de,CATALOG,https://germanybrilliant.com/Katalog/download/14?fbclid=PARlRTSAN1TSJleHRuA2FlbQIxMQABp24aXjceAkc7_JFz6LqWC1Ue-gDE_YEVuIMttL-,Drive/folder katalog,List,154,1AB11BD57893424EA226135F670197B31B96B861BA05C0C4962AF5BC8D0FBCEE
ven_5993c0e0e7de,CATALOG,https://germanybrilliant.com/Katalog/download/12?fbclid=PARlRTSAN1TThleHRuA2FlbQIxMQABp24aXjceAkc7_JFz6LqWC1Ue-gDE_YEVuIMttL-HSxnUodgjaPxKqjp_xg2Z_aem_dyb8o1CzqPBRncG3sobuWQHSxnUodgjaPxKqjp_xg2Z_aem_dyb8o1CzqPBRncG3sobuWQ,Drive/folder katalog,List,154,1AB11BD57893424EA226135F670197B31B96B861BA05C0C4962AF5BC8D0FBCEE
ven_769b752188c5,CATALOG,https://www.tokopedia.com/globalindoperkasa,Product website/katalog,List,155,1AB11BD57893424EA226135F670197B31B96B861BA05C0C4962AF5BC8D0FBCEE
ven_3799141fe212,WEBSITE,https://glorall.id/?utm_source=ig&utm_medium=social&utm_content=link_in_bio&fbclid=PAdGRleAPlX65leHRuA2FlbQIxMQBzcnRjBmFwcF9pZA8xMjQwMjQ1NzQyODc0MTQAAae2OEzVvcOcCEFcqlHS6WIPuHlNofug-8JN5O7iUUfoHq64mmvrTAgaOuLyXA_aem_kX6ZoMTuUn0t-_H6CkkHGw,Website,List,156,1AB11BD57893424EA226135F670197B31B96B861BA05C0C4962AF5BC8D0FBCEE
ven_3799141fe212,INSTAGRAM,https://www.instagram.com/glorall_id?igsh=cDhrNDlmdXltNnZt,Instagram,List,156,1AB11BD57893424EA226135F670197B31B96B861BA05C0C4962AF5BC8D0FBCEE
ven_5e31bd9b2818,INSTAGRAM,https://www.instagram.com/gmr.marble/,Instagram,List,157,1AB11BD57893424EA226135F670197B31B96B861BA05C0C4962AF5BC8D0FBCEE
ven_5e31bd9b2818,CATALOG,https://drive.google.com/drive/folders/1zgaN6uX-aM5wNhceV5ZkWuXSCgS0C0ft,Drive/folder katalog,List,157,1AB11BD57893424EA226135F670197B31B96B861BA05C0C4962AF5BC8D0FBCEE
ven_d05d45d50213,WEBSITE,https://www.grandome.id/?fbclid=PAZXh0bgNhZW0CMTEAAaalKzynfu2HMyZrY6hCYtq1mrdQ_s4j8N0uonklOxI82V_xRz4JM5c_XTI_aem_Fvo2KBs9G1rCEk5hnIvDdQ,Website,List,158,1AB11BD57893424EA226135F670197B31B96B861BA05C0C4962AF5BC8D0FBCEE
ven_d05d45d50213,INSTAGRAM,https://www.instagram.com/grandome_indonesia/?hl=en,Instagram,List,158,1AB11BD57893424EA226135F670197B31B96B861BA05C0C4962AF5BC8D0FBCEE
ven_1ff42278ed14,WEBSITE,https://granito.co.id/id/,Website,List,159,1AB11BD57893424EA226135F670197B31B96B861BA05C0C4962AF5BC8D0FBCEE
ven_1ff42278ed14,INSTAGRAM,https://www.instagram.com/granito_tile/,Instagram,List,159,1AB11BD57893424EA226135F670197B31B96B861BA05C0C4962AF5BC8D0FBCEE
ven_1ff42278ed14,CATALOG,https://granito.co.id/wp-content/uploads/2025/06/Katalog-Granito-The-Perfect-2-Jun-2025-DIGITAL-SHARE-2.pdf,Product website/katalog,List,159,1AB11BD57893424EA226135F670197B31B96B861BA05C0C4962AF5BC8D0FBCEE
ven_1ff42278ed14,CATALOG,https://granito.co.id/wp-content/uploads/2024/09/Flyer-Granito-Stardust-A4-Digital-Share.pdf,Product website/katalog,List,159,1AB11BD57893424EA226135F670197B31B96B861BA05C0C4962AF5BC8D0FBCEE
ven_1ff42278ed14,CATALOG,https://granito.co.id/wp-content/uploads/2025/04/Flyer-Safetech-Delphi-A4-1.pdf,Product website/katalog,List,159,1AB11BD57893424EA226135F670197B31B96B861BA05C0C4962AF5BC8D0FBCEE
ven_1ff42278ed14,CATALOG,https://drive.google.com/drive/folders/1cWSx5ofldhVi8xMlSj9t2lJyAvypFBd6?usp=drive_link,Drive/folder katalog,List,159,1AB11BD57893424EA226135F670197B31B96B861BA05C0C4962AF5BC8D0FBCEE
ven_939258615867,WEBSITE,https://www.ykkap.co.id/,Website,List,160,1AB11BD57893424EA226135F670197B31B96B861BA05C0C4962AF5BC8D0FBCEE
ven_939258615867,INSTAGRAM,https://www.instagram.com/ykkapi_official/,Instagram,List,160,1AB11BD57893424EA226135F670197B31B96B861BA05C0C4962AF5BC8D0FBCEE
ven_939258615867,CATALOG,https://online.fliphtml5.com/imiiz/slnv/,Product website/katalog,List,160,1AB11BD57893424EA226135F670197B31B96B861BA05C0C4962AF5BC8D0FBCEE
ven_2ec8a2d6c77b,WEBSITE,https://www.green-aluminium.com/,Website,List,161,1AB11BD57893424EA226135F670197B31B96B861BA05C0C4962AF5BC8D0FBCEE
ven_2ec8a2d6c77b,INSTAGRAM,https://www.instagram.com/greenaluminium,Instagram,List,161,1AB11BD57893424EA226135F670197B31B96B861BA05C0C4962AF5BC8D0FBCEE
ven_2ec8a2d6c77b,CATALOG,https://drive.google.com/drive/folders/1iwHQg3nO1cCZpI1wTak56vCA3iJjz8Oo?usp=drive_link,Drive/folder katalog,List,161,1AB11BD57893424EA226135F670197B31B96B861BA05C0C4962AF5BC8D0FBCEE
ven_a1ed656e82e1,WEBSITE,https://greenleavescarpet.id,Website,List,162,1AB11BD57893424EA226135F670197B31B96B861BA05C0C4962AF5BC8D0FBCEE
ven_a1ed656e82e1,INSTAGRAM,https://www.instagram.com/greenleaves.carpet/?hl=en,Instagram,List,162,1AB11BD57893424EA226135F670197B31B96B861BA05C0C4962AF5BC8D0FBCEE
ven_59a0a9b4b273,INSTAGRAM,https://www.instagram.com/greenteak.id/,Instagram,List,163;164;165,1AB11BD57893424EA226135F670197B31B96B861BA05C0C4962AF5BC8D0FBCEE
ven_59a0a9b4b273,CATALOG,https://drive.google.com/drive/folders/1XNmAvmK4TmovZrunhuafe8HP_amne9s-?usp=drive_link,Drive/folder katalog,List,163;164;165,1AB11BD57893424EA226135F670197B31B96B861BA05C0C4962AF5BC8D0FBCEE
ven_c00a073f0582,WEBSITE,https://www.milantiles.com/,Website,List,166;167,1AB11BD57893424EA226135F670197B31B96B861BA05C0C4962AF5BC8D0FBCEE
ven_c00a073f0582,INSTAGRAM,https://www.instagram.com/milantiles/,Instagram,List,166;167,1AB11BD57893424EA226135F670197B31B96B861BA05C0C4962AF5BC8D0FBCEE
ven_c00a073f0582,CATALOG,https://drive.google.com/drive/folders/1qVgYn8mlOygarIUvQS0KyxZy9j2U1azX?usp=drive_link,Drive/folder katalog,List,166;167,1AB11BD57893424EA226135F670197B31B96B861BA05C0C4962AF5BC8D0FBCEE
ven_f179f6cc9968,WEBSITE,https://www.habitusconcept.com/,Website,List,168,1AB11BD57893424EA226135F670197B31B96B861BA05C0C4962AF5BC8D0FBCEE
ven_f179f6cc9968,INSTAGRAM,https://www.instagram.com/habitusconcept.official/,Instagram,List,168,1AB11BD57893424EA226135F670197B31B96B861BA05C0C4962AF5BC8D0FBCEE
ven_f179f6cc9968,CATALOG,https://drive.google.com/drive/folders/1Pz5I2zTMjQw4L9PMCbejz38-p-HbgjNC?usp=drive_link,Drive/folder katalog,List,168,1AB11BD57893424EA226135F670197B31B96B861BA05C0C4962AF5BC8D0FBCEE
ven_67187b2a8b9a,INSTAGRAM,https://www.instagram.com/hafeleindonesia/?hl=en,Instagram,List,169,1AB11BD57893424EA226135F670197B31B96B861BA05C0C4962AF5BC8D0FBCEE
ven_67187b2a8b9a,CATALOG,https://drive.google.com/file/d/1dtwMJPzIrxUVzNxJsBYswE2-DkqAl_DX/view?usp=drivesdk,Product website/katalog,List,169,1AB11BD57893424EA226135F670197B31B96B861BA05C0C4962AF5BC8D0FBCEE
ven_67187b2a8b9a,CATALOG,https://drive.google.com/drive/folders/1uM-8rU0jjPKVcAzP4f_rWLshQC2QaiMd,Drive/folder katalog,List,169,1AB11BD57893424EA226135F670197B31B96B861BA05C0C4962AF5BC8D0FBCEE
ven_ec7c23a2ceed,INSTAGRAM,https://www.instagram.com/magishome_/,Instagram,List,170,1AB11BD57893424EA226135F670197B31B96B861BA05C0C4962AF5BC8D0FBCEE
ven_ec7c23a2ceed,CATALOG,https://drive.google.com/drive/folders/1pgCnPTdKt2G9aO3myZnGPMLmWWN6Rrih?usp=drive_link,Drive/folder katalog,List,170,1AB11BD57893424EA226135F670197B31B96B861BA05C0C4962AF5BC8D0FBCEE
ven_c1f76e1cdc6a,WEBSITE,https://harfit.co.id/#,Website,List,171;172;173;174;175;176;177;178;179,1AB11BD57893424EA226135F670197B31B96B861BA05C0C4962AF5BC8D0FBCEE
ven_c1f76e1cdc6a,INSTAGRAM,https://www.instagram.com/harfit_furniturefittings/,Instagram,List,171;172;173;174;175;176;177;178;179,1AB11BD57893424EA226135F670197B31B96B861BA05C0C4962AF5BC8D0FBCEE
ven_c1f76e1cdc6a,CATALOG,https://drive.google.com/drive/folders/16jfx42to-3Xsd7XrVeajNumaq2JK3M_m?usp=drive_link,Drive/folder katalog,List,171;172;173;174;175;176;177;178;179,1AB11BD57893424EA226135F670197B31B96B861BA05C0C4962AF5BC8D0FBCEE
ven_9a5c65e45b2b,WEBSITE,https://highpointoffice.com/,Website,List,180;181,1AB11BD57893424EA226135F670197B31B96B861BA05C0C4962AF5BC8D0FBCEE
ven_9a5c65e45b2b,INSTAGRAM,https://www.instagram.com/highpoint_office/,Instagram,List,180;181,1AB11BD57893424EA226135F670197B31B96B861BA05C0C4962AF5BC8D0FBCEE
ven_9a5c65e45b2b,CATALOG,https://drive.google.com/drive/folders/1qnkVjLTbsMphdboWZP6O6Ey62M_l7ggV?usp=drive_link,Drive/folder katalog,List,180;181;182,1AB11BD57893424EA226135F670197B31B96B861BA05C0C4962AF5BC8D0FBCEE
ven_9a5c65e45b2b,WEBSITE,https://highpointoffice.com/vecho-tkdn/,Website,List,182,1AB11BD57893424EA226135F670197B31B96B861BA05C0C4962AF5BC8D0FBCEE
ven_b06889103703,WEBSITE,http://higoldindonesia.com/,Website,List,183,1AB11BD57893424EA226135F670197B31B96B861BA05C0C4962AF5BC8D0FBCEE
ven_b06889103703,CATALOG,https://gantara.id/product/?fbclid=PAVERFWANIIDZleHRuA2FlbQIxMQABp3wwawd0Mo4gFcFmWBb649nrjas1wDr42oQkvbSxljxSSznVHOZzuRnKcFuv_aem_kE71g4e3Fo9O_z_YwZlvuQ,Product website/katalog,List,183,1AB11BD57893424EA226135F670197B31B96B861BA05C0C4962AF5BC8D0FBCEE
ven_5d5d130af2ea,WEBSITE,https://www.tokopedia.com/cemerlangide,Website,List,184,1AB11BD57893424EA226135F670197B31B96B861BA05C0C4962AF5BC8D0FBCEE
ven_a26ab4c0c0f4,WEBSITE,https://idefabrics.com/about,Website,List,185,1AB11BD57893424EA226135F670197B31B96B861BA05C0C4962AF5BC8D0FBCEE
ven_a26ab4c0c0f4,INSTAGRAM,https://www.instagram.com/idefabrics/?hl=en,Instagram,List,185,1AB11BD57893424EA226135F670197B31B96B861BA05C0C4962AF5BC8D0FBCEE
ven_a26ab4c0c0f4,CATALOG,https://drive.google.com/drive/folders/1LvpNc4AQ-zkhaZZSpSqovWwlYL8-uaFs?usp=drive_link,Drive/folder katalog,List,185,1AB11BD57893424EA226135F670197B31B96B861BA05C0C4962AF5BC8D0FBCEE
ven_131b8fef76fd,INSTAGRAM,https://www.instagram.com/ilumahome/,Instagram,List,186,1AB11BD57893424EA226135F670197B31B96B861BA05C0C4962AF5BC8D0FBCEE
ven_d83e31f2d681,INSTAGRAM,https://www.instagram.com/ilumalighting/,Instagram,List,187,1AB11BD57893424EA226135F670197B31B96B861BA05C0C4962AF5BC8D0FBCEE
ven_8dffa06cd9a2,WEBSITE,https://www.inax.co.id/id/products/ecocarat-plus/,Website,List,188,1AB11BD57893424EA226135F670197B31B96B861BA05C0C4962AF5BC8D0FBCEE
ven_8dffa06cd9a2,INSTAGRAM,https://www.instagram.com/inax.id/,Instagram,List,188;189,1AB11BD57893424EA226135F670197B31B96B861BA05C0C4962AF5BC8D0FBCEE
ven_8dffa06cd9a2,CATALOG,https://drive.google.com/drive/folders/1aEGVAv6bAekrvIUccuNcQbCadoXjNWdx?usp=drive_link,Drive/folder katalog,List,188;189,1AB11BD57893424EA226135F670197B31B96B861BA05C0C4962AF5BC8D0FBCEE
ven_8dffa06cd9a2,WEBSITE,https://www.inax.co.id/id/products/japanese-tile-world/,Website,List,189,1AB11BD57893424EA226135F670197B31B96B861BA05C0C4962AF5BC8D0FBCEE
ven_6715fea65fad,WEBSITE,https://www.indahalam.co.id/?fbclid=PAdGRleANII3dleHRuA2FlbQIxMQABp0jJsdLglA96HC7X0UJMQuPz6lRx3vj_R7QKdipHA4ugKCOWnVkZcEX7bFxn_aem_w4IzuQ_7HJynMSkfYrboEA,Website,List,190,1AB11BD57893424EA226135F670197B31B96B861BA05C0C4962AF5BC8D0FBCEE
ven_6715fea65fad,INSTAGRAM,https://www.instagram.com/indahalamprojek/?locale=en,Instagram,List,190,1AB11BD57893424EA226135F670197B31B96B861BA05C0C4962AF5BC8D0FBCEE
ven_df6cde4db8e1,INSTAGRAM,https://www.instagram.com/indie.furn/,Instagram,List,191,1AB11BD57893424EA226135F670197B31B96B861BA05C0C4962AF5BC8D0FBCEE
ven_a95dcaf2644e,WEBSITE,https://indogress.com/,Website,List,192,1AB11BD57893424EA226135F670197B31B96B861BA05C0C4962AF5BC8D0FBCEE
ven_a95dcaf2644e,INSTAGRAM,https://www.instagram.com/indogress/,Instagram,List,192,1AB11BD57893424EA226135F670197B31B96B861BA05C0C4962AF5BC8D0FBCEE
ven_a95dcaf2644e,CATALOG,https://indogress.com/wp-content/uploads/2023/08/INDOGRESS-Regular-2025.pdf?fbclid=PARlRTSAN1P5tleHRuA2FlbQIxMQABp3Kh615YORhDx7f_6GetQ1TzH1wti3FdP5Q1a2RNuO6vBRi7fpALrY9ULmC6_aem_F73VWGaIrZ_5lQ-6mBAODQ,Product website/katalog,List,192,1AB11BD57893424EA226135F670197B31B96B861BA05C0C4962AF5BC8D0FBCEE
ven_a95dcaf2644e,CATALOG,https://indogress.com/wp-content/uploads/2023/08/INDOGRESS-BIGSlab-2025.pdf?fbclid=PARlRTSAN1P7JleHRuA2FlbQIxMQABp3Kh615YORhDx7f_6GetQ1TzH1wti3FdP5Q1a2RNuO6vBRi7fpALrY9ULmC6_aem_F73VWGaIrZ_5lQ-6mBAODQ,Drive/folder katalog,List,192,1AB11BD57893424EA226135F670197B31B96B861BA05C0C4962AF5BC8D0FBCEE
ven_abc55f73dad5,WEBSITE,https://indospacegroup.com/id/,Website,List,193,1AB11BD57893424EA226135F670197B31B96B861BA05C0C4962AF5BC8D0FBCEE
ven_abc55f73dad5,INSTAGRAM,https://www.instagram.com/indospacegroup/?hl=en,Instagram,List,193,1AB11BD57893424EA226135F670197B31B96B861BA05C0C4962AF5BC8D0FBCEE
ven_abc55f73dad5,CATALOG,https://drive.google.com/drive/u/3/my-drive,Drive/folder katalog,List,193,1AB11BD57893424EA226135F670197B31B96B861BA05C0C4962AF5BC8D0FBCEE
ven_b0fbddb4123c,WEBSITE,https://www.titaniumgranite.com/,Website,List,194,1AB11BD57893424EA226135F670197B31B96B861BA05C0C4962AF5BC8D0FBCEE
ven_b0fbddb4123c,INSTAGRAM,https://www.instagram.com/infinitigranite,Instagram,List,194,1AB11BD57893424EA226135F670197B31B96B861BA05C0C4962AF5BC8D0FBCEE
ven_b0fbddb4123c,CATALOG,https://www.titaniumgranite.com/products/?swoof=1&brand=infiniti,Product website/katalog,List,194,1AB11BD57893424EA226135F670197B31B96B861BA05C0C4962AF5BC8D0FBCEE
ven_b0fbddb4123c,CATALOG,https://drive.google.com/drive/folders/1e1sc4b1iiGllX23NqYOHbBAa9ytEojZd?usp=drive_link,Drive/folder katalog,List,194,1AB11BD57893424EA226135F670197B31B96B861BA05C0C4962AF5BC8D0FBCEE
ven_5ca04f4cf64b,WEBSITE,https://www.inkaglass.com/?fbclid=PAZXh0bgNhZW0CMTEAAaZFH9wyDbYRsc2KCNRix_XwW-u-PVp8Fm7n4x8F6XfS5mIhFTm70vuE8rA_aem_RlQ6qktJN97yj4ZHMrLsdg,Website,List,195,1AB11BD57893424EA226135F670197B31B96B861BA05C0C4962AF5BC8D0FBCEE
ven_5ca04f4cf64b,INSTAGRAM,https://www.instagram.com/inkaglass/?hl=en,Instagram,List,195,1AB11BD57893424EA226135F670197B31B96B861BA05C0C4962AF5BC8D0FBCEE
ven_5ca04f4cf64b,CATALOG,https://www.inkaglass.com/frameless%20sliding%20glass%20door.html,Product website/katalog,List,195,1AB11BD57893424EA226135F670197B31B96B861BA05C0C4962AF5BC8D0FBCEE
ven_5ca04f4cf64b,CATALOG,https://www.inkaglass.com/semi%20frameless%20glass%20folding%20door.html,Product website/katalog,List,195,1AB11BD57893424EA226135F670197B31B96B861BA05C0C4962AF5BC8D0FBCEE
ven_5ca04f4cf64b,CATALOG,https://www.inkaglass.com/frameless%20glass%20folding%20door.html,Product website/katalog,List,195,1AB11BD57893424EA226135F670197B31B96B861BA05C0C4962AF5BC8D0FBCEE
ven_5ca04f4cf64b,CATALOG,https://www.inkaglass.com/moving%20wall.html,Product website/katalog,List,195,1AB11BD57893424EA226135F670197B31B96B861BA05C0C4962AF5BC8D0FBCEE
ven_5ca04f4cf64b,CATALOG,https://www.inkaglass.com/additional%20items.html,Product website/katalog,List,195,1AB11BD57893424EA226135F670197B31B96B861BA05C0C4962AF5BC8D0FBCEE
ven_236b51eb064f,WEBSITE,https://inome-houseware.com,Website,List,196,1AB11BD57893424EA226135F670197B31B96B861BA05C0C4962AF5BC8D0FBCEE
ven_236b51eb064f,INSTAGRAM,https://www.instagram.com/inome_houseware/?hl=en,Instagram,List,196,1AB11BD57893424EA226135F670197B31B96B861BA05C0C4962AF5BC8D0FBCEE
ven_236b51eb064f,CATALOG,https://shopee.co.id/inome_houseware,Product website/katalog,List,196,1AB11BD57893424EA226135F670197B31B96B861BA05C0C4962AF5BC8D0FBCEE
ven_11b26a3fab78,INSTAGRAM,https://www.instagram.com/instonbeton?igsh=ZnQ5d2Z1MXIzNXF1,Instagram,List,197,1AB11BD57893424EA226135F670197B31B96B861BA05C0C4962AF5BC8D0FBCEE
ven_0ee811b5ad8c,INSTAGRAM,https://www.instagram.com/interiorfurniturestore/,Instagram,List,198,1AB11BD57893424EA226135F670197B31B96B861BA05C0C4962AF5BC8D0FBCEE
ven_de53b2c64fcc,WEBSITE,https://intisolar.com/,Website,List,199,1AB11BD57893424EA226135F670197B31B96B861BA05C0C4962AF5BC8D0FBCEE
ven_de53b2c64fcc,INSTAGRAM,https://www.instagram.com/intisolar,Instagram,List,199,1AB11BD57893424EA226135F670197B31B96B861BA05C0C4962AF5BC8D0FBCEE
ven_1c823031c735,INSTAGRAM,https://www.instagram.com/jatitarimeubel/channel/,Instagram,List,200,1AB11BD57893424EA226135F670197B31B96B861BA05C0C4962AF5BC8D0FBCEE
ven_86e59e7028b6,WEBSITE,https://jsmlighting.co.id,Website,List,201,1AB11BD57893424EA226135F670197B31B96B861BA05C0C4962AF5BC8D0FBCEE
ven_86e59e7028b6,INSTAGRAM,https://www.instagram.com/jsm.skylite/,Instagram,List,201,1AB11BD57893424EA226135F670197B31B96B861BA05C0C4962AF5BC8D0FBCEE
ven_86e59e7028b6,CATALOG,https://drive.google.com/drive/folders/1ZqE1XTtvfxnMYrZ7nVd8WRSg9tRXBdsd?usp=share_link,Drive/folder katalog,List,201,1AB11BD57893424EA226135F670197B31B96B861BA05C0C4962AF5BC8D0FBCEE
ven_6f04229ee25c,WEBSITE,https://kacaruma.com,Website,List,202,1AB11BD57893424EA226135F670197B31B96B861BA05C0C4962AF5BC8D0FBCEE
ven_6f04229ee25c,INSTAGRAM,https://www.instagram.com/kacaruma/?hl=en,Instagram,List,202,1AB11BD57893424EA226135F670197B31B96B861BA05C0C4962AF5BC8D0FBCEE
ven_6f04229ee25c,CATALOG,https://kacaruma.com/commercial/,Product website/katalog,List,202,1AB11BD57893424EA226135F670197B31B96B861BA05C0C4962AF5BC8D0FBCEE
ven_fb07fe30d11b,WEBSITE,https://kai-gallery.id/index.php/home,Website,List,203,1AB11BD57893424EA226135F670197B31B96B861BA05C0C4962AF5BC8D0FBCEE
ven_fb07fe30d11b,INSTAGRAM,https://www.instagram.com/kaigallery_id,Instagram,List,203,1AB11BD57893424EA226135F670197B31B96B861BA05C0C4962AF5BC8D0FBCEE
ven_fb07fe30d11b,CATALOG,https://www.tokopedia.com/kaispaceofficial/product,Product website/katalog,List,203,1AB11BD57893424EA226135F670197B31B96B861BA05C0C4962AF5BC8D0FBCEE
ven_8753e447e2c2,INSTAGRAM,https://www.instagram.com/kaiiliving/?hl=en,Instagram,List,204,1AB11BD57893424EA226135F670197B31B96B861BA05C0C4962AF5BC8D0FBCEE
ven_34b86361e18a,INSTAGRAM,https://www.instagram.com/kaishengbuildingmaterial?igsh=bDdhOXk2cWpzcG0=,Instagram,List,205,1AB11BD57893424EA226135F670197B31B96B861BA05C0C4962AF5BC8D0FBCEE
ven_0e5d187b3e53,WEBSITE,https://www.kammer.co/,Website,List,206;207;208,1AB11BD57893424EA226135F670197B31B96B861BA05C0C4962AF5BC8D0FBCEE
ven_0e5d187b3e53,INSTAGRAM,https://www.instagram.com/kammer.id/?hl=en,Instagram,List,206;207;208,1AB11BD57893424EA226135F670197B31B96B861BA05C0C4962AF5BC8D0FBCEE
ven_76c17381af93,INSTAGRAM,https://www.instagram.com/karangpilang,Instagram,List,209,1AB11BD57893424EA226135F670197B31B96B861BA05C0C4962AF5BC8D0FBCEE
ven_76c17381af93,CATALOG,https://www.tokopedia.com/karangpilangjakarta?utm_source=whatsapp&utm_medium=share&utm_campaign=Shop-6920938-541666-230622&_branch_match_id=765074945979680988&_branch_referrer=H4sIAAAAAAAAA8soKSkottLXL8nPzi9ITclM1MvJzMvW9zQI8nFxC843LUyyrytKTUstKsrMS49PKsovL04tsnXOKMrPTQUABqR80zwAAAA%3D,Product website/katalog,List,209,1AB11BD57893424EA226135F670197B31B96B861BA05C0C4962AF5BC8D0FBCEE
ven_655c0110d494,INSTAGRAM,https://www.instagram.com/karyagrahacemerlang/?hl=en,Instagram,List,210,1AB11BD57893424EA226135F670197B31B96B861BA05C0C4962AF5BC8D0FBCEE
ven_655c0110d494,CATALOG,https://www.tokopedia.com/kgcemerlang?_branch_match_id=1394971922199593842&utm_source=sellerchannel&utm_campaign=Shop-0-836306-0&utm_medium=share&_branch_referrer=H4sIAAAAAAAAA8soKSkottLXL8nPzi9ITclM1MvJzMvWz05PTs1NLcpJzEu3rytKTUstKsrMS49PKsovL04tsnXOKMrPTQUA9rgq%2BjwAAAA%3D,Product website/katalog,List,210,1AB11BD57893424EA226135F670197B31B96B861BA05C0C4962AF5BC8D0FBCEE
ven_cd7d80c914c8,WEBSITE,https://katta.co.id/,Website,List,211,1AB11BD57893424EA226135F670197B31B96B861BA05C0C4962AF5BC8D0FBCEE
ven_cd7d80c914c8,INSTAGRAM,https://www.instagram.com/kattaindonesia/?hl=en,Instagram,List,211,1AB11BD57893424EA226135F670197B31B96B861BA05C0C4962AF5BC8D0FBCEE
ven_cd7d80c914c8,CATALOG,https://d1fdloi71mui9q.cloudfront.net/t8aosAEiRveSe1hxQ4xD_KATTA%20Indonesia%20Brochure.pdf?fbclid=PARlRTSANe_51leHRuA2FlbQIxMQABp0JNLTs7rpIlDDS99E5oXtjOkvJoYNuTIsvFTdocr9sM1cSW8FK-uGyiax8q_aem_n3SOZJeKgo6wl0p-WI1MJg,Product website/katalog,List,211,1AB11BD57893424EA226135F670197B31B96B861BA05C0C4962AF5BC8D0FBCEE
ven_d99f9b9062d1,INSTAGRAM,https://www.instagram.com/kayualam/,Instagram,List,212,1AB11BD57893424EA226135F670197B31B96B861BA05C0C4962AF5BC8D0FBCEE
ven_8f87dd224ae5,WEBSITE,https://kayuasri.com/,Website,List,213,1AB11BD57893424EA226135F670197B31B96B861BA05C0C4962AF5BC8D0FBCEE
ven_8f87dd224ae5,INSTAGRAM,https://www.instagram.com/kayuasri?igsh=MXdieXgycnZ2cnU2Mw==,Instagram,List,213,1AB11BD57893424EA226135F670197B31B96B861BA05C0C4962AF5BC8D0FBCEE
ven_8f87dd224ae5,CATALOG,https://drive.google.com/file/d/1CArHA267dwZrIBgRXY-RHzaSctecLuiV/view,Drive/folder katalog,List,213,1AB11BD57893424EA226135F670197B31B96B861BA05C0C4962AF5BC8D0FBCEE
ven_f7a18745a428,INSTAGRAM,https://www.instagram.com/kayuemas.furniture/,Instagram,List,214,1AB11BD57893424EA226135F670197B31B96B861BA05C0C4962AF5BC8D0FBCEE
ven_91318d139327,WEBSITE,https://pt-kli.com/contact/,Website,List,215;216,1AB11BD57893424EA226135F670197B31B96B861BA05C0C4962AF5BC8D0FBCEE
ven_91318d139327,INSTAGRAM,https://www.instagram.com/kayulapisindonesia/?hl=en,Instagram,List,215;216,1AB11BD57893424EA226135F670197B31B96B861BA05C0C4962AF5BC8D0FBCEE
ven_d1eb8aaf61cc,WEBSITE,https://www.keding-global.com/?gad_source=1&gad_campaignid=23066318787&gbraid=0AAAAAqwRsLQ7ThSfOBVnQZ4Etr_CzLoA8&gclid=Cj0KCQjwo63HBhCKARIsAHOHV_VEOiEC-NtpvjEl4fsIlqXjpElgOnsO5Grjx5cICkPmNq7bkfYH-BYaAtyjEALw_wcB,Website,List,217,1AB11BD57893424EA226135F670197B31B96B861BA05C0C4962AF5BC8D0FBCEE
ven_d1eb8aaf61cc,INSTAGRAM,https://www.instagram.com/kdpanels_id/?hl=en,Instagram,List,217,1AB11BD57893424EA226135F670197B31B96B861BA05C0C4962AF5BC8D0FBCEE
ven_d1eb8aaf61cc,CATALOG,https://keding-global.com/product/eco⁺-laminates/,Product website/katalog,List,217,1AB11BD57893424EA226135F670197B31B96B861BA05C0C4962AF5BC8D0FBCEE
ven_d1eb8aaf61cc,CATALOG,https://keding-global.com/product/kd-panels/,Product website/katalog,List,217,1AB11BD57893424EA226135F670197B31B96B861BA05C0C4962AF5BC8D0FBCEE
ven_d1eb8aaf61cc,CATALOG,https://keding-global.com/product/kd-flooring/,Product website/katalog,List,217,1AB11BD57893424EA226135F670197B31B96B861BA05C0C4962AF5BC8D0FBCEE
ven_d1eb8aaf61cc,CATALOG,https://drive.google.com/drive/folders/1D14gVAoDpze8bgrvZ0x7er7VIxTsgq5Z?usp=share_link,Drive/folder katalog,List,217,1AB11BD57893424EA226135F670197B31B96B861BA05C0C4962AF5BC8D0FBCEE
ven_3e33ff231d04,WEBSITE,https://kertasive.id/,Website,List,218,1AB11BD57893424EA226135F670197B31B96B861BA05C0C4962AF5BC8D0FBCEE
ven_3e33ff231d04,INSTAGRAM,https://www.instagram.com/kertasive.id/,Instagram,List,218,1AB11BD57893424EA226135F670197B31B96B861BA05C0C4962AF5BC8D0FBCEE
ven_3e33ff231d04,CATALOG,https://online.anyflip.com/hzpuf/jkov/mobile/index.html?fbclid=PARlRTSANfBIRleHRuA2FlbQIxMAABp1CLDlY8gp2TCa7MKZ2-2qiqxwwYaA-k7wvQ8kokPJt4cyNYZPq0Q2Rceurw_aem_gLUltcchw_qO9J2TLbc4tQ,Product website/katalog,List,218,1AB11BD57893424EA226135F670197B31B96B861BA05C0C4962AF5BC8D0FBCEE
ven_32e7ed0a463c,INSTAGRAM,https://www.instagram.com/kittofurniture/,Instagram,List,219,1AB11BD57893424EA226135F670197B31B96B861BA05C0C4962AF5BC8D0FBCEE
ven_32e7ed0a463c,CATALOG,https://drive.google.com/drive/folders/1Q00psvrC8RyhNomj1Tbxp7rMzh8iRrRK?usp=drive_link,Drive/folder katalog,List,219,1AB11BD57893424EA226135F670197B31B96B861BA05C0C4962AF5BC8D0FBCEE
ven_f038fb53bba7,INSTAGRAM,https://www.instagram.com/knobsandpulls.id/?hl=en,Instagram,List,220,1AB11BD57893424EA226135F670197B31B96B861BA05C0C4962AF5BC8D0FBCEE
ven_f038fb53bba7,CATALOG,https://www.tokopedia.com/knobsandpulls,Product website/katalog,List,220,1AB11BD57893424EA226135F670197B31B96B861BA05C0C4962AF5BC8D0FBCEE
ven_7bab18bf0925,WEBSITE,https://kodaidoor.com/,Website,List,221,1AB11BD57893424EA226135F670197B31B96B861BA05C0C4962AF5BC8D0FBCEE
ven_7bab18bf0925,INSTAGRAM,https://www.instagram.com/kodaidoor.official,Instagram,List,221,1AB11BD57893424EA226135F670197B31B96B861BA05C0C4962AF5BC8D0FBCEE
ven_7bab18bf0925,CATALOG,https://www.tokopedia.com/kodaisteel,Product website/katalog,List,221,1AB11BD57893424EA226135F670197B31B96B861BA05C0C4962AF5BC8D0FBCEE
ven_23bef74fe7b1,WEBSITE,https://korumcm.com/,Website,List,222;223,1AB11BD57893424EA226135F670197B31B96B861BA05C0C4962AF5BC8D0FBCEE
ven_23bef74fe7b1,INSTAGRAM,https://www.instagram.com/koruhome.id/?hl=en,Instagram,List,222;223,1AB11BD57893424EA226135F670197B31B96B861BA05C0C4962AF5BC8D0FBCEE
ven_23bef74fe7b1,CATALOG,https://www.tokopedia.com/europeenchanting,Product website/katalog,List,222;223,1AB11BD57893424EA226135F670197B31B96B861BA05C0C4962AF5BC8D0FBCEE
ven_20a79cf093bb,WEBSITE,https://kreasiveneer-indonesia.com/,Website,List,224,1AB11BD57893424EA226135F670197B31B96B861BA05C0C4962AF5BC8D0FBCEE
ven_20a79cf093bb,INSTAGRAM,https://www.instagram.com/kreasi_veneer?igsh=MWpiNzg4b2NlYmFxaw==,Instagram,List,224,1AB11BD57893424EA226135F670197B31B96B861BA05C0C4962AF5BC8D0FBCEE
ven_eeeb264106e7,INSTAGRAM,https://www.instagram.com/kumeli_terrazzo/,Instagram,List,225,1AB11BD57893424EA226135F670197B31B96B861BA05C0C4962AF5BC8D0FBCEE
ven_b34ff857c0e5,WEBSITE,https://www.lalalamp.id/shop/lalapis/3,Website,List,226,1AB11BD57893424EA226135F670197B31B96B861BA05C0C4962AF5BC8D0FBCEE
ven_b34ff857c0e5,INSTAGRAM,https://www.instagram.com/lalapis.id/?hl=en,Instagram,List,226,1AB11BD57893424EA226135F670197B31B96B861BA05C0C4962AF5BC8D0FBCEE
ven_b34ff857c0e5,CATALOG,https://drive.google.com/drive/folders/1oJHOtcPZMp7c3yDhZTc8_AQ3ZVjqsC0D?usp=drive_link,Drive/folder katalog,List,226,1AB11BD57893424EA226135F670197B31B96B861BA05C0C4962AF5BC8D0FBCEE
ven_17a0febff7e5,INSTAGRAM,https://www.instagram.com/laluce_lighting/?hl=en,Instagram,List,227,1AB11BD57893424EA226135F670197B31B96B861BA05C0C4962AF5BC8D0FBCEE
ven_17a0febff7e5,CATALOG,https://www.instagram.com/s/aGlnaGxpZ2h0OjE3OTI1NzQzODQ0MTM5NTEw?story_media_id=3736637748757528247&igsh=MTNydXF0dmQ0bnozYg==,Product website/katalog,List,227,1AB11BD57893424EA226135F670197B31B96B861BA05C0C4962AF5BC8D0FBCEE
ven_a595de6329a5,WEBSITE,https://www.tokopedia.com/lanroseofficial,Website,List,228,1AB11BD57893424EA226135F670197B31B96B861BA05C0C4962AF5BC8D0FBCEE
ven_a595de6329a5,INSTAGRAM,https://www.instagram.com/lanrose.painting?igsh=a3BubmwwcDk2bDN1,Instagram,List,228,1AB11BD57893424EA226135F670197B31B96B861BA05C0C4962AF5BC8D0FBCEE
ven_29c1879a4fa5,WEBSITE,https://surabayaparket.com/?fbclid=PAZXh0bgNhZW0CMTEAAaYqKwPVky5QrdBNY5CciRg2sbobRLpoCR7aL-F1gOfhNkJXYAfR6GrbOyc_aem_hF5iUXXoIOGUO-pw4Kikhw,Website,List,229,1AB11BD57893424EA226135F670197B31B96B861BA05C0C4962AF5BC8D0FBCEE
ven_29c1879a4fa5,INSTAGRAM,https://www.instagram.com/lantaikayu.surabayaparket/?hl=en,Instagram,List,229,1AB11BD57893424EA226135F670197B31B96B861BA05C0C4962AF5BC8D0FBCEE
ven_6df355082f07,WEBSITE,https://renson.net/gd-gb,Website,List,230,1AB11BD57893424EA226135F670197B31B96B861BA05C0C4962AF5BC8D0FBCEE
ven_6df355082f07,WEBSITE,https://www.reynaers.com/,Website,List,230,1AB11BD57893424EA226135F670197B31B96B861BA05C0C4962AF5BC8D0FBCEE
ven_6df355082f07,WEBSITE,https://www.lantekayu.com/?gad_source=1&gad_campaignid=22660684709&gbraid=0AAAAA_roberjfntVwZMJ-xaeDSE0Nx9Ky&gclid=CjwKCAjw04HIBhB8EiwA8jGNbXtEJA1lCgM02RI0cUZRUgQRcuGcVRinxtMqPgEMqXZRRpEUscv4jBoChKMQAvD_BwE,Website,List,231,1AB11BD57893424EA226135F670197B31B96B861BA05C0C4962AF5BC8D0FBCEE
ven_6df355082f07,INSTAGRAM,https://www.instagram.com/lantekayuindonesia?igsh=MXNuamdsZnM5Z3lscg==,Instagram,List,231,1AB11BD57893424EA226135F670197B31B96B861BA05C0C4962AF5BC8D0FBCEE
ven_088234abfcc2,INSTAGRAM,https://www.instagram.com/latterday.co/?hl=en,Instagram,List,232,1AB11BD57893424EA226135F670197B31B96B861BA05C0C4962AF5BC8D0FBCEE
ven_07598aa32eeb,WEBSITE,https://www.lavasolid.com/?fbclid=PAZXh0bgNhZW0CMTEAAaZZmCx1FhTEPfWW83okxBu6jS8ozx3rraw0YTeWZH3Y83aUzE0qQeJqRzo_aem_kkJKFcl6JjHSaRLXq5bZDg,Website,List,233;234,1AB11BD57893424EA226135F670197B31B96B861BA05C0C4962AF5BC8D0FBCEE
ven_07598aa32eeb,INSTAGRAM,https://www.instagram.com/lavasolid/,Instagram,List,233;234,1AB11BD57893424EA226135F670197B31B96B861BA05C0C4962AF5BC8D0FBCEE
ven_07598aa32eeb,CATALOG,https://www.lavasolid.com/katalog/,Product website/katalog,List,233,1AB11BD57893424EA226135F670197B31B96B861BA05C0C4962AF5BC8D0FBCEE
ven_07598aa32eeb,CATALOG,https://drive.google.com/drive/folders/1LjB9Qtg-yTDCq3eQ8blKg0ssYEF94L4x?usp=drive_link,Drive/folder katalog,List,234,1AB11BD57893424EA226135F670197B31B96B861BA05C0C4962AF5BC8D0FBCEE
ven_968c18cd803c,WEBSITE,https://leder-haus.com/,Website,List,235,1AB11BD57893424EA226135F670197B31B96B861BA05C0C4962AF5BC8D0FBCEE
ven_968c18cd803c,INSTAGRAM,https://www.instagram.com/lederhaus_id/?hl=en,Instagram,List,235,1AB11BD57893424EA226135F670197B31B96B861BA05C0C4962AF5BC8D0FBCEE
ven_968c18cd803c,CATALOG,https://drive.google.com/drive/folders/11OrZ1MJ6I6oTMKGlIgQG6-vW3xByxQt3?usp=drive_link,Drive/folder katalog,List,235,1AB11BD57893424EA226135F670197B31B96B861BA05C0C4962AF5BC8D0FBCEE
ven_3614d3a53850,WEBSITE,https://line8.com.sg/?fbclid=PAZnRzaANUT55leHRuA2FlbQIxMQABp04P2RbW2ZgXibakcojDNdFtJcjShQWAMMpbL9QAlTjdM3La1x2IsBT0qK3Y_aem_3RoDzHAbNyDhKiBRxdmKBw,Website,List,236,1AB11BD57893424EA226135F670197B31B96B861BA05C0C4962AF5BC8D0FBCEE
ven_3614d3a53850,INSTAGRAM,https://www.instagram.com/line8powertracks?igsh=MXQ1bnVrMmUwZDl5Zg==,Instagram,List,236,1AB11BD57893424EA226135F670197B31B96B861BA05C0C4962AF5BC8D0FBCEE
ven_3614d3a53850,CATALOG,https://drive.google.com/file/d/1q3HHifKWq2DZEyguM7eVCDPKJWzDTNj3/view?fbclid=PAVERFWANUTvRleHRuA2FlbQIxMQABp0CQFE9OJ5T5Ug7NHlDppFYoj46ZiWNLEeZ2YQ-IBPki0Ahs7HbtdFRDoI4t_aem_rAr4QUlOpGt38bCF1l9rnQ,Product website/katalog,List,236,1AB11BD57893424EA226135F670197B31B96B861BA05C0C4962AF5BC8D0FBCEE
ven_6dc4cd76d6dc,WEBSITE,https://lioliving.com/?srsltid=AfmBOoqI-AzZmm03lBN2B7XR0zaRPFJxLcqFYQhOAFYdQ595F2khOPmz,Website,List,237,1AB11BD57893424EA226135F670197B31B96B861BA05C0C4962AF5BC8D0FBCEE
ven_b91304f0d808,WEBSITE,https://www.canva.com/design/DAGYgCF_eDk/lTkjAE4i9BQsgzHM4z-kyQ/view?utm_content=DAGYgCF_eDk&utm_campaign=designshare&utm_medium=link&utm_source=viewer,Website,List,238,1AB11BD57893424EA226135F670197B31B96B861BA05C0C4962AF5BC8D0FBCEE
ven_b91304f0d808,INSTAGRAM,https://www.instagram.com/littleitaly.id/?hl=en,Instagram,List,238,1AB11BD57893424EA226135F670197B31B96B861BA05C0C4962AF5BC8D0FBCEE
ven_b91304f0d808,CATALOG,https://www.canva.com/design/DAGn3N9uT9Q/tLD3zrYFbJDOuiQqAbtkTQ/edit?utm_content=DAGn3N9uT9Q&utm_campaign=designshare&utm_medium=link2&utm_source=sharebutton,Product website/katalog,List,238,1AB11BD57893424EA226135F670197B31B96B861BA05C0C4962AF5BC8D0FBCEE
ven_c947223e4db1,INSTAGRAM,https://www.instagram.com/lonilla.living/?hl=en,Instagram,List,239,1AB11BD57893424EA226135F670197B31B96B861BA05C0C4962AF5BC8D0FBCEE
ven_c947223e4db1,CATALOG,https://drive.google.com/drive/folders/1vbXrgpgTFP60y5crH0nGqSA4Ns7oJQwC?usp=drive_link,Drive/folder katalog,List,239,1AB11BD57893424EA226135F670197B31B96B861BA05C0C4962AF5BC8D0FBCEE
ven_be650625cf31,INSTAGRAM,https://www.instagram.com/loomandstone.id/,Instagram,List,240,1AB11BD57893424EA226135F670197B31B96B861BA05C0C4962AF5BC8D0FBCEE
ven_be650625cf31,CATALOG,https://tinyurl.com/readystocklist,Product website/katalog,List,240,1AB11BD57893424EA226135F670197B31B96B861BA05C0C4962AF5BC8D0FBCEE
ven_be650625cf31,CATALOG,https://tinyurl.com/LoomandstoneCatalogue,Product website/katalog,List,240,1AB11BD57893424EA226135F670197B31B96B861BA05C0C4962AF5BC8D0FBCEE
ven_6bf835755eff,WEBSITE,https://www.ltechsmart.id/home,Website,List,241,1AB11BD57893424EA226135F670197B31B96B861BA05C0C4962AF5BC8D0FBCEE
ven_6bf835755eff,INSTAGRAM,https://www.instagram.com/ltech_id/,Instagram,List,241,1AB11BD57893424EA226135F670197B31B96B861BA05C0C4962AF5BC8D0FBCEE
ven_6bf835755eff,CATALOG,https://drive.google.com/drive/folders/1NgQT9b3EnDSGv_92r9RTKMc4TGWFugqV?usp=drive_link,Drive/folder katalog,List,241,1AB11BD57893424EA226135F670197B31B96B861BA05C0C4962AF5BC8D0FBCEE
ven_a65103e5078f,INSTAGRAM,https://www.instagram.com/lumilight.id/?hl=en,Instagram,List,242,1AB11BD57893424EA226135F670197B31B96B861BA05C0C4962AF5BC8D0FBCEE
ven_9476042a6722,WEBSITE,https://www.tokopedia.com/luminariahandles,Website,List,243,1AB11BD57893424EA226135F670197B31B96B861BA05C0C4962AF5BC8D0FBCEE
ven_9476042a6722,INSTAGRAM,https://www.instagram.com/luminariahandles/,Instagram,List,243,1AB11BD57893424EA226135F670197B31B96B861BA05C0C4962AF5BC8D0FBCEE
ven_9476042a6722,CATALOG,https://www.dropbox.com/scl/fi/8kdrcsyd57wzp5imvaa3h/Luminaria-Handles-Catalpgue-2024.pdf?rlkey=rq0npv4ncfk4188cvgdmjr3op&e=1&st=14u87v5c&dl=0,Product website/katalog,List,243,1AB11BD57893424EA226135F670197B31B96B861BA05C0C4962AF5BC8D0FBCEE
ven_96bc32edf1dd,WEBSITE,https://lumiosolution.id,Website,List,244,1AB11BD57893424EA226135F670197B31B96B861BA05C0C4962AF5BC8D0FBCEE
ven_96bc32edf1dd,INSTAGRAM,https://www.instagram.com/lumio_solution/,Instagram,List,244,1AB11BD57893424EA226135F670197B31B96B861BA05C0C4962AF5BC8D0FBCEE
ven_a827b9ca384b,WEBSITE,https://www.lumolumo.id/,Website,List,245,1AB11BD57893424EA226135F670197B31B96B861BA05C0C4962AF5BC8D0FBCEE
ven_a827b9ca384b,INSTAGRAM,https://www.instagram.com/lumo.surface/,Instagram,List,245,1AB11BD57893424EA226135F670197B31B96B861BA05C0C4962AF5BC8D0FBCEE
ven_a827b9ca384b,CATALOG,https://www.tokopedia.com/lumolivingid?utm_campaign=Shop-33470757-7110034-190225-contextual_image-halaman_toko-LSfHao&utm_source=salinlink&utm_medium=share&fbclid=PAZXh0bgNhZW0CMTEAAaf11hdhjeMYx27KP4o_qsqYleRXdWkqEj5WEO1QBNNUYOsTgnB2v_1QAjwCag_aem_W0TO3P2NpUHf8rzHdE6Byw&_branch_match_id=1394971922199593842&_branch_referrer=H4sIAAAAAAAAAwXB2wqCMAAA0L%2FpMS9dlEBimiCEt9CmvozppvM63SSrh769c9i6zvKiKCvv%2BUxJi%2FdDO%2FWKOVW35wKFEZfXuqyGllgRKDKmlk3ACqg6fuICgGtNY4R11M%2FfunGPjhwtcskH%2BsgI7Be3O0E31GI7CNI8lEkz2foLaTHoNgc3CNMRQTUJD5EezKlXm%2BLrEfdsf7bdT9CaCtFODSoF3yQVlsMEH%2BkfJ7UUI68AAAA%3D,Product website/katalog,List,245,1AB11BD57893424EA226135F670197B31B96B861BA05C0C4962AF5BC8D0FBCEE
ven_f7d453760611,WEBSITE,https://www.lunabalifurniture.com/?utm_source=linktree&utm_medium=social&fbclid=PARlRTSANikEZleHRuA2FlbQIxMQABp9cLD7oTnSGDV7PuERCOJC42nJJS_GmvMhHlHG65lwMoo4Dhg8fSxNO6BEQx_aem_p1wnOysEwqjk1uMHOd1Hug,Website,List,246,1AB11BD57893424EA226135F670197B31B96B861BA05C0C4962AF5BC8D0FBCEE
ven_f7d453760611,INSTAGRAM,https://www.instagram.com/lunarattanfurniture/,Instagram,List,246,1AB11BD57893424EA226135F670197B31B96B861BA05C0C4962AF5BC8D0FBCEE
ven_91952cc9784e,INSTAGRAM,https://www.instagram.com/luxtura.id/,Instagram,List,247,1AB11BD57893424EA226135F670197B31B96B861BA05C0C4962AF5BC8D0FBCEE
ven_7eb8d3d33e13,INSTAGRAM,https://www.instagram.com/madanatiles/?hl=en,Instagram,List,248;249;250,1AB11BD57893424EA226135F670197B31B96B861BA05C0C4962AF5BC8D0FBCEE
ven_7eb8d3d33e13,CATALOG,https://drive.google.com/drive/folders/1HOKGhdWAg-EASoq_EzwyugbgzCFd0Yw2?usp=drive_link,Drive/folder katalog,List,248;249;250,1AB11BD57893424EA226135F670197B31B96B861BA05C0C4962AF5BC8D0FBCEE
ven_344364d3403a,WEBSITE,https://magnoliavga.com,Website,List,251,1AB11BD57893424EA226135F670197B31B96B861BA05C0C4962AF5BC8D0FBCEE
ven_344364d3403a,INSTAGRAM,https://www.instagram.com/magnolia.vga/?hl=en,Instagram,List,251,1AB11BD57893424EA226135F670197B31B96B861BA05C0C4962AF5BC8D0FBCEE
ven_344364d3403a,CATALOG,https://magnoliavga.com/artificial-vertical-garden/,Product website/katalog,List,251,1AB11BD57893424EA226135F670197B31B96B861BA05C0C4962AF5BC8D0FBCEE
ven_344364d3403a,CATALOG,https://magnoliavga.com/artificial-planter-box/,Product website/katalog,List,251,1AB11BD57893424EA226135F670197B31B96B861BA05C0C4962AF5BC8D0FBCEE
ven_344364d3403a,CATALOG,https://magnoliavga.com/artificial-ceiling-garden/,Product website/katalog,List,251,1AB11BD57893424EA226135F670197B31B96B861BA05C0C4962AF5BC8D0FBCEE
ven_344364d3403a,CATALOG,https://magnoliavga.com/artificial-landed-garden/,Product website/katalog,List,251,1AB11BD57893424EA226135F670197B31B96B861BA05C0C4962AF5BC8D0FBCEE
ven_344364d3403a,CATALOG,https://magnoliavga.com/artificial-hanging-plant-dan-garden/,Product website/katalog,List,251,1AB11BD57893424EA226135F670197B31B96B861BA05C0C4962AF5BC8D0FBCEE
ven_344364d3403a,CATALOG,https://magnoliavga.com/artificial-tree/,Product website/katalog,List,251,1AB11BD57893424EA226135F670197B31B96B861BA05C0C4962AF5BC8D0FBCEE
ven_5f16c3e2f49a,WEBSITE,https://aluprima.com/,Website,List,252,1AB11BD57893424EA226135F670197B31B96B861BA05C0C4962AF5BC8D0FBCEE
ven_5f16c3e2f49a,INSTAGRAM,https://www.instagram.com/alupacaluminium/,Instagram,List,252,1AB11BD57893424EA226135F670197B31B96B861BA05C0C4962AF5BC8D0FBCEE
ven_5f16c3e2f49a,CATALOG,https://aluprima.com/wp-content/uploads/catalog/catalog_21-07-14.pdf,Product website/katalog,List,252,1AB11BD57893424EA226135F670197B31B96B861BA05C0C4962AF5BC8D0FBCEE
ven_5f16c3e2f49a,CATALOG,https://drive.google.com/drive/folders/1cMBZOjV2lkGFbWmYCHUUttfKy0iQDZHm?usp=drive_link,Drive/folder katalog,List,252,1AB11BD57893424EA226135F670197B31B96B861BA05C0C4962AF5BC8D0FBCEE
ven_c328a1ee5f75,WEBSITE,https://malka.co.id/,Website,List,253;254,1AB11BD57893424EA226135F670197B31B96B861BA05C0C4962AF5BC8D0FBCEE
ven_c328a1ee5f75,INSTAGRAM,https://www.instagram.com/malka.metal,Instagram,List,253;254,1AB11BD57893424EA226135F670197B31B96B861BA05C0C4962AF5BC8D0FBCEE
ven_c328a1ee5f75,CATALOG,https://drive.google.com/drive/folders/1EV990bL5fqSD59CLj3HBuHf8clB0XhdO?usp=drive_link,Drive/folder katalog,List,253,1AB11BD57893424EA226135F670197B31B96B861BA05C0C4962AF5BC8D0FBCEE
ven_b99df53219d7,INSTAGRAM,https://www.instagram.com/marmerberkatabadi/,Instagram,List,255,1AB11BD57893424EA226135F670197B31B96B861BA05C0C4962AF5BC8D0FBCEE
ven_ab6f13a77ddb,WEBSITE,https://marmerx.com/,Website,List,256,1AB11BD57893424EA226135F670197B31B96B861BA05C0C4962AF5BC8D0FBCEE
ven_ab6f13a77ddb,INSTAGRAM,https://www.instagram.com/marmerxofficial/,Instagram,List,256,1AB11BD57893424EA226135F670197B31B96B861BA05C0C4962AF5BC8D0FBCEE
ven_9b2ac30357d3,INSTAGRAM,https://www.instagram.com/masterwood.interior,Instagram,List,257,1AB11BD57893424EA226135F670197B31B96B861BA05C0C4962AF5BC8D0FBCEE
ven_9b2ac30357d3,CATALOG,https://drive.google.com/drive/folders/1X5YMalBE7Fgg47Y3cQijeD3Cdn14QzvG?usp=drive_link,Drive/folder katalog,List,257,1AB11BD57893424EA226135F670197B31B96B861BA05C0C4962AF5BC8D0FBCEE
ven_bcece7584a3c,WEBSITE,https://master-lamp.com/?fbclid=PAZnRzaANiltdleHRuA2FlbQIxMQABpxE-Iwx525gy0Peamy3fQ3s-EjUAtSRiSSpYSMG9vvAFcwmlOY_VqIFCGVVa_aem_W7GCkhfMqJ9hGzgkTZRJfA,Website,List,258,1AB11BD57893424EA226135F670197B31B96B861BA05C0C4962AF5BC8D0FBCEE
ven_bcece7584a3c,INSTAGRAM,https://www.instagram.com/masterlamp.id/,Instagram,List,258,1AB11BD57893424EA226135F670197B31B96B861BA05C0C4962AF5BC8D0FBCEE
ven_bcece7584a3c,CATALOG,https://www.instagram.com/masterlamp_onsale_jdc?igsh=MTdyZHBid2NjZW9zZA==,Product website/katalog,List,258,1AB11BD57893424EA226135F670197B31B96B861BA05C0C4962AF5BC8D0FBCEE
ven_60975f81fd8a,WEBSITE,https://www.matsuo.co.id/?fbclid=PAdGRleANi64dleHRuA2FlbQIxMQABp2_IObGj81ua_GEjQNLLvUorLPp-PvNUbgDlX36JHUE7qVpqgEtSoE3qLBd9_aem_-N6aamxDhWbc0eTTSvB4sA,Website,List,259;260,1AB11BD57893424EA226135F670197B31B96B861BA05C0C4962AF5BC8D0FBCEE
ven_60975f81fd8a,INSTAGRAM,https://www.instagram.com/matsuoindonesia?igsh=MTN2dGEzMTZqeDJweQ==,Instagram,List,259;260,1AB11BD57893424EA226135F670197B31B96B861BA05C0C4962AF5BC8D0FBCEE
ven_60975f81fd8a,CATALOG,https://drive.google.com/drive/folders/1DfhKhrDwSDmMkrhF3vKS05AzH7h88FOc?usp=drive_link,Drive/folder katalog,List,259;260,1AB11BD57893424EA226135F670197B31B96B861BA05C0C4962AF5BC8D0FBCEE
ven_5d7c2c9fabf7,WEBSITE,https://www.mbarepjati.com/,Website,List,261,1AB11BD57893424EA226135F670197B31B96B861BA05C0C4962AF5BC8D0FBCEE
ven_5d7c2c9fabf7,INSTAGRAM,https://www.instagram.com/pintu_jati_asli/,Instagram,List,261,1AB11BD57893424EA226135F670197B31B96B861BA05C0C4962AF5BC8D0FBCEE
ven_3ac202557105,WEBSITE,https://www.megatonepowdercoating.com/,Website,List,262,1AB11BD57893424EA226135F670197B31B96B861BA05C0C4962AF5BC8D0FBCEE
ven_3ac202557105,INSTAGRAM,https://www.instagram.com/megatone_powdercoating/,Instagram,List,262,1AB11BD57893424EA226135F670197B31B96B861BA05C0C4962AF5BC8D0FBCEE
ven_f2d5e8656cfc,WEBSITE,https://www.meglio.id/,Website,List,263,1AB11BD57893424EA226135F670197B31B96B861BA05C0C4962AF5BC8D0FBCEE
ven_f2d5e8656cfc,INSTAGRAM,https://www.instagram.com/meglio.collection/,Instagram,List,263,1AB11BD57893424EA226135F670197B31B96B861BA05C0C4962AF5BC8D0FBCEE
ven_f2d5e8656cfc,CATALOG,https://www.tokopedia.com/meglio-home?utm_campaign=Shop-5632892-13400633-160423&utm_source=salinlink&utm_medium=share&_branch_match_id=1193102772423888432&_branch_referrer=H4sIAAAAAAAAA8soKSkottLXL8nPzi9ITclM1MvJzMvWr0xKDvCqMCgxrEyyrytKTUstKsrMS49PKsovL04tsnXOKMrPTQUAyuN%2BGzwAAAA%3D,Product website/katalog,List,263,1AB11BD57893424EA226135F670197B31B96B861BA05C0C4962AF5BC8D0FBCEE
ven_f2d5e8656cfc,CATALOG,https://drive.google.com/drive/folders/19np2H9KlnTGIvqD-Y1hKWBH8A7m1Zx0i?usp=drive_link,Drive/folder katalog,List,263,1AB11BD57893424EA226135F670197B31B96B861BA05C0C4962AF5BC8D0FBCEE
ven_7f1383fe78f1,INSTAGRAM,https://www.instagram.com/miannliving/,Instagram,List,264,1AB11BD57893424EA226135F670197B31B96B861BA05C0C4962AF5BC8D0FBCEE
ven_578a099a1971,WEBSITE,http://www.milandbay.com,Website,List,265;266,1AB11BD57893424EA226135F670197B31B96B861BA05C0C4962AF5BC8D0FBCEE
ven_578a099a1971,INSTAGRAM,https://www.instagram.com/milandbay/,Instagram,List,265;266,1AB11BD57893424EA226135F670197B31B96B861BA05C0C4962AF5BC8D0FBCEE
ven_0f52017ae615,WEBSITE,https://www.milantiles.com/,Website,List,267,1AB11BD57893424EA226135F670197B31B96B861BA05C0C4962AF5BC8D0FBCEE
ven_0f52017ae615,INSTAGRAM,https://www.instagram.com/milantiles/,Instagram,List,267,1AB11BD57893424EA226135F670197B31B96B861BA05C0C4962AF5BC8D0FBCEE
ven_0f52017ae615,CATALOG,https://drive.google.com/drive/folders/1qVgYn8mlOygarIUvQS0KyxZy9j2U1azX?usp=drive_link,Drive/folder katalog,List,267,1AB11BD57893424EA226135F670197B31B96B861BA05C0C4962AF5BC8D0FBCEE
ven_7b02fc389884,INSTAGRAM,https://www.instagram.com/mill.aluminium/?hl=en,Instagram,List,268,1AB11BD57893424EA226135F670197B31B96B861BA05C0C4962AF5BC8D0FBCEE
ven_75dde4a5f4e5,WEBSITE,https://www.monolithsurfaces.com,Website,List,269,1AB11BD57893424EA226135F670197B31B96B861BA05C0C4962AF5BC8D0FBCEE
ven_75dde4a5f4e5,INSTAGRAM,https://www.instagram.com/mimos.surface/?hl=en,Instagram,List,269,1AB11BD57893424EA226135F670197B31B96B861BA05C0C4962AF5BC8D0FBCEE
ven_75dde4a5f4e5,CATALOG,https://www.monolithsurfaces.com/catalogues.php,Product website/katalog,List,269,1AB11BD57893424EA226135F670197B31B96B861BA05C0C4962AF5BC8D0FBCEE
ven_75dde4a5f4e5,CATALOG,https://drive.google.com/drive/folders/1DmQVEhVH_9_zMFpBhEi60MP-jWr260qw?usp=share_link,Drive/folder katalog,List,269,1AB11BD57893424EA226135F670197B31B96B861BA05C0C4962AF5BC8D0FBCEE
ven_e946c514ab64,WEBSITE,https://www.miratap.id,Website,List,270,1AB11BD57893424EA226135F670197B31B96B861BA05C0C4962AF5BC8D0FBCEE
ven_e946c514ab64,INSTAGRAM,https://www.instagram.com/miratap_indonesia/,Instagram,List,270,1AB11BD57893424EA226135F670197B31B96B861BA05C0C4962AF5BC8D0FBCEE
ven_e1cb5f98a77d,WEBSITE,https://modeco.id,Website,List,271,1AB11BD57893424EA226135F670197B31B96B861BA05C0C4962AF5BC8D0FBCEE
ven_e1cb5f98a77d,INSTAGRAM,https://www.instagram.com/modecostoneindonesia/,Instagram,List,271,1AB11BD57893424EA226135F670197B31B96B861BA05C0C4962AF5BC8D0FBCEE
ven_e1cb5f98a77d,CATALOG,https://drive.google.com/drive/folders/1fH-nf_50FPRMiywyrYDXcsrr9XO3bB02?usp=drive_link,Drive/folder katalog,List,271,1AB11BD57893424EA226135F670197B31B96B861BA05C0C4962AF5BC8D0FBCEE
ven_93f0a7352557,WEBSITE,https://www.moderndekorindo.com/,Website,List,272;273;274;275,1AB11BD57893424EA226135F670197B31B96B861BA05C0C4962AF5BC8D0FBCEE
ven_93f0a7352557,INSTAGRAM,https://www.instagram.com/moderndekorindo/?hl=en,Instagram,List,272;273;274;275,1AB11BD57893424EA226135F670197B31B96B861BA05C0C4962AF5BC8D0FBCEE
ven_93f0a7352557,CATALOG,https://drive.google.com/drive/folders/1CgYxsXQcd_zkJipJN5m2EeJluPNANPBK?usp=drive_link,Drive/folder katalog,List,272;273;274;275,1AB11BD57893424EA226135F670197B31B96B861BA05C0C4962AF5BC8D0FBCEE
ven_4a00b877582f,WEBSITE,https://moirerugs.com/,Website,List,276,1AB11BD57893424EA226135F670197B31B96B861BA05C0C4962AF5BC8D0FBCEE
ven_4a00b877582f,INSTAGRAM,https://www.instagram.com/moirerugs/,Instagram,List,276,1AB11BD57893424EA226135F670197B31B96B861BA05C0C4962AF5BC8D0FBCEE
ven_fb51f42e8cbf,INSTAGRAM,https://www.instagram.com/mokattisartliving/,Instagram,List,277,1AB11BD57893424EA226135F670197B31B96B861BA05C0C4962AF5BC8D0FBCEE
ven_405dc7565658,INSTAGRAM,https://www.instagram.com/monolith_idn/?hl=en,Instagram,List,278;279,1AB11BD57893424EA226135F670197B31B96B861BA05C0C4962AF5BC8D0FBCEE
ven_b8c335bebae9,INSTAGRAM,https://www.instagram.com/monoliving.id/,Instagram,List,280,1AB11BD57893424EA226135F670197B31B96B861BA05C0C4962AF5BC8D0FBCEE
ven_b8c335bebae9,CATALOG,https://drive.google.com/drive/folders/1FKWSqMrSJafjt4IfGxnC4eFtFIsocTsh?usp=drive_link,Drive/folder katalog,List,280,1AB11BD57893424EA226135F670197B31B96B861BA05C0C4962AF5BC8D0FBCEE
ven_b6c4c02bb6a9,WEBSITE,https://monostar.co.id/,Website,List,281,1AB11BD57893424EA226135F670197B31B96B861BA05C0C4962AF5BC8D0FBCEE
ven_b6c4c02bb6a9,INSTAGRAM,https://www.instagram.com/monostar.official/,Instagram,List,281,1AB11BD57893424EA226135F670197B31B96B861BA05C0C4962AF5BC8D0FBCEE
ven_b6c4c02bb6a9,CATALOG,https://drive.google.com/drive/folders/1Eo4HEz82AvWd7N_i1Q0JUiDJRtc2Kjoj?usp=drive_link,Drive/folder katalog,List,281,1AB11BD57893424EA226135F670197B31B96B861BA05C0C4962AF5BC8D0FBCEE
ven_174cb7087739,WEBSITE,https://www.moonliving.id/?fbclid=PAZXh0bgNhZW0CMTEAAaYgtXTCWR-U1eSZpDPmWpuLkR-uMnwTmXlXZurARBr15hTFGpldiLd34pM_aem_2O2au-iUP3UiTk090vHBwA#_,Website,List,282,1AB11BD57893424EA226135F670197B31B96B861BA05C0C4962AF5BC8D0FBCEE
ven_174cb7087739,INSTAGRAM,https://www.instagram.com/moonliving.id/?hl=en,Instagram,List,282,1AB11BD57893424EA226135F670197B31B96B861BA05C0C4962AF5BC8D0FBCEE
ven_174cb7087739,CATALOG,https://drive.google.com/drive/folders/1vsVDuLr-8ktsjXATVvBbU2nLts-btMzb?usp=drive_link,Drive/folder katalog,List,282,1AB11BD57893424EA226135F670197B31B96B861BA05C0C4962AF5BC8D0FBCEE
ven_eb26d4fa531a,WEBSITE,https://morgen.co.id/,Website,List,283,1AB11BD57893424EA226135F670197B31B96B861BA05C0C4962AF5BC8D0FBCEE
ven_eb26d4fa531a,INSTAGRAM,https://www.instagram.com/morgen_idn/%20,Instagram,List,283,1AB11BD57893424EA226135F670197B31B96B861BA05C0C4962AF5BC8D0FBCEE
ven_7499cd17353b,WEBSITE,https://www.morsealam.com/,Website,List,284,1AB11BD57893424EA226135F670197B31B96B861BA05C0C4962AF5BC8D0FBCEE
ven_7499cd17353b,INSTAGRAM,https://www.instagram.com/morsealam/,Instagram,List,284,1AB11BD57893424EA226135F670197B31B96B861BA05C0C4962AF5BC8D0FBCEE
ven_7499cd17353b,CATALOG,https://www.instagram.com/catalog.morsealam?igsh=MWRmc2V6bmN0aHd0eg==,Product website/katalog,List,284,1AB11BD57893424EA226135F670197B31B96B861BA05C0C4962AF5BC8D0FBCEE
ven_c3382a83fb26,INSTAGRAM,https://www.instagram.com/mosaicmassofficial/?hl=en,Instagram,List,285,1AB11BD57893424EA226135F670197B31B96B861BA05C0C4962AF5BC8D0FBCEE
ven_c3382a83fb26,CATALOG,https://onedrive.live.com/?redeem=aHR0cHM6Ly8xZHJ2Lm1zL2IvcyFBdXctTnNMQmhOUWxnZVotUHBfUEoxTFZJS3JoeUE%5FZT0zQ2xMTEw&cid=25D484C1C2363EEC&id=25D484C1C2363EEC%2129566&parId=25D484C1C2363EEC%2129565&o=OneUp,Drive/folder katalog,List,285,1AB11BD57893424EA226135F670197B31B96B861BA05C0C4962AF5BC8D0FBCEE
ven_6ff3920f8bef,WEBSITE,https://mosaicart.id/,Website,List,286,1AB11BD57893424EA226135F670197B31B96B861BA05C0C4962AF5BC8D0FBCEE
ven_6ff3920f8bef,INSTAGRAM,https://www.instagram.com/mosaicart.id,Instagram,List,286,1AB11BD57893424EA226135F670197B31B96B861BA05C0C4962AF5BC8D0FBCEE
ven_6ff3920f8bef,CATALOG,https://drive.google.com/drive/folders/1eOU8iMr0J1LrwPkNn0lZFChwD9YBItt8?usp=drive_link,Drive/folder katalog,List,286,1AB11BD57893424EA226135F670197B31B96B861BA05C0C4962AF5BC8D0FBCEE
ven_c9d7d1a3b254,WEBSITE,https://www.mozzatile.com/,Website,List,287,1AB11BD57893424EA226135F670197B31B96B861BA05C0C4962AF5BC8D0FBCEE
ven_c9d7d1a3b254,INSTAGRAM,https://www.instagram.com/mozzatile/,Instagram,List,287,1AB11BD57893424EA226135F670197B31B96B861BA05C0C4962AF5BC8D0FBCEE
ven_c9d7d1a3b254,CATALOG,https://drive.google.com/drive/folders/19TsCUSuC7kIM19KQ2MxbPhtfKjqUrJaI?usp=drive_link,Drive/folder katalog,List,287,1AB11BD57893424EA226135F670197B31B96B861BA05C0C4962AF5BC8D0FBCEE
ven_5ef835f52085,WEBSITE,https://mukasurfaces.com/?fbclid=PARlRTSAN2Yj1leHRuA2FlbQIxMAABp5MEk2MJGGgH8BmyfeCNhvnzfXWQBxscBGE94G-25qs9IrSYOif3q6RuitCn_aem_d_38_UIbxFwwYn0-llxuNg,Website,List,288,1AB11BD57893424EA226135F670197B31B96B861BA05C0C4962AF5BC8D0FBCEE
ven_5ef835f52085,INSTAGRAM,https://www.instagram.com/muka_surface?igsh=dzd2emo2ZnFoaGdq,Instagram,List,288,1AB11BD57893424EA226135F670197B31B96B861BA05C0C4962AF5BC8D0FBCEE
ven_5ef835f52085,CATALOG,https://mukasurfaces.com/products,Product website/katalog,List,288,1AB11BD57893424EA226135F670197B31B96B861BA05C0C4962AF5BC8D0FBCEE
ven_da13c0600738,WEBSITE,https://www.muropaint.com/?fbclid=PAZXh0bgNhZW0CMTEAAaYro870CU_x8CAQZhdYe5Mf8T7JWj15AG13om221nI2XQRXR7r51NLqByo_aem_XNrR4xAV3GqCLmEEQVWABQ,Website,List,289,1AB11BD57893424EA226135F670197B31B96B861BA05C0C4962AF5BC8D0FBCEE
ven_da13c0600738,INSTAGRAM,https://www.instagram.com/muropaint/,Instagram,List,289,1AB11BD57893424EA226135F670197B31B96B861BA05C0C4962AF5BC8D0FBCEE
ven_0c5bf46ade9b,WEBSITE,https://murova-aluminium.com/,Website,List,290,1AB11BD57893424EA226135F670197B31B96B861BA05C0C4962AF5BC8D0FBCEE
ven_0c5bf46ade9b,INSTAGRAM,https://www.instagram.com/murova_aluminium/,Instagram,List,290,1AB11BD57893424EA226135F670197B31B96B861BA05C0C4962AF5BC8D0FBCEE
ven_5dd07ebf9483,INSTAGRAM,https://www.instagram.com/naura_artificial?igsh=NGc1ZmtrYmZ3b3Fo,Instagram,List,291,1AB11BD57893424EA226135F670197B31B96B861BA05C0C4962AF5BC8D0FBCEE
ven_f383a44b528d,WEBSITE,https://newwicker.com/,Website,List,292,1AB11BD57893424EA226135F670197B31B96B861BA05C0C4962AF5BC8D0FBCEE
ven_f383a44b528d,INSTAGRAM,https://www.instagram.com/newwickermanufacturer/,Instagram,List,292,1AB11BD57893424EA226135F670197B31B96B861BA05C0C4962AF5BC8D0FBCEE
ven_92bad59e18e2,WEBSITE,https://www.ykkap.co.id/,Website,List,293,1AB11BD57893424EA226135F670197B31B96B861BA05C0C4962AF5BC8D0FBCEE
ven_92bad59e18e2,INSTAGRAM,https://www.instagram.com/ykkapi_official/,Instagram,List,293,1AB11BD57893424EA226135F670197B31B96B861BA05C0C4962AF5BC8D0FBCEE
ven_92bad59e18e2,CATALOG,https://online.fliphtml5.com/imiiz/tmru/#p=H1,Product website/katalog,List,293,1AB11BD57893424EA226135F670197B31B96B861BA05C0C4962AF5BC8D0FBCEE
ven_92bad59e18e2,CATALOG,https://online.fliphtml5.com/imiiz/skkl/,Product website/katalog,List,293,1AB11BD57893424EA226135F670197B31B96B861BA05C0C4962AF5BC8D0FBCEE
ven_92bad59e18e2,CATALOG,https://online.fliphtml5.com/imiiz/cruv/#p=1,Product website/katalog,List,293,1AB11BD57893424EA226135F670197B31B96B861BA05C0C4962AF5BC8D0FBCEE
ven_92bad59e18e2,CATALOG,https://online.fliphtml5.com/imiiz/kulc/,Product website/katalog,List,293,1AB11BD57893424EA226135F670197B31B96B861BA05C0C4962AF5BC8D0FBCEE
ven_92bad59e18e2,CATALOG,https://online.fliphtml5.com/imiiz/btbo/,Product website/katalog,List,293,1AB11BD57893424EA226135F670197B31B96B861BA05C0C4962AF5BC8D0FBCEE
ven_de24dac85f38,WEBSITE,https://www.nobelcarpets.com/,Website,List,294,1AB11BD57893424EA226135F670197B31B96B861BA05C0C4962AF5BC8D0FBCEE
ven_de24dac85f38,INSTAGRAM,https://www.instagram.com/nobel.carpets,Instagram,List,294,1AB11BD57893424EA226135F670197B31B96B861BA05C0C4962AF5BC8D0FBCEE
ven_de24dac85f38,CATALOG,https://drive.google.com/drive/folders/1GMeZ3gRR_HQrJ50gdolXZnQlF5rmFW37?usp=sharing,Drive/folder katalog,List,294,1AB11BD57893424EA226135F670197B31B96B861BA05C0C4962AF5BC8D0FBCEE
ven_5621190c287e,INSTAGRAM,https://www.instagram.com/noodwood_id?igsh=MXRrb293dTdhdTdsaw==,Instagram,List,295,1AB11BD57893424EA226135F670197B31B96B861BA05C0C4962AF5BC8D0FBCEE
ven_0c5c0d8d474a,WEBSITE,https://novacolor.id/index.php,Website,List,296,1AB11BD57893424EA226135F670197B31B96B861BA05C0C4962AF5BC8D0FBCEE
ven_0c5c0d8d474a,INSTAGRAM,https://www.instagram.com/novacolor_indonesia/,Instagram,List,296,1AB11BD57893424EA226135F670197B31B96B861BA05C0C4962AF5BC8D0FBCEE
ven_0c5c0d8d474a,CATALOG,https://drive.google.com/drive/folders/1l0DmHJ2AIAB1N0-q_v7TgXRPNdOgQ0Yf?usp=share_link,Product website/katalog,List,296,1AB11BD57893424EA226135F670197B31B96B861BA05C0C4962AF5BC8D0FBCEE
ven_0c5c0d8d474a,CATALOG,https://drive.google.com/drive/folders/10CFKdDGXxq3daF5fVkiu_1l19cYsPW5f?usp=drive_link,Drive/folder katalog,List,296,1AB11BD57893424EA226135F670197B31B96B861BA05C0C4962AF5BC8D0FBCEE
ven_fa8c20379f20,WEBSITE,https://nustonerepublic.com,Website,List,297,1AB11BD57893424EA226135F670197B31B96B861BA05C0C4962AF5BC8D0FBCEE
ven_fa8c20379f20,INSTAGRAM,https://www.instagram.com/nustonerepublic_official/,Instagram,List,297,1AB11BD57893424EA226135F670197B31B96B861BA05C0C4962AF5BC8D0FBCEE
ven_dba9a0afd684,WEBSITE,https://www.nurcolighting.com/?fbclid=PAZXh0bgNhZW0CMTEAAaYfAh4qNoqpdAhN8f620C6KRKMU9q0Qt7KbUZxJme0uasSoC1Up9RGR6WY_aem_5CMBNGno22LJLdUcLlKCxw,Website,List,298,1AB11BD57893424EA226135F670197B31B96B861BA05C0C4962AF5BC8D0FBCEE
ven_dba9a0afd684,INSTAGRAM,https://www.instagram.com/nurcolighting/?hl=en,Instagram,List,298,1AB11BD57893424EA226135F670197B31B96B861BA05C0C4962AF5BC8D0FBCEE
ven_3c3649fedf02,INSTAGRAM,https://www.instagram.com/nusasarana/,Instagram,List,299,1AB11BD57893424EA226135F670197B31B96B861BA05C0C4962AF5BC8D0FBCEE
ven_f1d54f0338b4,WEBSITE,https://en.olo-home.com/,Website,List,301,1AB11BD57893424EA226135F670197B31B96B861BA05C0C4962AF5BC8D0FBCEE
ven_a26c1b056381,WEBSITE,https://omahbata.com/,Website,List,302,1AB11BD57893424EA226135F670197B31B96B861BA05C0C4962AF5BC8D0FBCEE
ven_a26c1b056381,INSTAGRAM,https://www.instagram.com/omahbata/?hl=en,Instagram,List,302,1AB11BD57893424EA226135F670197B31B96B861BA05C0C4962AF5BC8D0FBCEE
ven_a26c1b056381,CATALOG,https://drive.google.com/drive/folders/1Gh-gl9ZuWb_btwPFdW7HfNdioFyw9KZL?usp=drive_link,Drive/folder katalog,List,302,1AB11BD57893424EA226135F670197B31B96B861BA05C0C4962AF5BC8D0FBCEE
ven_d00b170da08b,WEBSITE,https://www.onassis-hardware.com/,Website,List,303,1AB11BD57893424EA226135F670197B31B96B861BA05C0C4962AF5BC8D0FBCEE
ven_d00b170da08b,INSTAGRAM,https://www.instagram.com/onassis.official/,Instagram,List,303,1AB11BD57893424EA226135F670197B31B96B861BA05C0C4962AF5BC8D0FBCEE
ven_d00b170da08b,CATALOG,https://drive.google.com/drive/folders/1SyIVJiLjNIOH-2oTwIlu4i2P3-NNeE7U?usp=sharing,Drive/folder katalog,List,303,1AB11BD57893424EA226135F670197B31B96B861BA05C0C4962AF5BC8D0FBCEE
ven_d2d0390e7f27,WEBSITE,https://www.onna.co.id/?fbclid=PAZXh0bgNhZW0CMTEAAacahAaVMTj8CFHsYB2515MFd3uN19E8N4Qy4KIvGODx9MwwrzUm0tnBTjr5IQ_aem__bj78BYq4Ao69c5c1MjRxA,Website,List,304,1AB11BD57893424EA226135F670197B31B96B861BA05C0C4962AF5BC8D0FBCEE
ven_d2d0390e7f27,INSTAGRAM,https://www.instagram.com/onnaindonesia,Instagram,List,304,1AB11BD57893424EA226135F670197B31B96B861BA05C0C4962AF5BC8D0FBCEE
ven_d2d0390e7f27,CATALOG,https://www.tokopedia.com/onnaprima?utm_campaign=Shop%20Share&utm_source=ios&utm_medium=Share&_branch_match_id=765074945979680988&_branch_referrer=H4sIAAAAAAAAA8soKSkottLXL8nPzi9ITclM1MvJzMvW9zK3NAhODQqLSkmyrytKTUstKsrMS49PKsovL04tsnXOKMrPTQUASnyXqzwAAAA%3D,Product website/katalog,List,304,1AB11BD57893424EA226135F670197B31B96B861BA05C0C4962AF5BC8D0FBCEE
ven_d2d0390e7f27,CATALOG,https://drive.google.com/drive/folders/1v3HEhZsVji55GYuk9iK24etDxV9-Kroj,Drive/folder katalog,List,304,1AB11BD57893424EA226135F670197B31B96B861BA05C0C4962AF5BC8D0FBCEE
ven_21d3368e5269,WEBSITE,https://osborn.id/,Website,List,305,1AB11BD57893424EA226135F670197B31B96B861BA05C0C4962AF5BC8D0FBCEE
ven_21d3368e5269,INSTAGRAM,https://www.instagram.com/osborn.pvcboard?igsh=MTBoemZwaXdwYWp4aQ==,Instagram,List,305,1AB11BD57893424EA226135F670197B31B96B861BA05C0C4962AF5BC8D0FBCEE
ven_21d3368e5269,CATALOG,https://drive.google.com/drive/folders/1u-_m9P4OAANOtmn2fVye9sspGaka67VG?usp=sharing,Drive/folder katalog,List,305,1AB11BD57893424EA226135F670197B31B96B861BA05C0C4962AF5BC8D0FBCEE
ven_6e1a9da23e92,WEBSITE,https://www.distributorbarrisol.id/Products.htm,Website,List,306,1AB11BD57893424EA226135F670197B31B96B861BA05C0C4962AF5BC8D0FBCEE
ven_8e016391c88c,WEBSITE,https://oslodesign.com/,Website,List,307;308,1AB11BD57893424EA226135F670197B31B96B861BA05C0C4962AF5BC8D0FBCEE
ven_8e016391c88c,INSTAGRAM,https://www.instagram.com/osloflooring/,Instagram,List,307,1AB11BD57893424EA226135F670197B31B96B861BA05C0C4962AF5BC8D0FBCEE
ven_8e016391c88c,CATALOG,https://drive.google.com/drive/folders/1hqguK326xLlabvzz_cp3ftjeqcJdPowi,Product website/katalog,List,307;308,1AB11BD57893424EA226135F670197B31B96B861BA05C0C4962AF5BC8D0FBCEE
ven_8e016391c88c,INSTAGRAM,https://www.instagram.com/oslo.id/,Instagram,List,308,1AB11BD57893424EA226135F670197B31B96B861BA05C0C4962AF5BC8D0FBCEE
ven_86f426b91150,WEBSITE,https://palomahardware.com/,Website,List,309;310,1AB11BD57893424EA226135F670197B31B96B861BA05C0C4962AF5BC8D0FBCEE
ven_86f426b91150,INSTAGRAM,https://www.instagram.com/palomahardware/?hl=en,Instagram,List,309;310,1AB11BD57893424EA226135F670197B31B96B861BA05C0C4962AF5BC8D0FBCEE
ven_86f426b91150,CATALOG,https://drive.google.com/drive/folders/1cUR5CjW0T6tkBEPrfoNjCREIWVm1QW5B?usp=drive_link,Drive/folder katalog,List,309;310,1AB11BD57893424EA226135F670197B31B96B861BA05C0C4962AF5BC8D0FBCEE
ven_8c6a168a8812,INSTAGRAM,https://www.instagram.com/pamosproject/,Instagram,List,311,1AB11BD57893424EA226135F670197B31B96B861BA05C0C4962AF5BC8D0FBCEE
ven_8c6a168a8812,CATALOG,https://drive.google.com/drive/folders/1NhKutV5jahOxuCrnIVfNWYuumqhwbTaA?usp=sharing,Drive/folder katalog,List,311,1AB11BD57893424EA226135F670197B31B96B861BA05C0C4962AF5BC8D0FBCEE
ven_55e3e25c7c80,INSTAGRAM,https://www.instagram.com/pandawaindonesiaofficial/?hl=en,Instagram,List,312,1AB11BD57893424EA226135F670197B31B96B861BA05C0C4962AF5BC8D0FBCEE
ven_55e3e25c7c80,CATALOG,https://drive.google.com/drive/folders/1Ug4Obqq6MW6p6gwQEhJerMCryzVW30y2?usp=drive_link,Drive/folder katalog,List,312,1AB11BD57893424EA226135F670197B31B96B861BA05C0C4962AF5BC8D0FBCEE
ven_8fa29922db26,WEBSITE,https://panelinc.id/,Website,List,313,1AB11BD57893424EA226135F670197B31B96B861BA05C0C4962AF5BC8D0FBCEE
ven_8fa29922db26,INSTAGRAM,https://www.instagram.com/panelinc.id?igsh=bng5YTdtM3J0MW96,Instagram,List,313,1AB11BD57893424EA226135F670197B31B96B861BA05C0C4962AF5BC8D0FBCEE
ven_8fa29922db26,CATALOG,https://panelinc.id/wall-panel-products/,Product website/katalog,List,313,1AB11BD57893424EA226135F670197B31B96B861BA05C0C4962AF5BC8D0FBCEE
ven_65506f583dcf,WEBSITE,https://panelku.co.id/,Website,List,314,1AB11BD57893424EA226135F670197B31B96B861BA05C0C4962AF5BC8D0FBCEE
ven_65506f583dcf,INSTAGRAM,https://www.instagram.com/panelku.co.id/?hl=en,Instagram,List,314,1AB11BD57893424EA226135F670197B31B96B861BA05C0C4962AF5BC8D0FBCEE
ven_65506f583dcf,CATALOG,https://drive.google.com/drive/folders/1IENtu0ZHFSjkUGVhxmXRPL8PpIBSGzSF?usp=drive_link,Drive/folder katalog,List,314,1AB11BD57893424EA226135F670197B31B96B861BA05C0C4962AF5BC8D0FBCEE
ven_7b09d281dedc,INSTAGRAM,https://www.instagram.com/papanrumaterrazzo/,Instagram,List,315,1AB11BD57893424EA226135F670197B31B96B861BA05C0C4962AF5BC8D0FBCEE
ven_96bb11a54e13,WEBSITE,https://linktr.ee/paperyarn,Website,List,316,1AB11BD57893424EA226135F670197B31B96B861BA05C0C4962AF5BC8D0FBCEE
ven_96bb11a54e13,INSTAGRAM,https://www.instagram.com/paperyarn_id,Instagram,List,316,1AB11BD57893424EA226135F670197B31B96B861BA05C0C4962AF5BC8D0FBCEE
ven_96bb11a54e13,CATALOG,https://drive.google.com/drive/folders/1Hruf9dRN-WzbuwDcUkLYijTUyVsVYkxU?usp=drive_link,Drive/folder katalog,List,316,1AB11BD57893424EA226135F670197B31B96B861BA05C0C4962AF5BC8D0FBCEE
ven_96bb11a54e13,CATALOG,https://drive.google.com/drive/folders/14QhwvZCxSmaDkDd49ZjrVUaMfI50J_jg?usp=drive_link,Drive/folder katalog,List,316,1AB11BD57893424EA226135F670197B31B96B861BA05C0C4962AF5BC8D0FBCEE
ven_704cbceea23b,WEBSITE,https://mail.pentaprima.co.id/home#loaded,Website,List,317,1AB11BD57893424EA226135F670197B31B96B861BA05C0C4962AF5BC8D0FBCEE
ven_704cbceea23b,INSTAGRAM,https://www.instagram.com/pentaprimapaint.id?igsh=OTZjNzZwdWs1NXZs,Instagram,List,317,1AB11BD57893424EA226135F670197B31B96B861BA05C0C4962AF5BC8D0FBCEE
ven_704cbceea23b,CATALOG,https://static.myqrcode.mobi/user-media-prod/Elastomeric_Texture_Paint_R1_e319c8b0_7zblx0,Drive/folder katalog,List,317,1AB11BD57893424EA226135F670197B31B96B861BA05C0C4962AF5BC8D0FBCEE
ven_aa5a15f620e1,WEBSITE,https://perintislogam.com/,Website,List,318,1AB11BD57893424EA226135F670197B31B96B861BA05C0C4962AF5BC8D0FBCEE
ven_aa5a15f620e1,INSTAGRAM,https://www.instagram.com/perintis.logam/,Instagram,List,318,1AB11BD57893424EA226135F670197B31B96B861BA05C0C4962AF5BC8D0FBCEE
ven_aa5a15f620e1,CATALOG,https://id.shp.ee/S88Yumb?fbclid=PARlRTSANm6fpleHRuA2FlbQIxMQABp2UmOMZ2kGbA5NhzYPplR1EycYzTok4XvlGQgo9JOftLznXb-UfhhI4Xwmiv_aem_9akHo42sLvpFqHkio_YsEg,Product website/katalog,List,318,1AB11BD57893424EA226135F670197B31B96B861BA05C0C4962AF5BC8D0FBCEE
ven_a533b4385d94,WEBSITE,https://phomimcm.com/,Website,List,319,1AB11BD57893424EA226135F670197B31B96B861BA05C0C4962AF5BC8D0FBCEE
ven_a533b4385d94,INSTAGRAM,https://www.instagram.com/phomimcm/?hl=en,Instagram,List,319,1AB11BD57893424EA226135F670197B31B96B861BA05C0C4962AF5BC8D0FBCEE
ven_a533b4385d94,CATALOG,https://drive.google.com/drive/folders/1BivdmUyzf_iwm11_KdnB1fssWUvIJxvi?usp=drive_link,Drive/folder katalog,List,319,1AB11BD57893424EA226135F670197B31B96B861BA05C0C4962AF5BC8D0FBCEE
ven_23ad77c1ae32,WEBSITE,https://pietrabiancainternational.id/?fbclid=PAZnRzaAN1PGFleHRuA2FlbQIxMQABp0gWbRSEB5K8HaprhQzzJinrgzIujo_UiEzbBzy5X_11jncux1IVn6P8fQh0_aem_6zXwBflD9Ao3irO1fNR6GQ,Website,List,320,1AB11BD57893424EA226135F670197B31B96B861BA05C0C4962AF5BC8D0FBCEE
ven_23ad77c1ae32,INSTAGRAM,https://www.instagram.com/pietrabianca.id/,Instagram,List,320,1AB11BD57893424EA226135F670197B31B96B861BA05C0C4962AF5BC8D0FBCEE
ven_b0fef621727f,WEBSITE,https://itspineapple.com/,Website,List,321,1AB11BD57893424EA226135F670197B31B96B861BA05C0C4962AF5BC8D0FBCEE
ven_b0fef621727f,INSTAGRAM,https://www.instagram.com/pineapplefurniture/,Instagram,List,321,1AB11BD57893424EA226135F670197B31B96B861BA05C0C4962AF5BC8D0FBCEE
ven_b0fef621727f,CATALOG,https://drive.google.com/drive/folders/1CzgHm_qoNYJ5-SGUeaIGGsgU218LixhK?usp=drive_link,Drive/folder katalog,List,321,1AB11BD57893424EA226135F670197B31B96B861BA05C0C4962AF5BC8D0FBCEE
ven_6b9bf3f62890,WEBSITE,https://www.plaswoodindonesia.com/,Website,List,322;323;324;325,1AB11BD57893424EA226135F670197B31B96B861BA05C0C4962AF5BC8D0FBCEE
ven_6b9bf3f62890,INSTAGRAM,https://www.instagram.com/plaswood_id/?hl=en,Instagram,List,322;323;324;325,1AB11BD57893424EA226135F670197B31B96B861BA05C0C4962AF5BC8D0FBCEE
ven_6b9bf3f62890,CATALOG,https://www.plaswoodindonesia.com/texture-spc,Product website/katalog,List,322,1AB11BD57893424EA226135F670197B31B96B861BA05C0C4962AF5BC8D0FBCEE
ven_6b9bf3f62890,CATALOG,https://www.plaswoodindonesia.com/texture-vinyl,Product website/katalog,List,322,1AB11BD57893424EA226135F670197B31B96B861BA05C0C4962AF5BC8D0FBCEE
ven_6b9bf3f62890,CATALOG,https://www.plaswoodindonesia.com/texture-candh-panel,Product website/katalog,List,323,1AB11BD57893424EA226135F670197B31B96B861BA05C0C4962AF5BC8D0FBCEE
ven_6b9bf3f62890,CATALOG,https://www.plaswoodindonesia.com/texture-plafon,Product website/katalog,List,324,1AB11BD57893424EA226135F670197B31B96B861BA05C0C4962AF5BC8D0FBCEE
ven_6b9bf3f62890,CATALOG,https://www.plaswoodindonesia.com/texture-wpc,Product website/katalog,List,325,1AB11BD57893424EA226135F670197B31B96B861BA05C0C4962AF5BC8D0FBCEE
ven_6b9bf3f62890,CATALOG,https://www.plaswoodindonesia.com/texture-wall-board,Product website/katalog,List,325,1AB11BD57893424EA226135F670197B31B96B861BA05C0C4962AF5BC8D0FBCEE
ven_bd52d4c5c71b,WEBSITE,https://primaja.indonetwork.co.id,Website,List,326,1AB11BD57893424EA226135F670197B31B96B861BA05C0C4962AF5BC8D0FBCEE
ven_bd52d4c5c71b,INSTAGRAM,https://www.instagram.com/indonetwork.co.id/,Instagram,List,326,1AB11BD57893424EA226135F670197B31B96B861BA05C0C4962AF5BC8D0FBCEE
ven_a9687d4ef889,WEBSITE,https://primestone.co.id/,Website,List,327,1AB11BD57893424EA226135F670197B31B96B861BA05C0C4962AF5BC8D0FBCEE
ven_a9687d4ef889,INSTAGRAM,https://www.instagram.com/primestone.id/?hl=en,Instagram,List,327,1AB11BD57893424EA226135F670197B31B96B861BA05C0C4962AF5BC8D0FBCEE
ven_a9687d4ef889,CATALOG,https://drive.google.com/drive/folders/1NFldpayl56qG8pJfaq2VyF08dBotxGv2?usp=drive_link,Drive/folder katalog,List,327,1AB11BD57893424EA226135F670197B31B96B861BA05C0C4962AF5BC8D0FBCEE
ven_cfb2820f0991,WEBSITE,https://prismamarble.id/about-prisma/,Website,List,328,1AB11BD57893424EA226135F670197B31B96B861BA05C0C4962AF5BC8D0FBCEE
ven_cfb2820f0991,INSTAGRAM,https://www.instagram.com/prismamarble/?hl=en,Instagram,List,328,1AB11BD57893424EA226135F670197B31B96B861BA05C0C4962AF5BC8D0FBCEE
ven_cfb2820f0991,CATALOG,https://www.primasejati.co.id/index.html,Product website/katalog,List,328,1AB11BD57893424EA226135F670197B31B96B861BA05C0C4962AF5BC8D0FBCEE
ven_b86e4ba1ce75,WEBSITE,https://prive-living.com/,Website,List,329;330,1AB11BD57893424EA226135F670197B31B96B861BA05C0C4962AF5BC8D0FBCEE
ven_b86e4ba1ce75,INSTAGRAM,https://www.instagram.com/privefurniture/?hl=en,Instagram,List,329;330,1AB11BD57893424EA226135F670197B31B96B861BA05C0C4962AF5BC8D0FBCEE
ven_b86e4ba1ce75,CATALOG,https://prive-living.com/product-category/living/,Product website/katalog,List,329,1AB11BD57893424EA226135F670197B31B96B861BA05C0C4962AF5BC8D0FBCEE
ven_b86e4ba1ce75,CATALOG,https://prive-living.com/product-category/dining/,Product website/katalog,List,329,1AB11BD57893424EA226135F670197B31B96B861BA05C0C4962AF5BC8D0FBCEE
ven_b86e4ba1ce75,CATALOG,https://prive-living.com/product-category/collection-bed/,Product website/katalog,List,329,1AB11BD57893424EA226135F670197B31B96B861BA05C0C4962AF5BC8D0FBCEE
ven_b86e4ba1ce75,CATALOG,https://prive-living.com/kitchen/,Product website/katalog,List,329,1AB11BD57893424EA226135F670197B31B96B861BA05C0C4962AF5BC8D0FBCEE
ven_cc85ae74e86d,WEBSITE,https://pronamax.com/?fbclid=PAZXh0bgNhZW0CMTEAAafrhAfS7HjmtFM1gLYfYxsnVT4U8U9ekaaQtkgeW-2xWnbVWQ4EAHGGJ8MV-Q_aem_4zehYeCn9l_3xH6fteuo3A,Website,List,331,1AB11BD57893424EA226135F670197B31B96B861BA05C0C4962AF5BC8D0FBCEE
ven_cc85ae74e86d,INSTAGRAM,https://www.instagram.com/pronamax.official,Instagram,List,331,1AB11BD57893424EA226135F670197B31B96B861BA05C0C4962AF5BC8D0FBCEE
ven_f854da43e230,WEBSITE,https://puffinpaint.com/,Website,List,332,1AB11BD57893424EA226135F670197B31B96B861BA05C0C4962AF5BC8D0FBCEE
ven_f854da43e230,INSTAGRAM,https://www.instagram.com/puffinpaint?igsh=OTRpdzZxbXF3N25p,Instagram,List,332,1AB11BD57893424EA226135F670197B31B96B861BA05C0C4962AF5BC8D0FBCEE
ven_f854da43e230,CATALOG,https://www.tokopedia.com/rwinwijaya/etalase/sold?sort=7,Product website/katalog,List,332,1AB11BD57893424EA226135F670197B31B96B861BA05C0C4962AF5BC8D0FBCEE
ven_957f74198d62,INSTAGRAM,https://www.instagram.com/purnamaroster/,Instagram,List,333,1AB11BD57893424EA226135F670197B31B96B861BA05C0C4962AF5BC8D0FBCEE
ven_9689be17e5b0,WEBSITE,https://www.purvaindonesia.com/?fbclid=PAZXh0bgNhZW0CMTEAAaaM7CEipj2QUWwaxNP5a0sp_1KdcgHJ8ZD2qpDr7xZh536XpFiy9D31oZc_aem_f1HdjEF0gXjgTCtd8k-Pxg,Website,List,334,1AB11BD57893424EA226135F670197B31B96B861BA05C0C4962AF5BC8D0FBCEE
ven_9689be17e5b0,INSTAGRAM,https://www.instagram.com/purva.id/?hl=en,Instagram,List,334,1AB11BD57893424EA226135F670197B31B96B861BA05C0C4962AF5BC8D0FBCEE
ven_9689be17e5b0,CATALOG,https://drive.google.com/drive/folders/18HWHMeCLsDquDL-8bZrOnGG2i8vwhCEr?usp=drive_link,Drive/folder katalog,List,334,1AB11BD57893424EA226135F670197B31B96B861BA05C0C4962AF5BC8D0FBCEE
ven_d1f9d15a5aa6,WEBSITE,https://quantummarble.com/,Website,List,335,1AB11BD57893424EA226135F670197B31B96B861BA05C0C4962AF5BC8D0FBCEE
ven_d1f9d15a5aa6,INSTAGRAM,https://www.instagram.com/quantummarble.id/?hl=en,Instagram,List,335,1AB11BD57893424EA226135F670197B31B96B861BA05C0C4962AF5BC8D0FBCEE
ven_a3e690053061,INSTAGRAM,https://www.instagram.com/rag_home/?hl=en,Instagram,List,336,1AB11BD57893424EA226135F670197B31B96B861BA05C0C4962AF5BC8D0FBCEE
ven_a3e690053061,CATALOG,https://pin.it/hkbLQNiJF,Product website/katalog,List,336,1AB11BD57893424EA226135F670197B31B96B861BA05C0C4962AF5BC8D0FBCEE
ven_0bb3e5c77136,INSTAGRAM,https://www.instagram.com/rava.idn?igsh=M3B5YXZpc29pdzhw,Instagram,List,337;338,1AB11BD57893424EA226135F670197B31B96B861BA05C0C4962AF5BC8D0FBCEE
ven_0bb3e5c77136,CATALOG,https://drive.google.com/drive/folders/1mlEkri9UTE4_3t_wfI7EHpU01N0DXoPo?usp=drive_link,Drive/folder katalog,List,338,1AB11BD57893424EA226135F670197B31B96B861BA05C0C4962AF5BC8D0FBCEE
ven_ea0a3f276643,WEBSITE,https://reflecto.co.id,Website,List,339;340,1AB11BD57893424EA226135F670197B31B96B861BA05C0C4962AF5BC8D0FBCEE
ven_ea0a3f276643,INSTAGRAM,https://www.instagram.com/reflecto.id/,Instagram,List,339;340,1AB11BD57893424EA226135F670197B31B96B861BA05C0C4962AF5BC8D0FBCEE
ven_ea0a3f276643,CATALOG,https://drive.google.com/drive/folders/1F26rmE8hajuqtBXNuxHnB2GaqvFPpOxT?usp=drive_link,Drive/folder katalog,List,339;340,1AB11BD57893424EA226135F670197B31B96B861BA05C0C4962AF5BC8D0FBCEE
ven_27b43fd8d911,WEBSITE,https://reflecto.co.id,Website,List,341,1AB11BD57893424EA226135F670197B31B96B861BA05C0C4962AF5BC8D0FBCEE
ven_27b43fd8d911,INSTAGRAM,https://www.instagram.com/reflecto.id/,Instagram,List,341,1AB11BD57893424EA226135F670197B31B96B861BA05C0C4962AF5BC8D0FBCEE
ven_27b43fd8d911,CATALOG,https://drive.google.com/drive/folders/1F26rmE8hajuqtBXNuxHnB2GaqvFPpOxT?usp=drive_link,Drive/folder katalog,List,341,1AB11BD57893424EA226135F670197B31B96B861BA05C0C4962AF5BC8D0FBCEE
ven_8d9e2ee1d9bd,WEBSITE,https://reflecto.co.id,Website,List,342,1AB11BD57893424EA226135F670197B31B96B861BA05C0C4962AF5BC8D0FBCEE
ven_8d9e2ee1d9bd,INSTAGRAM,https://www.instagram.com/reflecto.id/,Instagram,List,342,1AB11BD57893424EA226135F670197B31B96B861BA05C0C4962AF5BC8D0FBCEE
ven_8d9e2ee1d9bd,CATALOG,https://reflecto.co.id/more/catalog/,Product website/katalog,List,342,1AB11BD57893424EA226135F670197B31B96B861BA05C0C4962AF5BC8D0FBCEE
ven_8d9e2ee1d9bd,CATALOG,https://drive.google.com/drive/folders/1F26rmE8hajuqtBXNuxHnB2GaqvFPpOxT?usp=drive_link,Drive/folder katalog,List,342,1AB11BD57893424EA226135F670197B31B96B861BA05C0C4962AF5BC8D0FBCEE
ven_c1bd8ecd7783,WEBSITE,https://reflecto.co.id,Website,List,343,1AB11BD57893424EA226135F670197B31B96B861BA05C0C4962AF5BC8D0FBCEE
ven_c1bd8ecd7783,INSTAGRAM,https://www.instagram.com/reflecto.id/,Instagram,List,343,1AB11BD57893424EA226135F670197B31B96B861BA05C0C4962AF5BC8D0FBCEE
ven_c1bd8ecd7783,CATALOG,https://drive.google.com/drive/folders/1F26rmE8hajuqtBXNuxHnB2GaqvFPpOxT?usp=drive_link,Drive/folder katalog,List,343,1AB11BD57893424EA226135F670197B31B96B861BA05C0C4962AF5BC8D0FBCEE
ven_236e15b87c95,WEBSITE,https://reflecto.co.id,Website,List,344,1AB11BD57893424EA226135F670197B31B96B861BA05C0C4962AF5BC8D0FBCEE
ven_236e15b87c95,INSTAGRAM,https://www.instagram.com/reflecto.id/,Instagram,List,344,1AB11BD57893424EA226135F670197B31B96B861BA05C0C4962AF5BC8D0FBCEE
ven_236e15b87c95,CATALOG,https://drive.google.com/drive/folders/1F26rmE8hajuqtBXNuxHnB2GaqvFPpOxT?usp=drive_link,Drive/folder katalog,List,344,1AB11BD57893424EA226135F670197B31B96B861BA05C0C4962AF5BC8D0FBCEE
ven_8a6fd7c160a1,INSTAGRAM,https://www.instagram.com/regno_id/,Instagram,List,345,1AB11BD57893424EA226135F670197B31B96B861BA05C0C4962AF5BC8D0FBCEE
ven_8a6fd7c160a1,CATALOG,https://www.renos.id/p/regno-wall-panel?srsltid=AfmBOor7N3dZC_t8olV3Zbd2FNxAAMTftFWazgf_WgTuKnM1XE-YJCmg,Product website/katalog,List,345,1AB11BD57893424EA226135F670197B31B96B861BA05C0C4962AF5BC8D0FBCEE
ven_288696c8f503,INSTAGRAM,https://www.instagram.com/importir_marmer_granit/,Instagram,List,346,1AB11BD57893424EA226135F670197B31B96B861BA05C0C4962AF5BC8D0FBCEE
ven_e12d41d86c75,WEBSITE,https://rimbapartikel.com/id/,Website,List,347,1AB11BD57893424EA226135F670197B31B96B861BA05C0C4962AF5BC8D0FBCEE
ven_e12d41d86c75,INSTAGRAM,https://www.instagram.com/rimbapartikel/,Instagram,List,347,1AB11BD57893424EA226135F670197B31B96B861BA05C0C4962AF5BC8D0FBCEE
ven_e12d41d86c75,CATALOG,https://drive.google.com/drive/folders/1WqHJk175DYljZuacp4RnFhRyNI6fga1Q?usp=drive_link,Drive/folder katalog,List,347,1AB11BD57893424EA226135F670197B31B96B861BA05C0C4962AF5BC8D0FBCEE
ven_294c203fd39f,WEBSITE,https://www.roa.co.id/index.html,Website,List,348,1AB11BD57893424EA226135F670197B31B96B861BA05C0C4962AF5BC8D0FBCEE
ven_294c203fd39f,INSTAGRAM,https://www.instagram.com/roa.handwoven/?hl=en,Instagram,List,348,1AB11BD57893424EA226135F670197B31B96B861BA05C0C4962AF5BC8D0FBCEE
ven_b625d86948f7,INSTAGRAM,https://www.instagram.com/robries/?hl=en,Instagram,List,349,1AB11BD57893424EA226135F670197B31B96B861BA05C0C4962AF5BC8D0FBCEE
ven_2081ec56aa75,WEBSITE,https://www.rockpaint.co.id/id,Website,List,350,1AB11BD57893424EA226135F670197B31B96B861BA05C0C4962AF5BC8D0FBCEE
ven_2081ec56aa75,INSTAGRAM,https://www.instagram.com/rockpaint_indonesia/,Instagram,List,350,1AB11BD57893424EA226135F670197B31B96B861BA05C0C4962AF5BC8D0FBCEE
ven_2081ec56aa75,CATALOG,https://www.rockpaint.co.id/id/product/adhesive,Product website/katalog,List,350,1AB11BD57893424EA226135F670197B31B96B861BA05C0C4962AF5BC8D0FBCEE
ven_2081ec56aa75,CATALOG,https://www.rockpaint.co.id/id/product/decorative,Drive/folder katalog,List,350,1AB11BD57893424EA226135F670197B31B96B861BA05C0C4962AF5BC8D0FBCEE
ven_4b12261f1338,WEBSITE,https://rooftop.co.id/,Website,List,351,1AB11BD57893424EA226135F670197B31B96B861BA05C0C4962AF5BC8D0FBCEE
ven_4b12261f1338,INSTAGRAM,https://www.instagram.com/rooftop.id/,Instagram,List,351,1AB11BD57893424EA226135F670197B31B96B861BA05C0C4962AF5BC8D0FBCEE
ven_4b12261f1338,CATALOG,https://rooftop.co.id/document-download/,Product website/katalog,List,351,1AB11BD57893424EA226135F670197B31B96B861BA05C0C4962AF5BC8D0FBCEE
ven_6c879f23b775,INSTAGRAM,https://www.instagram.com/rootslab/?hl=en,Instagram,List,352,1AB11BD57893424EA226135F670197B31B96B861BA05C0C4962AF5BC8D0FBCEE
ven_c7b2cb55a920,WEBSITE,https://roshan.id/,Website,List,353,1AB11BD57893424EA226135F670197B31B96B861BA05C0C4962AF5BC8D0FBCEE
ven_c7b2cb55a920,INSTAGRAM,https://www.instagram.com/roshan.id/,Instagram,List,353,1AB11BD57893424EA226135F670197B31B96B861BA05C0C4962AF5BC8D0FBCEE
ven_c7b2cb55a920,CATALOG,https://drive.google.com/drive/folders/10F5HM291GW-SJh5g8ojDZBICMI0GJvRP?usp=drive_link,Drive/folder katalog,List,353,1AB11BD57893424EA226135F670197B31B96B861BA05C0C4962AF5BC8D0FBCEE
ven_2f579564665b,WEBSITE,https://rovegafurniture.com/,Website,List,354,1AB11BD57893424EA226135F670197B31B96B861BA05C0C4962AF5BC8D0FBCEE
ven_2f579564665b,INSTAGRAM,https://www.instagram.com/rovegafurniture/?hl=id,Instagram,List,354,1AB11BD57893424EA226135F670197B31B96B861BA05C0C4962AF5BC8D0FBCEE
ven_2f579564665b,CATALOG,https://drive.google.com/drive/u/3/folders/1baov30qdBPB1zC1kAZDbtAYJJNPWMgkZ,Drive/folder katalog,List,354,1AB11BD57893424EA226135F670197B31B96B861BA05C0C4962AF5BC8D0FBCEE
ven_2f6ec155f398,INSTAGRAM,https://www.instagram.com/roxy_glass?igsh=MWl1cHNzeXF5dXJwZQ==,Instagram,List,355,1AB11BD57893424EA226135F670197B31B96B861BA05C0C4962AF5BC8D0FBCEE
ven_2f6ec155f398,CATALOG,https://drive.google.com/drive/folders/1e0am4Scdw_6SmrP-VblJfZx_Cdfdah7p,Drive/folder katalog,List,355,1AB11BD57893424EA226135F670197B31B96B861BA05C0C4962AF5BC8D0FBCEE
ven_2f6ec155f398,WEBSITE,https://www.roxyglass.com/,Website,List,356,1AB11BD57893424EA226135F670197B31B96B861BA05C0C4962AF5BC8D0FBCEE
ven_2f6ec155f398,INSTAGRAM,https://www.instagram.com/roxy_glass,Instagram,List,356,1AB11BD57893424EA226135F670197B31B96B861BA05C0C4962AF5BC8D0FBCEE
ven_2f6ec155f398,CATALOG,https://drive.google.com/drive/folders/1HMxQB4pZWNs7_DprCZbMY3Nvii5dVSE0?usp=drive_link,Drive/folder katalog,List,356,1AB11BD57893424EA226135F670197B31B96B861BA05C0C4962AF5BC8D0FBCEE
ven_ff3444cb9f2d,WEBSITE,https://rumahmebel.id,Website,List,357,1AB11BD57893424EA226135F670197B31B96B861BA05C0C4962AF5BC8D0FBCEE
ven_ff3444cb9f2d,INSTAGRAM,https://www.instagram.com/rumahmebel.id/,Instagram,List,357,1AB11BD57893424EA226135F670197B31B96B861BA05C0C4962AF5BC8D0FBCEE
ven_64a13c8394a2,WEBSITE,https://sahabatjayasukses.com/,Website,List,358,1AB11BD57893424EA226135F670197B31B96B861BA05C0C4962AF5BC8D0FBCEE
ven_64a13c8394a2,INSTAGRAM,https://www.instagram.com/sahabatjayasukses/,Instagram,List,358,1AB11BD57893424EA226135F670197B31B96B861BA05C0C4962AF5BC8D0FBCEE
ven_64a13c8394a2,CATALOG,https://drive.google.com/drive/folders/125WUAFLBfkHflvngyzWRHEen7UFULGwb?usp=drive_link,Drive/folder katalog,List,358,1AB11BD57893424EA226135F670197B31B96B861BA05C0C4962AF5BC8D0FBCEE
ven_534647ddc3a0,INSTAGRAM,https://www.instagram.com/a.sakamuryafurniture/?hl=en,Instagram,List,359,1AB11BD57893424EA226135F670197B31B96B861BA05C0C4962AF5BC8D0FBCEE
ven_ddcf4bfae15d,WEBSITE,https://www.sampoernakayoe.co.id/id/,Website,List,360,1AB11BD57893424EA226135F670197B31B96B861BA05C0C4962AF5BC8D0FBCEE
ven_ddcf4bfae15d,INSTAGRAM,https://www.instagram.com/sampoernakayoe/?hl=en,Instagram,List,360,1AB11BD57893424EA226135F670197B31B96B861BA05C0C4962AF5BC8D0FBCEE
ven_d92ae279af74,INSTAGRAM,https://www.instagram.com/samudera_nite/,Instagram,List,361,1AB11BD57893424EA226135F670197B31B96B861BA05C0C4962AF5BC8D0FBCEE
ven_d92ae279af74,CATALOG,https://d1fdloi71mui9q.cloudfront.net/7wMH53hiR7eSYI4UOovP_catalog%20%2B%20custom%20examples.pdf,Drive/folder katalog,List,361,1AB11BD57893424EA226135F670197B31B96B861BA05C0C4962AF5BC8D0FBCEE
ven_5e9b5031198d,WEBSITE,http://www.sana-living.com/,Website,List,362,1AB11BD57893424EA226135F670197B31B96B861BA05C0C4962AF5BC8D0FBCEE
ven_5e9b5031198d,INSTAGRAM,https://www.instagram.com/sanaliving/,Instagram,List,362,1AB11BD57893424EA226135F670197B31B96B861BA05C0C4962AF5BC8D0FBCEE
ven_9a7c57a92e92,INSTAGRAM,https://www.instagram.com/sansmosaic/,Instagram,List,363,1AB11BD57893424EA226135F670197B31B96B861BA05C0C4962AF5BC8D0FBCEE
ven_ffb844281605,INSTAGRAM,https://www.instagram.com/sentrabata?igsh=MWFibW40d2J4ZmUwcQ==,Instagram,List,364,1AB11BD57893424EA226135F670197B31B96B861BA05C0C4962AF5BC8D0FBCEE
ven_9d7ea0a869a5,INSTAGRAM,https://www.instagram.com/sentramarble.id/?hl=en,Instagram,List,365,1AB11BD57893424EA226135F670197B31B96B861BA05C0C4962AF5BC8D0FBCEE
ven_9e94e3750303,WEBSITE,https://sentramarmer.com/index.html,Website,List,366,1AB11BD57893424EA226135F670197B31B96B861BA05C0C4962AF5BC8D0FBCEE
ven_9e94e3750303,INSTAGRAM,https://www.instagram.com/sentramarmer/,Instagram,List,366,1AB11BD57893424EA226135F670197B31B96B861BA05C0C4962AF5BC8D0FBCEE
ven_31fce62b2e21,WEBSITE,https://sentracon.co.id/,Website,List,367,1AB11BD57893424EA226135F670197B31B96B861BA05C0C4962AF5BC8D0FBCEE
ven_87daad822c6e,WEBSITE,https://www.serbaantik.com/,Website,List,368;369,1AB11BD57893424EA226135F670197B31B96B861BA05C0C4962AF5BC8D0FBCEE
ven_87daad822c6e,INSTAGRAM,https://www.instagram.com/serbaantikinterior,Instagram,List,368;369,1AB11BD57893424EA226135F670197B31B96B861BA05C0C4962AF5BC8D0FBCEE
ven_703b5e3c1f7d,WEBSITE,https://seyven.co.id/?fbclid=PAZXh0bgNhZW0CMTEAAadtenNlTwT3W-QIlYtdfZ6puIVEupAYU-ou0WjyI9kLukbgNOgu8WS_F14Edg_aem_VxS4-Pf0ONa6XafBbfsaoA,Website,List,370,1AB11BD57893424EA226135F670197B31B96B861BA05C0C4962AF5BC8D0FBCEE
ven_703b5e3c1f7d,INSTAGRAM,https://www.instagram.com/seyven.id,Instagram,List,370,1AB11BD57893424EA226135F670197B31B96B861BA05C0C4962AF5BC8D0FBCEE
ven_e7eab9aeb356,INSTAGRAM,https://www.instagram.com/sibindonesia/,Instagram,List,371,1AB11BD57893424EA226135F670197B31B96B861BA05C0C4962AF5BC8D0FBCEE
ven_77fb08d2b315,WEBSITE,https://singres.id/,Website,List,372,1AB11BD57893424EA226135F670197B31B96B861BA05C0C4962AF5BC8D0FBCEE
ven_77fb08d2b315,INSTAGRAM,https://www.instagram.com/singres.mosaic/,Instagram,List,372,1AB11BD57893424EA226135F670197B31B96B861BA05C0C4962AF5BC8D0FBCEE
ven_77fb08d2b315,CATALOG,https://shopee.co.id/singrestiles.id?entryPoint=ShopBySearch&searchKeyword=singres%20tiles&tab=shop&fbclid=PARlRTSAN1ZSFleHRuA2FlbQIxMQABpyGhYWek31bZeyEhZA6if_NTZwsFfnk4GCqNJAEG4y82tJDcC_j9Ixi0UbPv_aem_qRg6uX1sXExHFsAP3tozrw,Product website/katalog,List,372,1AB11BD57893424EA226135F670197B31B96B861BA05C0C4962AF5BC8D0FBCEE
ven_f1b091846568,WEBSITE,https://sioline.com/en,Website,List,373,1AB11BD57893424EA226135F670197B31B96B861BA05C0C4962AF5BC8D0FBCEE
ven_f1b091846568,INSTAGRAM,https://www.instagram.com/sioen.membrane.indonesia/,Instagram,List,373,1AB11BD57893424EA226135F670197B31B96B861BA05C0C4962AF5BC8D0FBCEE
ven_b8f4a9b2819d,INSTAGRAM,https://www.instagram.com/sisu.home/,Instagram,List,374,1AB11BD57893424EA226135F670197B31B96B861BA05C0C4962AF5BC8D0FBCEE
ven_10457db46ef5,WEBSITE,https://skayu.co.id,Website,List,375,1AB11BD57893424EA226135F670197B31B96B861BA05C0C4962AF5BC8D0FBCEE
ven_10457db46ef5,INSTAGRAM,https://www.instagram.com/skayu.international?igsh=MXJnOW5mYmRmc24weA==,Instagram,List,375,1AB11BD57893424EA226135F670197B31B96B861BA05C0C4962AF5BC8D0FBCEE
ven_10457db46ef5,CATALOG,https://skayu.co.id/about/#e-catalog,Product website/katalog,List,375,1AB11BD57893424EA226135F670197B31B96B861BA05C0C4962AF5BC8D0FBCEE
ven_d5262c8b15d8,INSTAGRAM,https://www.instagram.com/skywall_id/?hl=en,Instagram,List,376,1AB11BD57893424EA226135F670197B31B96B861BA05C0C4962AF5BC8D0FBCEE
ven_d5262c8b15d8,CATALOG,https://www.tokopedia.com/langgengtradateknik/etalase/skywall-polycarbonate?fbclid=PARlRTSAN1Y8hleHRuA2FlbQIxMQABp5DuKjvCt5Y4aYL1EzHxbe0NY5JI0kL6N54OMUGqy8O7usG3Y57djNNKEqfi_aem_cKGX9vqaUC_vQby3Dr6DqQ,Product website/katalog,List,376,1AB11BD57893424EA226135F670197B31B96B861BA05C0C4962AF5BC8D0FBCEE
ven_d5262c8b15d8,CATALOG,https://skywall.id/wp-content/uploads/2025/09/Skywall-Portfolio-Project-2025-COMPRESSED.pdf?fbclid=PAZnRzaAN1Y3FleHRuA2FlbQIxMQABp0OkYyZcTfTovT0LrlamK-FLo4mKFTX7Ylq5yS7EkeT6VFFF9gqJYn6XHEnc_aem_7anvale0GMMNDfkcdkWcBw,Drive/folder katalog,List,376,1AB11BD57893424EA226135F670197B31B96B861BA05C0C4962AF5BC8D0FBCEE
ven_9ca87fe6e218,WEBSITE,https://sol-collection.id/,Website,List,377,1AB11BD57893424EA226135F670197B31B96B861BA05C0C4962AF5BC8D0FBCEE
ven_9ca87fe6e218,INSTAGRAM,https://www.instagram.com/solbypdm/%20/,Instagram,List,377,1AB11BD57893424EA226135F670197B31B96B861BA05C0C4962AF5BC8D0FBCEE
ven_9ca87fe6e218,CATALOG,https://sol-collection.id/products/actiu/,Product website/katalog,List,377,1AB11BD57893424EA226135F670197B31B96B861BA05C0C4962AF5BC8D0FBCEE
ven_9ca87fe6e218,CATALOG,https://sol-collection.id/products/andtradition/,Product website/katalog,List,377,1AB11BD57893424EA226135F670197B31B96B861BA05C0C4962AF5BC8D0FBCEE
ven_89e8e912c124,INSTAGRAM,https://www.instagram.com/solaanandajaya/?hl=en,Instagram,List,378,1AB11BD57893424EA226135F670197B31B96B861BA05C0C4962AF5BC8D0FBCEE
ven_893b35b79358,WEBSITE,https://www.sorsfurniture.com/,Website,List,379,1AB11BD57893424EA226135F670197B31B96B861BA05C0C4962AF5BC8D0FBCEE
ven_893b35b79358,INSTAGRAM,https://www.instagram.com/sorsfurniture/,Instagram,List,379,1AB11BD57893424EA226135F670197B31B96B861BA05C0C4962AF5BC8D0FBCEE
ven_893b35b79358,CATALOG,https://drive.google.com/drive/folders/1s9LesHuUXM_O_-LvCV-MV5Gv55_ZjP33?usp=drive_link,Drive/folder katalog,List,379,1AB11BD57893424EA226135F670197B31B96B861BA05C0C4962AF5BC8D0FBCEE
ven_2b1f0b2bda92,INSTAGRAM,https://www.instagram.com/soshoku.home/,Instagram,List,380,1AB11BD57893424EA226135F670197B31B96B861BA05C0C4962AF5BC8D0FBCEE
ven_e80938dd3117,WEBSITE,https://www.spf.co.id/,Website,List,381,1AB11BD57893424EA226135F670197B31B96B861BA05C0C4962AF5BC8D0FBCEE
ven_e80938dd3117,INSTAGRAM,https://www.instagram.com/sumateraprimaf/?hl=en,Instagram,List,381,1AB11BD57893424EA226135F670197B31B96B861BA05C0C4962AF5BC8D0FBCEE
ven_e80938dd3117,CATALOG,https://drive.google.com/drive/u/3/folders/11rYwG5dMjISf_Wk1QSTCZKrU1ull3Hj0,Drive/folder katalog,List,381,1AB11BD57893424EA226135F670197B31B96B861BA05C0C4962AF5BC8D0FBCEE
ven_93a16ce01ed0,WEBSITE,https://starkfloor.com/,Website,List,382,1AB11BD57893424EA226135F670197B31B96B861BA05C0C4962AF5BC8D0FBCEE
ven_93a16ce01ed0,INSTAGRAM,https://www.instagram.com/sentrawanagemilangindonesia/,Instagram,List,382,1AB11BD57893424EA226135F670197B31B96B861BA05C0C4962AF5BC8D0FBCEE
ven_9d229f377840,WEBSITE,https://startha.co.id/,Website,List,383,1AB11BD57893424EA226135F670197B31B96B861BA05C0C4962AF5BC8D0FBCEE
ven_9d229f377840,INSTAGRAM,https://www.instagram.com/startha.official/,Instagram,List,383,1AB11BD57893424EA226135F670197B31B96B861BA05C0C4962AF5BC8D0FBCEE
ven_9d229f377840,CATALOG,https://startha.co.id/brand/decoedge,Product website/katalog,List,383,1AB11BD57893424EA226135F670197B31B96B861BA05C0C4962AF5BC8D0FBCEE
ven_9d229f377840,CATALOG,https://drive.google.com/file/d/14M17SZ559mWnGTSirksGYBhYF5G7Br0s/view,Drive/folder katalog,List,383,1AB11BD57893424EA226135F670197B31B96B861BA05C0C4962AF5BC8D0FBCEE
ven_f1a42604cd55,WEBSITE,https://startha.co.id/,Website,List,384,1AB11BD57893424EA226135F670197B31B96B861BA05C0C4962AF5BC8D0FBCEE
ven_f1a42604cd55,INSTAGRAM,https://www.instagram.com/startha.official/,Instagram,List,384,1AB11BD57893424EA226135F670197B31B96B861BA05C0C4962AF5BC8D0FBCEE
ven_f1a42604cd55,CATALOG,https://startha.co.id/brand/decofoil,Product website/katalog,List,384,1AB11BD57893424EA226135F670197B31B96B861BA05C0C4962AF5BC8D0FBCEE
ven_f1a42604cd55,CATALOG,https://drive.google.com/file/d/1-yN7tMyXSPx84hFlPSViWRZxzLFw114O/view,Drive/folder katalog,List,384,1AB11BD57893424EA226135F670197B31B96B861BA05C0C4962AF5BC8D0FBCEE
ven_e69c7c2268a1,WEBSITE,https://startha.co.id/,Website,List,385,1AB11BD57893424EA226135F670197B31B96B861BA05C0C4962AF5BC8D0FBCEE
ven_e69c7c2268a1,INSTAGRAM,https://www.instagram.com/startha.official/,Instagram,List,385,1AB11BD57893424EA226135F670197B31B96B861BA05C0C4962AF5BC8D0FBCEE
ven_e69c7c2268a1,CATALOG,https://startha.co.id/brand/decopaper,Product website/katalog,List,385,1AB11BD57893424EA226135F670197B31B96B861BA05C0C4962AF5BC8D0FBCEE
ven_e69c7c2268a1,CATALOG,https://drive.google.com/file/d/1-gXmmEa2UmBepdcutqpHFC96kohzLP0r/view,Drive/folder katalog,List,385,1AB11BD57893424EA226135F670197B31B96B861BA05C0C4962AF5BC8D0FBCEE
ven_45f0fdd37fe5,WEBSITE,https://www.stuccoverni.com/,Website,List,386,1AB11BD57893424EA226135F670197B31B96B861BA05C0C4962AF5BC8D0FBCEE
ven_45f0fdd37fe5,INSTAGRAM,https://www.instagram.com/stuccoverni/?hl=en,Instagram,List,386,1AB11BD57893424EA226135F670197B31B96B861BA05C0C4962AF5BC8D0FBCEE
ven_3254ad02899d,WEBSITE,https://sufelindo.com/shop/,Website,List,388,1AB11BD57893424EA226135F670197B31B96B861BA05C0C4962AF5BC8D0FBCEE
ven_3254ad02899d,INSTAGRAM,https://www.instagram.com/sufelindo,Instagram,List,388,1AB11BD57893424EA226135F670197B31B96B861BA05C0C4962AF5BC8D0FBCEE
ven_3254ad02899d,CATALOG,https://drive.google.com/file/d/1l1Ae_w2rqHT6wZo_9UCK4dZiBDzZfhjA/view,Product website/katalog,List,388,1AB11BD57893424EA226135F670197B31B96B861BA05C0C4962AF5BC8D0FBCEE
ven_3254ad02899d,CATALOG,https://drive.google.com/file/d/19DLrmGhkhQwEUP5Sa4RsbGL-8YFkJZ0g/view,Product website/katalog,List,388,1AB11BD57893424EA226135F670197B31B96B861BA05C0C4962AF5BC8D0FBCEE
ven_c441e81afd42,WEBSITE,https://sullahome.com/,Website,List,389,1AB11BD57893424EA226135F670197B31B96B861BA05C0C4962AF5BC8D0FBCEE
ven_c441e81afd42,INSTAGRAM,https://www.instagram.com/sulla.home,Instagram,List,389,1AB11BD57893424EA226135F670197B31B96B861BA05C0C4962AF5BC8D0FBCEE
ven_c441e81afd42,CATALOG,https://drive.google.com/drive/folders/1w4J6jrynh7J0UpRMvYi2CUcyLzsyNAEv?usp=drive_link,Drive/folder katalog,List,389,1AB11BD57893424EA226135F670197B31B96B861BA05C0C4962AF5BC8D0FBCEE
ven_7dda47f14680,INSTAGRAM,https://www.instagram.com/sumberjatifurniture/?hl=en,Instagram,List,390,1AB11BD57893424EA226135F670197B31B96B861BA05C0C4962AF5BC8D0FBCEE
ven_48973dbd4188,WEBSITE,https://www.sunbeamfabric.com/index%EF%B9%96page_id=597.html,Website,List,392,1AB11BD57893424EA226135F670197B31B96B861BA05C0C4962AF5BC8D0FBCEE
ven_48973dbd4188,INSTAGRAM,https://www.instagram.com/sunbeamfabric?igsh=MThzcndiZG5oOGdmag==,Instagram,List,392,1AB11BD57893424EA226135F670197B31B96B861BA05C0C4962AF5BC8D0FBCEE
ven_78dac1fec5f5,WEBSITE,https://suryapertiwi.co.id/about/,Website,List,393,1AB11BD57893424EA226135F670197B31B96B861BA05C0C4962AF5BC8D0FBCEE
ven_78dac1fec5f5,INSTAGRAM,https://www.instagram.com/suryapertiwi.id/,Instagram,List,393,1AB11BD57893424EA226135F670197B31B96B861BA05C0C4962AF5BC8D0FBCEE
ven_32db990d8f05,WEBSITE,https://www.suzukagroup.id/?gad_source=1&gad_campaignid=19827576424&gbraid=0AAAAADPjfm2QVDV1jiPkjOx66_9D477Ol&gclid=Cj0KCQjw0Y3HBhCxARIsAN7931XD4Vz06S0A4U_qtMLjDUcVTKZfs3iPR2z7k65flwuh6OQ548ENglIaAlN-EALw_wcB,Website,List,394,1AB11BD57893424EA226135F670197B31B96B861BA05C0C4962AF5BC8D0FBCEE
ven_32db990d8f05,INSTAGRAM,https://www.instagram.com/suzuka.group/,Instagram,List,394,1AB11BD57893424EA226135F670197B31B96B861BA05C0C4962AF5BC8D0FBCEE
ven_32db990d8f05,CATALOG,https://www.suzukagroup.id/catalogs/,Product website/katalog,List,394,1AB11BD57893424EA226135F670197B31B96B861BA05C0C4962AF5BC8D0FBCEE
ven_32db990d8f05,CATALOG,https://drive.google.com/drive/folders/1UTUVMWiiA5RNNotl8iR3R2nliauv7aho?usp=share_link,Drive/folder katalog,List,394,1AB11BD57893424EA226135F670197B31B96B861BA05C0C4962AF5BC8D0FBCEE
ven_07c05679b1cf,WEBSITE,https://taco.co.id/,Website,List,395,1AB11BD57893424EA226135F670197B31B96B861BA05C0C4962AF5BC8D0FBCEE
ven_07c05679b1cf,INSTAGRAM,https://www.instagram.com/taco.id,Instagram,List,395,1AB11BD57893424EA226135F670197B31B96B861BA05C0C4962AF5BC8D0FBCEE
ven_2cadf24e1fee,INSTAGRAM,https://www.instagram.com/tanamlokal.id?igsh=MXhpY3d1am1wZXprNg==,Instagram,List,396,1AB11BD57893424EA226135F670197B31B96B861BA05C0C4962AF5BC8D0FBCEE
ven_bb49211a375d,INSTAGRAM,https://www.instagram.com/technal_gallery?igsh=bGRoYTRkZ2Y4a2Jt,Instagram,List,397,1AB11BD57893424EA226135F670197B31B96B861BA05C0C4962AF5BC8D0FBCEE
ven_3b949d288337,INSTAGRAM,https://www.instagram.com/tecnishopid/,Instagram,List,398;399,1AB11BD57893424EA226135F670197B31B96B861BA05C0C4962AF5BC8D0FBCEE
ven_3b949d288337,CATALOG,https://www.tokopedia.com/tecnishop,Product website/katalog,List,398;399,1AB11BD57893424EA226135F670197B31B96B861BA05C0C4962AF5BC8D0FBCEE
ven_58f8d1e2afc5,WEBSITE,https://tegelkayu.id/,Website,List,400,1AB11BD57893424EA226135F670197B31B96B861BA05C0C4962AF5BC8D0FBCEE
ven_58f8d1e2afc5,INSTAGRAM,https://www.instagram.com/tegelkayu/?hl=en,Instagram,List,400,1AB11BD57893424EA226135F670197B31B96B861BA05C0C4962AF5BC8D0FBCEE
ven_58f8d1e2afc5,CATALOG,https://tegelkayu.id/product/,Product website/katalog,List,400,1AB11BD57893424EA226135F670197B31B96B861BA05C0C4962AF5BC8D0FBCEE
ven_f2efb7bfe724,WEBSITE,http://tekaparquet.com/?fbclid=PARlRTSANv5i1leHRuA2FlbQIxMQABp_twTxB6MVxNLKPSHFcnRpCXG9sfdTr-kK7SqngGAWVt507rO8K-AKGbF9Rm_aem_Nl6scVjrmNcV6Le6dCrRsA,Website,List,401,1AB11BD57893424EA226135F670197B31B96B861BA05C0C4962AF5BC8D0FBCEE
ven_f2efb7bfe724,INSTAGRAM,https://www.instagram.com/tekaparquet?igsh=MWEyZ3NmMDdrYjB2NA==,Instagram,List,401,1AB11BD57893424EA226135F670197B31B96B861BA05C0C4962AF5BC8D0FBCEE
ven_98a409d1b6c9,INSTAGRAM,https://www.instagram.com/terakaiyaa/?locale=Online%2Bentertainment%2C%2Breal%2Bperson%2C%2Belectronic%2Bchess%2Band%2Bcards%2C%2Blottery%2C%2Bsports%2C%2Bcomprehensive%2Breputation%2B(Telegram%3A%2B%40UUjd888888).vyue&hl=en,Instagram,List,402,1AB11BD57893424EA226135F670197B31B96B861BA05C0C4962AF5BC8D0FBCEE
ven_98a409d1b6c9,CATALOG,https://shopee.co.id/terakaiyaa?smtt=0.596036371-1668773067.9&tab=shop&fbclid=PAZnRzaANteA5leHRuA2FlbQIxMQABpxXj-FL7w3xAF-NXte7jhadiXvT4mwsSlR094gb86wgmZ2KIAAtPXxsLOXFa_aem_dz44PELrz5bx52SliekXLg,Product website/katalog,List,402,1AB11BD57893424EA226135F670197B31B96B861BA05C0C4962AF5BC8D0FBCEE
ven_98a409d1b6c9,CATALOG,https://drive.google.com/drive/folders/1N6bmutcoyyY8yTmseq1WXo6tM7ddu6f9?usp=drive_link,Drive/folder katalog,List,402,1AB11BD57893424EA226135F670197B31B96B861BA05C0C4962AF5BC8D0FBCEE
ven_eb17b972269b,INSTAGRAM,https://www.instagram.com/terakotaindonesia/?hl=en,Instagram,List,403,1AB11BD57893424EA226135F670197B31B96B861BA05C0C4962AF5BC8D0FBCEE
ven_9d78dce55984,WEBSITE,https://www.terraesta.com/?fbclid=PAZXh0bgNhZW0CMTEAAaaqDfMNy8JCwqJH40-fRd3DbIbDIqOaD4eQkoNE2F4Y6b_QMz9T6zhShw4_aem_bGRx0_8enlWhyQxGFjxrEg,Website,List,404,1AB11BD57893424EA226135F670197B31B96B861BA05C0C4962AF5BC8D0FBCEE
ven_9d78dce55984,INSTAGRAM,https://www.instagram.com/terraesta.id/,Instagram,List,404,1AB11BD57893424EA226135F670197B31B96B861BA05C0C4962AF5BC8D0FBCEE
ven_08ed19293fe4,WEBSITE,https://prattaidtextura.com/,Website,List,405,1AB11BD57893424EA226135F670197B31B96B861BA05C0C4962AF5BC8D0FBCEE
ven_08ed19293fe4,INSTAGRAM,https://www.instagram.com/textura_id?igsh=NnBjYjVlbHgwOHk3,Instagram,List,405,1AB11BD57893424EA226135F670197B31B96B861BA05C0C4962AF5BC8D0FBCEE
ven_7b1cb52f8a7f,WEBSITE,https://thenewfactory.co/?utm_source=ig&utm_medium=social&utm_content=link_in_bio&fbclid=PAZXh0bgNhZW0CMTEAc3J0YwZhcHBfaWQMMjU2MjgxMDQwNTU4AAGnlb2D7yPFVVM8tMc98Q9BV2mjPQ7U67tignFrEPMYccIbnmTsS6JMWqMqXu0_aem_-93860zykmJjygduJmcC2w,Website,List,406,1AB11BD57893424EA226135F670197B31B96B861BA05C0C4962AF5BC8D0FBCEE
ven_7b1cb52f8a7f,INSTAGRAM,https://www.instagram.com/thenewfactory.co/,Instagram,List,406,1AB11BD57893424EA226135F670197B31B96B861BA05C0C4962AF5BC8D0FBCEE
ven_370a5d4cd966,WEBSITE,http://www.thermo.co.id/#Cladding-Insulation,Website,List,407,1AB11BD57893424EA226135F670197B31B96B861BA05C0C4962AF5BC8D0FBCEE
ven_370a5d4cd966,INSTAGRAM,https://www.instagram.com/thermotechindonesia,Instagram,List,407,1AB11BD57893424EA226135F670197B31B96B861BA05C0C4962AF5BC8D0FBCEE
ven_d37f48d80411,WEBSITE,https://www.titaniumgranite.com/,Website,List,408,1AB11BD57893424EA226135F670197B31B96B861BA05C0C4962AF5BC8D0FBCEE
ven_d37f48d80411,INSTAGRAM,https://www.instagram.com/titaniumgranite,Instagram,List,408,1AB11BD57893424EA226135F670197B31B96B861BA05C0C4962AF5BC8D0FBCEE
ven_d37f48d80411,CATALOG,https://drive.google.com/drive/folders/1Eu0n6rohhJwOi5bU61BTNNAYHCwNiZZy?usp=drive_link,Drive/folder katalog,List,408,1AB11BD57893424EA226135F670197B31B96B861BA05C0C4962AF5BC8D0FBCEE
ven_28b2a172c1af,WEBSITE,https://www.tmac.co.id/home,Website,List,409,1AB11BD57893424EA226135F670197B31B96B861BA05C0C4962AF5BC8D0FBCEE
ven_28b2a172c1af,INSTAGRAM,https://www.instagram.com/tmacdecorazzo/?hl=en,Instagram,List,409,1AB11BD57893424EA226135F670197B31B96B861BA05C0C4962AF5BC8D0FBCEE
ven_28b2a172c1af,CATALOG,https://drive.google.com/drive/folders/1sUJ0g4-QtJR0GPInJ0NslGBr86le2bYz?usp=drive_link,Drive/folder katalog,List,409,1AB11BD57893424EA226135F670197B31B96B861BA05C0C4962AF5BC8D0FBCEE
ven_2717c3695dbc,WEBSITE,https://www.tostemindonesia.com/id,Website,List,410,1AB11BD57893424EA226135F670197B31B96B861BA05C0C4962AF5BC8D0FBCEE
ven_2717c3695dbc,INSTAGRAM,https://www.instagram.com/tostemindonesia,Instagram,List,410,1AB11BD57893424EA226135F670197B31B96B861BA05C0C4962AF5BC8D0FBCEE
ven_2717c3695dbc,CATALOG,https://drive.google.com/drive/folders/1iKWRcJzDxuEILbkwM-3JnOjo6ezFSfvn?usp=drive_link,Drive/folder katalog,List,410,1AB11BD57893424EA226135F670197B31B96B861BA05C0C4962AF5BC8D0FBCEE
ven_d79e8e4a6c05,WEBSITE,https://www.tridaya-elektrindo.com,Website,List,411,1AB11BD57893424EA226135F670197B31B96B861BA05C0C4962AF5BC8D0FBCEE
ven_d79e8e4a6c05,INSTAGRAM,https://www.instagram.com/tridayaelektrindo/?hl=en,Instagram,List,411,1AB11BD57893424EA226135F670197B31B96B861BA05C0C4962AF5BC8D0FBCEE
ven_d79e8e4a6c05,CATALOG,https://www.tridaya-elektrindo.com/product/indoor-lighting/architectural,Product website/katalog,List,411,1AB11BD57893424EA226135F670197B31B96B861BA05C0C4962AF5BC8D0FBCEE
ven_68c0edfe5ef6,WEBSITE,https://performnite.com/,Website,List,412,1AB11BD57893424EA226135F670197B31B96B861BA05C0C4962AF5BC8D0FBCEE
ven_68c0edfe5ef6,INSTAGRAM,https://www.instagram.com/triem.performnite/,Instagram,List,412,1AB11BD57893424EA226135F670197B31B96B861BA05C0C4962AF5BC8D0FBCEE
ven_a46e0f4e2e93,WEBSITE,https://www.tjsteel.co.id,Website,List,413;414,1AB11BD57893424EA226135F670197B31B96B861BA05C0C4962AF5BC8D0FBCEE
ven_a46e0f4e2e93,INSTAGRAM,https://www.instagram.com/triojayasteel/?hl=en,Instagram,List,413;414,1AB11BD57893424EA226135F670197B31B96B861BA05C0C4962AF5BC8D0FBCEE
ven_a46e0f4e2e93,CATALOG,https://www.tjsteel.co.id/Products/perforated-metal.html,Product website/katalog,List,414,1AB11BD57893424EA226135F670197B31B96B861BA05C0C4962AF5BC8D0FBCEE
ven_b45ea62bce8e,INSTAGRAM,https://www.instagram.com/twin.fittings/?hl=en,Instagram,List,415,1AB11BD57893424EA226135F670197B31B96B861BA05C0C4962AF5BC8D0FBCEE
ven_672669ca4143,WEBSITE,https://ubinkayu.com/inspirasi/,Website,List,416;417;418,1AB11BD57893424EA226135F670197B31B96B861BA05C0C4962AF5BC8D0FBCEE
ven_672669ca4143,INSTAGRAM,https://www.instagram.com/ubinkayu/?hl=en,Instagram,List,416;417;418,1AB11BD57893424EA226135F670197B31B96B861BA05C0C4962AF5BC8D0FBCEE
ven_672669ca4143,CATALOG,https://drive.google.com/drive/folders/1OywMaJnbDtzWYz3Lkudo7DCLJD6ebFFd?usp=drive_link,Drive/folder katalog,List,416;417;418,1AB11BD57893424EA226135F670197B31B96B861BA05C0C4962AF5BC8D0FBCEE
ven_77d774c120a8,WEBSITE,https://www.unooffice.co.id/index.html,Website,List,419,1AB11BD57893424EA226135F670197B31B96B861BA05C0C4962AF5BC8D0FBCEE
ven_77d774c120a8,INSTAGRAM,https://www.instagram.com/unooffice.id?igsh=eTcybmdzeDFzNWQ2,Instagram,List,419,1AB11BD57893424EA226135F670197B31B96B861BA05C0C4962AF5BC8D0FBCEE
ven_77d774c120a8,CATALOG,https://drive.google.com/drive/folders/1BYbLKJLlvPQ446AbHgLakSaObtIpeTvL?usp=drive_link,Drive/folder katalog,List,419,1AB11BD57893424EA226135F670197B31B96B861BA05C0C4962AF5BC8D0FBCEE
ven_abccc93cd88f,WEBSITE,https://upspace.id/,Website,List,421,1AB11BD57893424EA226135F670197B31B96B861BA05C0C4962AF5BC8D0FBCEE
ven_abccc93cd88f,INSTAGRAM,https://www.instagram.com/upspace.id,Instagram,List,421,1AB11BD57893424EA226135F670197B31B96B861BA05C0C4962AF5BC8D0FBCEE
ven_abccc93cd88f,CATALOG,https://drive.google.com/drive/folders/1HJW7qR8T6nPWjOmVzm413Hjv7uCNiUOS?usp=drive_link,Drive/folder katalog,List,421,1AB11BD57893424EA226135F670197B31B96B861BA05C0C4962AF5BC8D0FBCEE
ven_e46e3f7379cd,INSTAGRAM,https://www.instagram.com/vagg.id/?hl=en,Instagram,List,422,1AB11BD57893424EA226135F670197B31B96B861BA05C0C4962AF5BC8D0FBCEE
ven_e46e3f7379cd,CATALOG,https://drive.google.com/drive/folders/13jcjkImrGk0kS_1JKY11ZZds1YkOZIw0?usp=drive_link,Drive/folder katalog,List,422,1AB11BD57893424EA226135F670197B31B96B861BA05C0C4962AF5BC8D0FBCEE
ven_ef02a2a902c6,WEBSITE,https://varnesse.id/?fbclid=PARlRTSANtgIZleHRuA2FlbQIxMQABp4c20mg-YjmmsDO9KFpn1RWJAR_aV4l5ZC7zekDAcDivFnefsamFMHBFAKMv_aem_JVTtwaZ2ldcAy2b9vEUKGQ,Website,List,423,1AB11BD57893424EA226135F670197B31B96B861BA05C0C4962AF5BC8D0FBCEE
ven_ef02a2a902c6,INSTAGRAM,https://www.instagram.com/varnesse.id/?hl=en,Instagram,List,423,1AB11BD57893424EA226135F670197B31B96B861BA05C0C4962AF5BC8D0FBCEE
ven_ef02a2a902c6,CATALOG,https://drive.google.com/drive/u/0/folders/1CdLKiafmfY6yvZmFKWr3An6NNLiHrsRD?fbclid=PAY2xjawGv-r1leHRuA2FlbQIxMAABprr5mszCHDZYGKrH3bDdHxxbSsbDFE_UVDcLDzntit9YJwasURTaIblxOw_aem_nypoLxvuzZiBnHXYJ37fZg,Drive/folder katalog,List,423,1AB11BD57893424EA226135F670197B31B96B861BA05C0C4962AF5BC8D0FBCEE
ven_b8b22aedc372,WEBSITE,https://venus-tiles.com/,Website,List,424;425;426;427;428,1AB11BD57893424EA226135F670197B31B96B861BA05C0C4962AF5BC8D0FBCEE
ven_b8b22aedc372,INSTAGRAM,https://www.instagram.com/venustiles/,Instagram,List,424;425;426;427;428,1AB11BD57893424EA226135F670197B31B96B861BA05C0C4962AF5BC8D0FBCEE
ven_b8b22aedc372,CATALOG,https://drive.google.com/drive/folders/1Z1sDIzIhv6DFFADkGTuNBcp_VfZtQ463?usp=drive_link,Drive/folder katalog,List,424;425;426;427;428,1AB11BD57893424EA226135F670197B31B96B861BA05C0C4962AF5BC8D0FBCEE
ven_66d9de9a959e,INSTAGRAM,https://www.instagram.com/venustilesbandung/?hl=en,Instagram,List,429,1AB11BD57893424EA226135F670197B31B96B861BA05C0C4962AF5BC8D0FBCEE
ven_dc9866457415,INSTAGRAM,https://www.instagram.com/verona.marble/,Instagram,List,430,1AB11BD57893424EA226135F670197B31B96B861BA05C0C4962AF5BC8D0FBCEE
ven_8d5cd763d2b8,WEBSITE,https://victoryaluminium.com/,Website,List,431,1AB11BD57893424EA226135F670197B31B96B861BA05C0C4962AF5BC8D0FBCEE
ven_8d5cd763d2b8,INSTAGRAM,https://www.instagram.com/victoryeurofitsystems/,Instagram,List,431,1AB11BD57893424EA226135F670197B31B96B861BA05C0C4962AF5BC8D0FBCEE
ven_8d5cd763d2b8,CATALOG,https://victoryaluminium.com/shop-2/?fbclid=PARlRTSAN1SD9leHRuA2FlbQIxMQABp0dlb9tktIMkwQ83pzh7eVARGgAOTauvwDmcIiOkQnQcRMt32z3TVbNfBMWT_aem_Cpq0iNi42SQGmX6m_t6TvA,Product website/katalog,List,431,1AB11BD57893424EA226135F670197B31B96B861BA05C0C4962AF5BC8D0FBCEE
ven_f97dd9fc613d,INSTAGRAM,https://www.instagram.com/viostoneid/?hl=en,Instagram,List,432;433,1AB11BD57893424EA226135F670197B31B96B861BA05C0C4962AF5BC8D0FBCEE
ven_f97dd9fc613d,CATALOG,https://drive.google.com/drive/folders/1gDfBnjUpVO-F5UASyCWAY86odSJa9B0n?usp=drive_link,Drive/folder katalog,List,432,1AB11BD57893424EA226135F670197B31B96B861BA05C0C4962AF5BC8D0FBCEE
ven_2e70a05fd6b8,INSTAGRAM,https://www.instagram.com/vivano.living/,Instagram,List,434,1AB11BD57893424EA226135F670197B31B96B861BA05C0C4962AF5BC8D0FBCEE
ven_2e70a05fd6b8,CATALOG,https://drive.google.com/drive/folders/1NtxV_HRW1KtwhNpBNiXMWneMNGru9UH9?usp=drive_link,Drive/folder katalog,List,434,1AB11BD57893424EA226135F670197B31B96B861BA05C0C4962AF5BC8D0FBCEE
ven_8d87c632219e,WEBSITE,https://www.vivere.co.id/,Website,List,435,1AB11BD57893424EA226135F670197B31B96B861BA05C0C4962AF5BC8D0FBCEE
ven_8d87c632219e,INSTAGRAM,https://www.instagram.com/viveregroup/,Instagram,List,435,1AB11BD57893424EA226135F670197B31B96B861BA05C0C4962AF5BC8D0FBCEE
ven_8d87c632219e,CATALOG,https://www.viverecollection.com/media/kemana/pdfcatalog/pdf/v/i/vivere_collection_e-catalogue_2025.pdf,Product website/katalog,List,435,1AB11BD57893424EA226135F670197B31B96B861BA05C0C4962AF5BC8D0FBCEE
ven_8d87c632219e,CATALOG,https://www.viverecollection.com/media/kemana/pdfcatalog/pdf/c/a/casaka_2025_e-catalog.pdf,Product website/katalog,List,435,1AB11BD57893424EA226135F670197B31B96B861BA05C0C4962AF5BC8D0FBCEE
ven_d348710974cb,WEBSITE,https://www.idemu.com,Website,List,436,1AB11BD57893424EA226135F670197B31B96B861BA05C0C4962AF5BC8D0FBCEE
ven_d348710974cb,INSTAGRAM,https://www.instagram.com/idemu.idn/,Instagram,List,436,1AB11BD57893424EA226135F670197B31B96B861BA05C0C4962AF5BC8D0FBCEE
ven_1de5b8114bec,WEBSITE,https://www.viveriagallery.com/showroom.php,Website,List,437,1AB11BD57893424EA226135F670197B31B96B861BA05C0C4962AF5BC8D0FBCEE
ven_1de5b8114bec,INSTAGRAM,https://www.instagram.com/viveria.gallery/,Instagram,List,437,1AB11BD57893424EA226135F670197B31B96B861BA05C0C4962AF5BC8D0FBCEE
ven_9da0e1dc48ff,INSTAGRAM,https://www.instagram.com/vqstone/,Instagram,List,438,1AB11BD57893424EA226135F670197B31B96B861BA05C0C4962AF5BC8D0FBCEE
ven_fb68e275084e,INSTAGRAM,https://www.instagram.com/vrspace.id/?locale=es_US&img_index=1,Instagram,List,439;440;441;442;443;444;445;446;447;448,1AB11BD57893424EA226135F670197B31B96B861BA05C0C4962AF5BC8D0FBCEE
ven_fb68e275084e,CATALOG,https://drive.google.com/drive/folders/1qZrCRp3bPTQJS6RGzxiPfyFhN2Xw7Oza?usp=drive_link,Drive/folder katalog,List,439;440;441;442;443;444;445;446;447;448,1AB11BD57893424EA226135F670197B31B96B861BA05C0C4962AF5BC8D0FBCEE
ven_2c8c051c0bc1,INSTAGRAM,https://www.instagram.com/w____tiles/?hl=en,Instagram,List,449,1AB11BD57893424EA226135F670197B31B96B861BA05C0C4962AF5BC8D0FBCEE
ven_50c2cb442e1e,INSTAGRAM,https://www.instagram.com/wallform.id/?hl=en,Instagram,List,450,1AB11BD57893424EA226135F670197B31B96B861BA05C0C4962AF5BC8D0FBCEE
ven_97c09253e374,WEBSITE,https://www.walpix.co.id/,Website,List,451,1AB11BD57893424EA226135F670197B31B96B861BA05C0C4962AF5BC8D0FBCEE
ven_97c09253e374,INSTAGRAM,https://www.instagram.com/walpix.id/,Instagram,List,451,1AB11BD57893424EA226135F670197B31B96B861BA05C0C4962AF5BC8D0FBCEE
ven_ac80b5088a39,INSTAGRAM,https://www.instagram.com/wamstone/,Instagram,List,452,1AB11BD57893424EA226135F670197B31B96B861BA05C0C4962AF5BC8D0FBCEE
ven_28d83845ff55,INSTAGRAM,https://www.instagram.com/reel/Cy0aB2_PiGT/,Instagram,List,453,1AB11BD57893424EA226135F670197B31B96B861BA05C0C4962AF5BC8D0FBCEE
ven_28d83845ff55,CATALOG,https://tk.tokopedia.com/ZSUyrREvB/,Product website/katalog,List,453,1AB11BD57893424EA226135F670197B31B96B861BA05C0C4962AF5BC8D0FBCEE
ven_b50172b38f4e,INSTAGRAM,https://www.instagram.com/wikawaterheater.id,Instagram,List,454,1AB11BD57893424EA226135F670197B31B96B861BA05C0C4962AF5BC8D0FBCEE
ven_bb19d2f1d3b1,WEBSITE,https://www.tokopedia.com/winston-sa,Website,List,455,1AB11BD57893424EA226135F670197B31B96B861BA05C0C4962AF5BC8D0FBCEE
ven_bb19d2f1d3b1,INSTAGRAM,https://www.instagram.com/winston_suksesabadi,Instagram,List,455,1AB11BD57893424EA226135F670197B31B96B861BA05C0C4962AF5BC8D0FBCEE
ven_457e3606c579,WEBSITE,https://www.wisanka.com/,Website,List,456,1AB11BD57893424EA226135F670197B31B96B861BA05C0C4962AF5BC8D0FBCEE
ven_457e3606c579,INSTAGRAM,https://www.instagram.com/wisankaofficial/?hl=en,Instagram,List,456,1AB11BD57893424EA226135F670197B31B96B861BA05C0C4962AF5BC8D0FBCEE
ven_457e3606c579,CATALOG,https://www.wisanka.com/catalogue-download/?fbclid=PARlRTSANthWhleHRuA2FlbQIxMQABp1Cgrgmm01swYxtVsgD-WWE8rsMBNVp13aLrD7EHPueRmm8eF7Y9xtZXfQX4_aem_2BQjPvayed66WkYUVMZjPw,Product website/katalog,List,456,1AB11BD57893424EA226135F670197B31B96B861BA05C0C4962AF5BC8D0FBCEE
ven_214ea6976c15,WEBSITE,https://www.flooringkayu.com/index.php,Website,List,457,1AB11BD57893424EA226135F670197B31B96B861BA05C0C4962AF5BC8D0FBCEE
ven_214ea6976c15,INSTAGRAM,https://www.instagram.com/christwood/,Instagram,List,457,1AB11BD57893424EA226135F670197B31B96B861BA05C0C4962AF5BC8D0FBCEE
ven_5a2bb24dc707,WEBSITE,https://woodpeckerdesignstudio.com/,Website,List,458,1AB11BD57893424EA226135F670197B31B96B861BA05C0C4962AF5BC8D0FBCEE
ven_5a2bb24dc707,INSTAGRAM,https://www.instagram.com/woodpeckerstudio/?hl=en,Instagram,List,458,1AB11BD57893424EA226135F670197B31B96B861BA05C0C4962AF5BC8D0FBCEE
ven_1b2a82a0b881,WEBSITE,https://wpcwoodindonesia.com/,Website,List,459,1AB11BD57893424EA226135F670197B31B96B861BA05C0C4962AF5BC8D0FBCEE
ven_1b2a82a0b881,INSTAGRAM,https://www.instagram.com/wpcwood?igsh=eW56MGkyNjZ6N3F4,Instagram,List,459,1AB11BD57893424EA226135F670197B31B96B861BA05C0C4962AF5BC8D0FBCEE
ven_46e4ecc8ebf3,WEBSITE,https://www.xingfaindonesia.com,Website,List,460,1AB11BD57893424EA226135F670197B31B96B861BA05C0C4962AF5BC8D0FBCEE
ven_46e4ecc8ebf3,INSTAGRAM,https://www.instagram.com/xingfaaluminiumindonesia/?hl=en,Instagram,List,460,1AB11BD57893424EA226135F670197B31B96B861BA05C0C4962AF5BC8D0FBCEE
ven_46e4ecc8ebf3,CATALOG,https://www.xingfaindonesia.com/Product_2895_16/Windows-and-Doors.htm,Product website/katalog,List,460,1AB11BD57893424EA226135F670197B31B96B861BA05C0C4962AF5BC8D0FBCEE
ven_c0018bc50090,INSTAGRAM,https://www.instagram.com/xpose.indonesia/?hl=en,Instagram,List,461,1AB11BD57893424EA226135F670197B31B96B861BA05C0C4962AF5BC8D0FBCEE
ven_c553a7e10b6e,WEBSITE,https://www.ykkap.co.id/?fbclid=PARlRTSANvysRleHRuA2FlbQIxMQABp5f4_BzQCpAvuvukF1YrXwchmgHq_HyMJwkxKqMqyBIfJw0Wm_9KvlF89RNM_aem_PvcL0MOPh7S2hpMKO6A9ew,Website,List,462,1AB11BD57893424EA226135F670197B31B96B861BA05C0C4962AF5BC8D0FBCEE
ven_c553a7e10b6e,INSTAGRAM,https://www.instagram.com/ykkapi_official/?hl=en,Instagram,List,462,1AB11BD57893424EA226135F670197B31B96B861BA05C0C4962AF5BC8D0FBCEE
ven_c553a7e10b6e,CATALOG,https://www.ykkap.co.id/en/catalog/?utm_source=instagram&utm_medium=linktree&utm_campaign=jul24,Product website/katalog,List,462,1AB11BD57893424EA226135F670197B31B96B861BA05C0C4962AF5BC8D0FBCEE
ven_9dceb0fe987e,WEBSITE,https://taplink.cc/zimmer.id?fbclid=PAZXh0bgNhZW0CMTEAAaa-mrPuD6IOJgXPJZMNGqS4dCk_K7aYe0Mz7bXsPckxT51vmUd4BoYXryo_aem_kDxdZavJx0KX_pjVLXHJ5g,Website,List,463,1AB11BD57893424EA226135F670197B31B96B861BA05C0C4962AF5BC8D0FBCEE
ven_9dceb0fe987e,INSTAGRAM,https://www.instagram.com/zimmer.id/?hl=en,Instagram,List,463,1AB11BD57893424EA226135F670197B31B96B861BA05C0C4962AF5BC8D0FBCEE
ven_5504068fe882,WEBSITE,https://vacoluxlighting.id/katalog.php,Website,List,464,1AB11BD57893424EA226135F670197B31B96B861BA05C0C4962AF5BC8D0FBCEE
ven_5504068fe882,INSTAGRAM,https://www.instagram.com/vacolux_lighting/,Instagram,List,464,1AB11BD57893424EA226135F670197B31B96B861BA05C0C4962AF5BC8D0FBCEE
ven_5504068fe882,CATALOG,https://vacoluxlighting.id/index.php,Product website/katalog,List,464,1AB11BD57893424EA226135F670197B31B96B861BA05C0C4962AF5BC8D0FBCEE
ven_ce0b4658a20f,WEBSITE,https://www.kingtasindonesia.com/,Website,List,465,1AB11BD57893424EA226135F670197B31B96B861BA05C0C4962AF5BC8D0FBCEE
ven_ce0b4658a20f,CATALOG,https://drive.google.com/file/d/1eD0JH9qlJHkvFTcSa04IUrf9G5UpW9Wi/view,Drive/folder katalog,List,465,1AB11BD57893424EA226135F670197B31B96B861BA05C0C4962AF5BC8D0FBCEE
ven_eb26d4fa531a,WEBSITE,https://morgen.co.id/id/#,Website,List,466,1AB11BD57893424EA226135F670197B31B96B861BA05C0C4962AF5BC8D0FBCEE
ven_eb26d4fa531a,INSTAGRAM,https://www.instagram.com/morgen_idn/?hl=en,Instagram,List,466,1AB11BD57893424EA226135F670197B31B96B861BA05C0C4962AF5BC8D0FBCEE
ven_a2258ca102d8,WEBSITE,https://latif-living.com/,Website,List,467,1AB11BD57893424EA226135F670197B31B96B861BA05C0C4962AF5BC8D0FBCEE
ven_a2258ca102d8,INSTAGRAM,https://www.instagram.com/latif.living,Instagram,List,467,1AB11BD57893424EA226135F670197B31B96B861BA05C0C4962AF5BC8D0FBCEE
ven_a2b387634fb0,WEBSITE,https://www.adigunamasonry.co.id/,Website,List,469,1AB11BD57893424EA226135F670197B31B96B861BA05C0C4962AF5BC8D0FBCEE
ven_a2b387634fb0,INSTAGRAM,https://www.instagram.com/Masonry.id,Instagram,List,469,1AB11BD57893424EA226135F670197B31B96B861BA05C0C4962AF5BC8D0FBCEE
ven_5d3cb548ef3e,WEBSITE,https://mmgalleri.com/home/?c=jakarta,Website,List,470,1AB11BD57893424EA226135F670197B31B96B861BA05C0C4962AF5BC8D0FBCEE
ven_2b058012652d,WEBSITE,https://www.rainbowcarpet.com/,Website,List,471,1AB11BD57893424EA226135F670197B31B96B861BA05C0C4962AF5BC8D0FBCEE
ven_8f4df4ab2108,WEBSITE,https://sandimas.co.id/,Website,List,472,1AB11BD57893424EA226135F670197B31B96B861BA05C0C4962AF5BC8D0FBCEE
ven_8f4df4ab2108,INSTAGRAM,https://www.instagram.com/sandimastiles/,Instagram,List,472,1AB11BD57893424EA226135F670197B31B96B861BA05C0C4962AF5BC8D0FBCEE
ven_ffcb0076fbd6,WEBSITE,https://somwher.com/,Website,List,474,1AB11BD57893424EA226135F670197B31B96B861BA05C0C4962AF5BC8D0FBCEE
ven_ffcb0076fbd6,INSTAGRAM,https://www.instagram.com/bysomwher/?hl=en,Instagram,List,474,1AB11BD57893424EA226135F670197B31B96B861BA05C0C4962AF5BC8D0FBCEE
ven_45d035fcad3f,WEBSITE,https://spasium.com/,Website,List,475,1AB11BD57893424EA226135F670197B31B96B861BA05C0C4962AF5BC8D0FBCEE
ven_45d035fcad3f,INSTAGRAM,https://www.instagram.com/spasium/?hl=en,Instagram,List,475,1AB11BD57893424EA226135F670197B31B96B861BA05C0C4962AF5BC8D0FBCEE
ven_c1ab493c45f7,WEBSITE,https://wismasehati.com/,Website,List,476,1AB11BD57893424EA226135F670197B31B96B861BA05C0C4962AF5BC8D0FBCEE
ven_c1ab493c45f7,INSTAGRAM,https://www.instagram.com/wismasehati/?hl=en,Instagram,List,476,1AB11BD57893424EA226135F670197B31B96B861BA05C0C4962AF5BC8D0FBCEE
ven_f9d6b98f4733,INSTAGRAM,https://www.instagram.com/kkpl.indonesia/?hl=en,Instagram,List,477,1AB11BD57893424EA226135F670197B31B96B861BA05C0C4962AF5BC8D0FBCEE
ven_cc2ecce83f84,WEBSITE,https://www.everycollections.com/,Website,List,478,1AB11BD57893424EA226135F670197B31B96B861BA05C0C4962AF5BC8D0FBCEE
ven_cc2ecce83f84,INSTAGRAM,https://www.instagram.com/every.collections/,Instagram,List,478,1AB11BD57893424EA226135F670197B31B96B861BA05C0C4962AF5BC8D0FBCEE
ven_5d557e2a8d36,WEBSITE,https://inovasiadiwarna.com/,Website,List,479,1AB11BD57893424EA226135F670197B31B96B861BA05C0C4962AF5BC8D0FBCEE
ven_6e8d4a745c3f,INSTAGRAM,https://www.instagram.com/lb.interiorceiling/,Instagram,List,480,1AB11BD57893424EA226135F670197B31B96B861BA05C0C4962AF5BC8D0FBCEE
ven_e0f8a1476969,WEBSITE,https://seliaproject.com/,Website,List,481,1AB11BD57893424EA226135F670197B31B96B861BA05C0C4962AF5BC8D0FBCEE
ven_e0f8a1476969,INSTAGRAM,https://www.instagram.com/seliaproject/,Instagram,List,481,1AB11BD57893424EA226135F670197B31B96B861BA05C0C4962AF5BC8D0FBCEE
ven_ab48de55bc94,WEBSITE,https://www.luxmenn.com/,Website,List,482,1AB11BD57893424EA226135F670197B31B96B861BA05C0C4962AF5BC8D0FBCEE
