candidate_key,source_context,source_sheet,source_rows,vendor_key_candidate,vendor_key_confirmed,brand_candidate,brand_confirmed,category_tags_candidate,category_tags_confirmed,source_product_or_type,product_name_confirmed,sku_confirmed,motif_candidate,reference_url_candidate,folder_url_candidate,price_before_discount,price_after_discount,price_unit,material_status,bq_status,blocker_reasons,decision_notes
matcand_list_r0002,LIST_DIRECTORY,List,2,ven_2c42a873619b,,Abcon,,Window|Roller Blind,,Roller Blind,,,,,https://drive.google.com/file/d/1ANDeiDYpYRJqI394RT0y7o-aA7UJF7f4/view,,,,,,SKU eksplisit tidak tersedia; kolom Product adalah family/subkategori dan belum membuktikan nama produk/seri; Brand dan Vendor masih bercampur pada kolom Brand/Company,
matcand_list_r0003,LIST_DIRECTORY,List,3,ven_e6b9fab18b8e,,Acourete,,Materials|Noice Control,,Noice Control,,,,https://acourete.com/wp-content/uploads/2024/12/Katalog-Akustika-Bangunan_24.07.pdf,,,,,,,SKU eksplisit tidak tersedia; kolom Product adalah family/subkategori dan belum membuktikan nama produk/seri; Brand dan Vendor masih bercampur pada kolom Brand/Company,
matcand_list_r0004,LIST_DIRECTORY,List,4,ven_5e85416296ce,,Acqua Trend,,Sanitary|Bathroom,,Bathroom,,,,https://acquatrend.com/product.php,,,,,,,SKU eksplisit tidak tersedia; kolom Product adalah family/subkategori dan belum membuktikan nama produk/seri; Brand dan Vendor masih bercampur pada kolom Brand/Company,
matcand_list_r0005,LIST_DIRECTORY,List,5,ven_5e85416296ce,,Acqua Trend,,Sanitary|Bathroom Accessories,,Bathroom Accessories,,,,https://acquatrend.com/product.php,,,,,,,SKU eksplisit tidak tersedia; kolom Product adalah family/subkategori dan belum membuktikan nama produk/seri; Brand dan Vendor masih bercampur pada kolom Brand/Company,
matcand_list_r0006,LIST_DIRECTORY,List,6,ven_c63cbc0208b0,,Aetrio,,Furniture,,Furniture,,,,https://afifjayafurniture.com/shop/,,,,,,,SKU eksplisit tidak tersedia; kolom Product adalah family/subkategori dan belum membuktikan nama produk/seri; Brand dan Vendor masih bercampur pada kolom Brand/Company,
matcand_list_r0007,LIST_DIRECTORY,List,7,ven_c63cbc0208b0,,Aetrio,,Sanitary,,,,,,https://aetrio.com,,,,,,,SKU eksplisit tidak tersedia; kolom Product adalah family/subkategori dan belum membuktikan nama produk/seri; Brand dan Vendor masih bercampur pada kolom Brand/Company,
matcand_list_r0008,LIST_DIRECTORY,List,8,ven_76a4d65604ad,,Agglotech,,Finishing|Stones,,Stones,,,,https://mmgalleri.com/natural/?c=surabaya&material=marble,,,,,,,SKU eksplisit tidak tersedia; kolom Product adalah family/subkategori dan belum membuktikan nama produk/seri; Brand dan Vendor masih bercampur pada kolom Brand/Company,
matcand_list_r0009,LIST_DIRECTORY,List,9,ven_f7070d57bbe5,,Agora,,Flooring|Stones,,Stones,,,,,https://drive.google.com/drive/folders/1NUWs7cJx0be8NGALtXlAHXKlEDZNEuFh?usp=drive_link,,,,,,SKU eksplisit tidak tersedia; kolom Product adalah family/subkategori dan belum membuktikan nama produk/seri; Brand dan Vendor masih bercampur pada kolom Brand/Company,
matcand_list_r0010,LIST_DIRECTORY,List,10,ven_68d29c339696,,Aiga,,Tiles|Mosaic,,Mosaic,,,,https://drive.google.com/file/d/1ERnQ27orJ5l4Q3zxWcQXdrDnfzEgq5HX/view?usp=drivesdk,https://drive.google.com/file/d/1J-v20LTKajuHL7NpbFjE3Bto_OMWqBZs/view?usp=drivesdk,,,,,,SKU eksplisit tidak tersedia; kolom Product adalah family/subkategori dan belum membuktikan nama produk/seri; Brand dan Vendor masih bercampur pada kolom Brand/Company,
matcand_list_r0011,LIST_DIRECTORY,List,11,ven_85f795e6c187,,Alco Blind,,Window|Roller Blind,,Roller Blind,,,,,,,,,,,SKU eksplisit tidak tersedia; kolom Product adalah family/subkategori dan belum membuktikan nama produk/seri; Brand dan Vendor masih bercampur pada kolom Brand/Company,
matcand_list_r0012,LIST_DIRECTORY,List,12,ven_82150fbdf006,,Allegra,,Door & Window|Aluminium Door & Window,,Aluminium Door & Window,,,,https://alegraaluminio.com/products/,,,,,,,SKU eksplisit tidak tersedia; kolom Product adalah family/subkategori dan belum membuktikan nama produk/seri; Brand dan Vendor masih bercampur pada kolom Brand/Company,
matcand_list_r0013,LIST_DIRECTORY,List,13,ven_e965b0293fa7,,Allurahomefabrics,,Fabric|Curtain|Cushions|Wallcovering|Upholstery|Rugs,,"Curtain, Cushions, Wallcovering, Upholstery, Rugs",,,,,,,,,,,SKU eksplisit tidak tersedia; kolom Product adalah family/subkategori dan belum membuktikan nama produk/seri; Brand dan Vendor masih bercampur pada kolom Brand/Company,
matcand_list_r0014,LIST_DIRECTORY,List,14,ven_6c22d8aee4be,,Almafloor,,Flooring|Vinyl - SPC,,Vinyl - SPC,,,,https://almaflor.id/images/e_catalog_all_new_duora_max_core.pdf,https://www.almaflor.id/images/Almaflor_E-catalog_2022.pdf,,,,,,SKU eksplisit tidak tersedia; kolom Product adalah family/subkategori dan belum membuktikan nama produk/seri; Brand dan Vendor masih bercampur pada kolom Brand/Company,
matcand_list_r0015,LIST_DIRECTORY,List,15,ven_4362c9e06613,,Aluveen,,Finishing|Aluminium Composite Panel,,Aluminium Composite Panel,,,,https://lapakarsitek.com/compro/brosur_aluminium_battens_2025.pdf?fbclid=PARlRTSAN1DElleHRuA2FlbQIxMAABpxFOii0ObZHFL04mGApCd9DLwpLqDhbDCo4bP6QKl-o1X0rj-yNQlGyqdO4t_aem_KLrA0Gp71j77-FtcXNs9bA,https://lapakarsitek.com/compro/EMI_ComPro_Eng.pdf?fbclid=PARlRTSAN1DLBleHRuA2FlbQIxMAABpxFOii0ObZHFL04mGApCd9DLwpLqDhbDCo4bP6QKl-o1X0rj-yNQlGyqdO4t_aem_KLrA0Gp71j77-FtcXNs9bA,,,,,,SKU eksplisit tidak tersedia; kolom Product adalah family/subkategori dan belum membuktikan nama produk/seri; Brand dan Vendor masih bercampur pada kolom Brand/Company,
matcand_list_r0016,LIST_DIRECTORY,List,16,ven_7ec85c46278e,,Amardeep Interior,,Fabric|Upholstery|Curtains|Sheers|Outdoor Fabric,,"Upholstery, Curtains, Sheers, Outdoor Fabric",,,,https://amardeepinterior.com/upholstery-sofa/,https://drive.google.com/drive/folders/1HqoasCi-f7QPrCVBk-92BUNyeBTUTBrn?usp=drive_link,,,,,,SKU eksplisit tidak tersedia; kolom Product adalah family/subkategori dan belum membuktikan nama produk/seri; Brand dan Vendor masih bercampur pada kolom Brand/Company,
matcand_list_r0017,LIST_DIRECTORY,List,17,ven_155e8b073459,,Amidoorlight,,Lighting,,,,,,,,,,,,,SKU eksplisit tidak tersedia; kolom Product adalah family/subkategori dan belum membuktikan nama produk/seri; Brand dan Vendor masih bercampur pada kolom Brand/Company,
matcand_list_r0018,LIST_DIRECTORY,List,18,ven_eaa1cfe59761,,Antikmebel,,Furniture|Loose Furniture (Sofa|Chair|Stool),,"Loose Furniture (Sofa, Chair, Stool)",,,,https://antikmebel.com/collections/armchair,,,,,,,SKU eksplisit tidak tersedia; kolom Product adalah family/subkategori dan belum membuktikan nama produk/seri; Brand dan Vendor masih bercampur pada kolom Brand/Company,
matcand_list_r0019,LIST_DIRECTORY,List,19,ven_4482ca81f4e5,,Architech Indonesia,,Materials|Switch - Power Outlet,,Switch - Power Outlet,,,,https://www.tokopedia.com/architech-in?source=search-autocomplete.04.01.01&utm_medium=google&utm_source=https%3A%2F%2Fanalytics.google.com%2Fanalytics%2Fweb%2Fprovision%2F%23%2Fp444544963%2Freports%2Fexplorer%3Fparams%3D_u..nav%253dmaui%26r%3Decomm-product%26ruid%3Decomm-product%2Cbusiness-objectives%2Cdrive-online-sales%26collectionid%3Dbusiness-objectives&utm_campaign=tokopedia,,,,,,,SKU eksplisit tidak tersedia; kolom Product adalah family/subkategori dan belum membuktikan nama produk/seri; Brand dan Vendor masih bercampur pada kolom Brand/Company,
matcand_list_r0020,LIST_DIRECTORY,List,20,ven_8eda3f28e9de,,Arcomarmer,,Finishing|Stones,,Stones,,,,,,,,,,,SKU eksplisit tidak tersedia; kolom Product adalah family/subkategori dan belum membuktikan nama produk/seri; Brand dan Vendor masih bercampur pada kolom Brand/Company,
matcand_list_r0021,LIST_DIRECTORY,List,21,ven_8eda3f28e9de,,Arcomarmer,,Flooring|Marmer,,Marmer,,,,,,,,,,,SKU eksplisit tidak tersedia; kolom Product adalah family/subkategori dan belum membuktikan nama produk/seri; Brand dan Vendor masih bercampur pada kolom Brand/Company,
matcand_list_r0022,LIST_DIRECTORY,List,22,ven_f6a025a0224b,,Arde,,Fabric,,,,,,,https://drive.google.com/drive/folders/1pHeto5KWNk5eiQv7jOn3nXSw99hytXGL?usp=drive_link,,,,,,SKU eksplisit tidak tersedia; kolom Product adalah family/subkategori dan belum membuktikan nama produk/seri; Brand dan Vendor masih bercampur pada kolom Brand/Company,
matcand_list_r0023,LIST_DIRECTORY,List,23,ven_f06965c558f1,,Ardente lightning,,Lighting|Hanging Lamp|Table Lamp|Wall Lamp|Ceiling Lamp|Chandelier,,"Hanging Lamp, Table Lamp, Wall Lamp, Ceiling Lamp, Chandelier",,,,https://www.ardentelighting.com/_files/ugd/2727bf_1b248f64be124796873fcfa06c7c31f5.pdf,https://drive.google.com/drive/folders/1YCJYkIQ0mc2HVe5J-tGu7bCd_6E0sCCi?usp=drive_link,,,,,,SKU eksplisit tidak tersedia; kolom Product adalah family/subkategori dan belum membuktikan nama produk/seri; Brand dan Vendor masih bercampur pada kolom Brand/Company,
matcand_list_r0024,LIST_DIRECTORY,List,24,ven_4e8a7f35531a,,Armonia Paint,,Wall Finishing|Texture Paint,,Texture Paint,,,,https://armoniapaint.com/our-textures,,,,,,,SKU eksplisit tidak tersedia; kolom Product adalah family/subkategori dan belum membuktikan nama produk/seri; Brand dan Vendor masih bercampur pada kolom Brand/Company,
matcand_list_r0025,LIST_DIRECTORY,List,25,ven_795f1b827bd0,,Arna,,Flooring|Marble - Industrial - Stone - Terrazzo - Wood,,Marble - Industrial - Stone - Terrazzo - Wood,,,,,https://drive.google.com/drive/folders/16FQLqyLXlmgOpEUm8ywIl35EfZVRaWZo?usp=drive_link,,,,,,SKU eksplisit tidak tersedia; kolom Product adalah family/subkategori dan belum membuktikan nama produk/seri; Brand dan Vendor masih bercampur pada kolom Brand/Company,
matcand_list_r0026,LIST_DIRECTORY,List,26,ven_08e64401daf2,,Artemi Zenith,,CNC|Cutting & Engraving,,Cutting & Engraving,,,,https://artemigroup.com/wp-content/uploads/2025/02/CNC-COMBINED-Spare-3mm.pdf,,,,,,,SKU eksplisit tidak tersedia; kolom Product adalah family/subkategori dan belum membuktikan nama produk/seri; Brand dan Vendor masih bercampur pada kolom Brand/Company,
matcand_list_r0027,LIST_DIRECTORY,List,27,ven_08e64401daf2,,Artemi Zenith,,Door & Window|Aluminium Window Sliding Door,,Aluminium Window Sliding Door,,,,https://artemigroup.com/wp-content/uploads/2025/02/Fremo-Artemi-Brochure-230718-BACKGROUND-PUTIH.pdf,,,,,,,SKU eksplisit tidak tersedia; kolom Product adalah family/subkategori dan belum membuktikan nama produk/seri; Brand dan Vendor masih bercampur pada kolom Brand/Company,
matcand_list_r0028,LIST_DIRECTORY,List,28,ven_79b94f083126,,Artisanwood,,Wall Finishing Decking|WPC,,WPC,,,,https://tr.ee/0cOFUh_1-X,https://drive.google.com/drive/folders/1fxDAZzCDccL8TyF9LiNZwoUNOao0sRBZ?usp=drive_link,,,,,,SKU eksplisit tidak tersedia; kolom Product adalah family/subkategori dan belum membuktikan nama produk/seri; Brand dan Vendor masih bercampur pada kolom Brand/Company,
matcand_list_r0029,LIST_DIRECTORY,List,29,ven_2be6af814443,,Arturo Paint,,Wall Finishing|Texture Paint,,Texture Paint,,,,http://arturoflakesmulticolor.com/category/arturotone/,https://drive.google.com/drive/u/2/folders/1IFZDOF98oFe3EO77UjVq1kh4cTfJdmAR,,,,,,SKU eksplisit tidak tersedia; kolom Product adalah family/subkategori dan belum membuktikan nama produk/seri; Brand dan Vendor masih bercampur pada kolom Brand/Company,
matcand_list_r0030,LIST_DIRECTORY,List,30,ven_c65af8319e3f,,Ashetiles,,Stones|Marble Tiles,,Marble Tiles,,,,https://wa.me/c/6287883632349,,,,,,,SKU eksplisit tidak tersedia; kolom Product adalah family/subkategori dan belum membuktikan nama produk/seri; Brand dan Vendor masih bercampur pada kolom Brand/Company,
matcand_list_r0031,LIST_DIRECTORY,List,31,ven_f33cfa0216cd,,Astana ID,,Furniture|Loose Furniture (Office Chair|Arm Chair|Stool),,"Loose Furniture (Office Chair, Arm Chair, Stool)",,,,,https://drive.google.com/drive/folders/11UmMZYy90BR20kzU4HSZB6UsG1Qgv_XC?usp=drive_link,,,,,,SKU eksplisit tidak tersedia; kolom Product adalah family/subkategori dan belum membuktikan nama produk/seri; Brand dan Vendor masih bercampur pada kolom Brand/Company,
matcand_list_r0032,LIST_DIRECTORY,List,32,ven_1a0c16850796,,Ataya,,Furniture|Home Furniture,,Home Furniture,,,,,,,,,,,SKU eksplisit tidak tersedia; kolom Product adalah family/subkategori dan belum membuktikan nama produk/seri; Brand dan Vendor masih bercampur pada kolom Brand/Company,
matcand_list_r0033,LIST_DIRECTORY,List,33,ven_30c584c63614,,Ateja,,Fabric|Home Furnishing|Outdoor Fabric|Sunscreen|Drapery,,"Home Furnishing, Outdoor Fabric, Sunscreen, Drapery",,,,https://drive.google.com/drive/folders/1MXLka__DVp_zbTam4TvIFYWbrxPEOX7e,,,,,,,SKU eksplisit tidak tersedia; kolom Product adalah family/subkategori dan belum membuktikan nama produk/seri; Brand dan Vendor masih bercampur pada kolom Brand/Company,
matcand_list_r0034,LIST_DIRECTORY,List,34,ven_ca6b032dc4e1,,Ateson Home,,Sanitary|Bathroom Accessories,,Bathroom Accessories,,,,https://atesonhome.com/general-catalogue/,https://drive.google.com/drive/folders/1j2H-qhSTELFR73hOv19HIgvvyg7bRsim?usp=drive_link,,,,,,SKU eksplisit tidak tersedia; kolom Product adalah family/subkategori dan belum membuktikan nama produk/seri; Brand dan Vendor masih bercampur pada kolom Brand/Company,
matcand_list_r0035,LIST_DIRECTORY,List,35,ven_ca6b032dc4e1,,Ateson Home,,Sanitary|Sanitary Ware,,Sanitary Ware,,,,https://atesonhome.com/general-catalogue/,https://drive.google.com/drive/folders/1j2H-qhSTELFR73hOv19HIgvvyg7bRsim?usp=drive_link,,,,,,SKU eksplisit tidak tersedia; kolom Product adalah family/subkategori dan belum membuktikan nama produk/seri; Brand dan Vendor masih bercampur pada kolom Brand/Company,
matcand_list_r0036,LIST_DIRECTORY,List,36,ven_ca6b032dc4e1,,Ateson Home,,Sanitary|Kitchen Fitting,,Kitchen Fitting,,,,https://atesonhome.com/general-catalogue/,https://drive.google.com/drive/folders/1j2H-qhSTELFR73hOv19HIgvvyg7bRsim?usp=drive_link,,,,,,SKU eksplisit tidak tersedia; kolom Product adalah family/subkategori dan belum membuktikan nama produk/seri; Brand dan Vendor masih bercampur pada kolom Brand/Company,
matcand_list_r0037,LIST_DIRECTORY,List,37,ven_1c5b517de9c2,,Atipa,,Finishing|Flexible Tile - Wall Cladding,,Flexible Tile - Wall Cladding,,,,https://drive.google.com/file/d/1PJRkVRWHgiXjwHBgg9I3XZNzcZtXr5cE/view?usp=drivesdk,https://drive.google.com/file/d/1PJRkVRWHgiXjwHBgg9I3XZNzcZtXr5cE/view,,,,,,SKU eksplisit tidak tersedia; kolom Product adalah family/subkategori dan belum membuktikan nama produk/seri; Brand dan Vendor masih bercampur pada kolom Brand/Company,
matcand_list_r0038,LIST_DIRECTORY,List,38,ven_d85c8f805358,,Avere,,Lighting|Decorative Lamp,,Decorative Lamp,,,,,,,,,,,SKU eksplisit tidak tersedia; kolom Product adalah family/subkategori dan belum membuktikan nama produk/seri; Brand dan Vendor masih bercampur pada kolom Brand/Company,
matcand_list_r0039,LIST_DIRECTORY,List,39,ven_69cf8458ee23,,Balian Decorative,,Flooring|SPC Flooring,,SPC Flooring,,,,https://baliandecorative.id/product-tag/lantai-spc/,https://drive.google.com/drive/folders/1vtS1jCwhJ_Sg9p4Itc8aoTU7x52DpdaA?usp=share_link,,,,,,SKU eksplisit tidak tersedia; kolom Product adalah family/subkategori dan belum membuktikan nama produk/seri; Brand dan Vendor masih bercampur pada kolom Brand/Company,
matcand_list_r0040,LIST_DIRECTORY,List,40,ven_69cf8458ee23,,Balian Decorative,,Flooring|Deck,,Deck,,,,https://baliandecorative.id/product-category/duradeck/,https://drive.google.com/drive/folders/1vtS1jCwhJ_Sg9p4Itc8aoTU7x52DpdaA?usp=share_link,,,,,,SKU eksplisit tidak tersedia; kolom Product adalah family/subkategori dan belum membuktikan nama produk/seri; Brand dan Vendor masih bercampur pada kolom Brand/Company,
matcand_list_r0041,LIST_DIRECTORY,List,41,ven_69cf8458ee23,,Balian Decorative,,Wall Finishing|Wall Panel,,Wall Panel,,,,https://baliandecorative.id/produk/,https://drive.google.com/drive/folders/1vtS1jCwhJ_Sg9p4Itc8aoTU7x52DpdaA?usp=share_link,,,,,,SKU eksplisit tidak tersedia; kolom Product adalah family/subkategori dan belum membuktikan nama produk/seri; Brand dan Vendor masih bercampur pada kolom Brand/Company,
matcand_list_r0042,LIST_DIRECTORY,List,42,ven_69cf8458ee23,,Balian Decorative,,Wall Finishing|Moulding,,Moulding,,,,https://baliandecorative.id/product-category/balian-wall-moulding/,https://drive.google.com/drive/folders/1vtS1jCwhJ_Sg9p4Itc8aoTU7x52DpdaA?usp=share_link,,,,,,SKU eksplisit tidak tersedia; kolom Product adalah family/subkategori dan belum membuktikan nama produk/seri; Brand dan Vendor masih bercampur pada kolom Brand/Company,
matcand_list_r0043,LIST_DIRECTORY,List,43,ven_e89b09934b29,,Bambusa Bali,,Home Decorations|Lighting|Decor|Furniture|Tableware|Mirror,,"Lighting, Decor, Furniture, Tableware, Mirror",,,,https://bamboo-interior.com/lighting,,,,,,,SKU eksplisit tidak tersedia; kolom Product adalah family/subkategori dan belum membuktikan nama produk/seri; Brand dan Vendor masih bercampur pada kolom Brand/Company,
matcand_list_r0044,LIST_DIRECTORY,List,44,ven_8a5ef25edfd4,,Bata Antasari 34,,Materials|Bata Expose|Bata Tempel|Roster,,"Bata Expose, Bata Tempel, Roster",,,,,,,,,,,SKU eksplisit tidak tersedia; kolom Product adalah family/subkategori dan belum membuktikan nama produk/seri; Brand dan Vendor masih bercampur pada kolom Brand/Company,
matcand_list_r0045,LIST_DIRECTORY,List,45,ven_3a94be355dc9,,Batara Living,,Wall Finishing|Texture Paint,,Texture Paint,,,,,https://drive.google.com/drive/folders/1VbtTEOibj7kBYlr1zxfpSxDvQCiD-GEY?usp=share_link,,,,,,SKU eksplisit tidak tersedia; kolom Product adalah family/subkategori dan belum membuktikan nama produk/seri; Brand dan Vendor masih bercampur pada kolom Brand/Company,
matcand_list_r0046,LIST_DIRECTORY,List,46,ven_049e84c86326,,Batavia Living Furniture,,Furniture|Outdoor Furniture - HDPE synthetic rattan,,Outdoor Furniture - HDPE synthetic rattan,,,,https://www.batavia-living.com/diningbar-chairs,https://drive.google.com/drive/folders/1QCh54Pp-pJQCHl_uXuD9w5sB2SmqZqU_?usp=drive_link,,,,,,SKU eksplisit tidak tersedia; kolom Product adalah family/subkategori dan belum membuktikan nama produk/seri; Brand dan Vendor masih bercampur pada kolom Brand/Company,
matcand_list_r0047,LIST_DIRECTORY,List,47,ven_777799fa8927,,BDA Group,,Flooring|Sintered stone,,Sintered stone,,,,https://tokopedia.link/p6CMuSieVNb,https://drive.google.com/drive/folders/1d1v8eU0cmvGes-NNh3uHxG7AiGxEonmH?usp=drive_link,,,,,,SKU eksplisit tidak tersedia; kolom Product adalah family/subkategori dan belum membuktikan nama produk/seri; Brand dan Vendor masih bercampur pada kolom Brand/Company,
matcand_list_r0048,LIST_DIRECTORY,List,48,ven_777799fa8927,,BDA Group,,Flooring|SPC,,SPC,,,,https://tokopedia.link/p6CMuSieVNb,https://drive.google.com/drive/folders/1d1v8eU0cmvGes-NNh3uHxG7AiGxEonmH?usp=drive_link,,,,,,SKU eksplisit tidak tersedia; kolom Product adalah family/subkategori dan belum membuktikan nama produk/seri; Brand dan Vendor masih bercampur pada kolom Brand/Company,
matcand_list_r0049,LIST_DIRECTORY,List,49,ven_777799fa8927,,BDA Group,,Flooring|Granite Tiles,,Granite Tiles,,,,https://tokopedia.link/p6CMuSieVNb,https://drive.google.com/drive/folders/1d1v8eU0cmvGes-NNh3uHxG7AiGxEonmH?usp=drive_link,,,,,,SKU eksplisit tidak tersedia; kolom Product adalah family/subkategori dan belum membuktikan nama produk/seri; Brand dan Vendor masih bercampur pada kolom Brand/Company,
matcand_list_r0050,LIST_DIRECTORY,List,50,ven_777799fa8927,,BDA Group,,Sanitary|Sanitary hardware,,Sanitary hardware,,,,https://tokopedia.link/p6CMuSieVNb,https://drive.google.com/drive/folders/1d1v8eU0cmvGes-NNh3uHxG7AiGxEonmH?usp=drive_link,,,,,,SKU eksplisit tidak tersedia; kolom Product adalah family/subkategori dan belum membuktikan nama produk/seri; Brand dan Vendor masih bercampur pada kolom Brand/Company,
matcand_list_r0051,LIST_DIRECTORY,List,51,ven_777799fa8927,,BDA Group,,Tiles|Mosaic,,Mosaic,,,,https://tokopedia.link/p6CMuSieVNb,https://drive.google.com/drive/folders/1d1v8eU0cmvGes-NNh3uHxG7AiGxEonmH?usp=drive_link,,,,,,SKU eksplisit tidak tersedia; kolom Product adalah family/subkategori dan belum membuktikan nama produk/seri; Brand dan Vendor masih bercampur pada kolom Brand/Company,
matcand_list_r0052,LIST_DIRECTORY,List,52,ven_1062cd9aa659,,Bell Living Lab,,Furniture|Loose Furniture - (Green Materials),,Loose Furniture - (Green Materials),,,,,,,,,,,SKU eksplisit tidak tersedia; kolom Product adalah family/subkategori dan belum membuktikan nama produk/seri; Brand dan Vendor masih bercampur pada kolom Brand/Company,
matcand_list_r0053,LIST_DIRECTORY,List,53,ven_d736b0e83afa,,Ben Wood,,Wood|Decorative Wood,,Decorative Wood,,,,,,,,,,,SKU eksplisit tidak tersedia; kolom Product adalah family/subkategori dan belum membuktikan nama produk/seri; Brand dan Vendor masih bercampur pada kolom Brand/Company,
matcand_list_r0054,LIST_DIRECTORY,List,54,ven_6addd4403159,,Beninca,,Materials|Automation & Accessories Gate - Garage - Doors,,Automation & Accessories Gate - Garage - Doors,,,,,,,,,,,SKU eksplisit tidak tersedia; kolom Product adalah family/subkategori dan belum membuktikan nama produk/seri; Brand dan Vendor masih bercampur pada kolom Brand/Company,
matcand_list_r0055,LIST_DIRECTORY,List,55,ven_483235d4faaa,,Beta Living,,Home Decorations|Decorative Objects,,Decorative Objects,,,,,,,,,,,SKU eksplisit tidak tersedia; kolom Product adalah family/subkategori dan belum membuktikan nama produk/seri; Brand dan Vendor masih bercampur pada kolom Brand/Company,
matcand_list_r0056,LIST_DIRECTORY,List,56,ven_6f3815f1a7a8,,Beyond Floor,,Finishing|Vinyl|SPC,,"Vinyl, SPC",,,,https://berkatdecor.com/?s=beyond+floor&post_type=product,,,,,,,SKU eksplisit tidak tersedia; kolom Product adalah family/subkategori dan belum membuktikan nama produk/seri; Brand dan Vendor masih bercampur pada kolom Brand/Company,
matcand_list_r0057,LIST_DIRECTORY,List,57,ven_bfd7c0b552fe,,Bianconero Compressa,,Stones|Compressed Marble - Artificial Granite Onyx Terrazzo Porcelain Tiles,,Compressed Marble - Artificial Granite Onyx Terrazzo Porcelain Tiles,,,,,,,,,,,SKU eksplisit tidak tersedia; kolom Product adalah family/subkategori dan belum membuktikan nama produk/seri; Brand dan Vendor masih bercampur pada kolom Brand/Company,
matcand_list_r0058,LIST_DIRECTORY,List,58,ven_a0247b3dc1d3,,Bilionite,,Finishing|Solid Surface,,Solid Surface,,,,,https://ugc.production.linktr.ee/bf8b1d9a-6b24-404e-9801-e28d52a8b458_Catalogue-Bilionite-MHM-send.pdf,,,,,,SKU eksplisit tidak tersedia; kolom Product adalah family/subkategori dan belum membuktikan nama produk/seri; Brand dan Vendor masih bercampur pada kolom Brand/Company,
matcand_list_r0059,LIST_DIRECTORY,List,59,ven_274825f0f66e,,Biruindonesia,,Materials|Ceiling & Partition System - Rolling Door - Door Hardware - Flooring - Automatic doors & Gate,,Ceiling & Partition System - Rolling Door - Door Hardware - Flooring - Automatic doors & Gate,,,,,,,,,,,SKU eksplisit tidak tersedia; kolom Product adalah family/subkategori dan belum membuktikan nama produk/seri; Brand dan Vendor masih bercampur pada kolom Brand/Company,
matcand_list_r0060,LIST_DIRECTORY,List,60,ven_53350e5acd3d,,Blackwood,,Furniture|Home Furniture,,Home Furniture,,,,,,,,,,,SKU eksplisit tidak tersedia; kolom Product adalah family/subkategori dan belum membuktikan nama produk/seri; Brand dan Vendor masih bercampur pada kolom Brand/Company,
matcand_list_r0061,LIST_DIRECTORY,List,61,ven_435d2affb78f,,Blue Scope,,Steel|Steel Supplied,,Steel Supplied,,,,https://wa.me/c/628118716937,,,,,,,SKU eksplisit tidak tersedia; kolom Product adalah family/subkategori dan belum membuktikan nama produk/seri; Brand dan Vendor masih bercampur pada kolom Brand/Company,
matcand_list_r0062,LIST_DIRECTORY,List,62,ven_a89a8486d095,,BODAQ by Hyundai L&C,,Finishing|Interior Film - PVC Sheet,,Interior Film - PVC Sheet,,,,https://online.anyflip.com/nuvyq/vxqo/mobile/index.html,https://drive.google.com/drive/folders/1YEe0HbTyqaEvV1WTUrRiXZ-D4NWb9Le2?usp=share_link,,,,,,SKU eksplisit tidak tersedia; kolom Product adalah family/subkategori dan belum membuktikan nama produk/seri; Brand dan Vendor masih bercampur pada kolom Brand/Company,
matcand_list_r0063,LIST_DIRECTORY,List,63,ven_590f5ec48334,,Bottega Artisan,,Flooring|Ceramics,,Ceramics,,,,,,,,,,,SKU eksplisit tidak tersedia; kolom Product adalah family/subkategori dan belum membuktikan nama produk/seri; Brand dan Vendor masih bercampur pada kolom Brand/Company,
matcand_list_r0064,LIST_DIRECTORY,List,64,ven_dd2051ab9f98,,BOWE,,Flooring|Vinyl Tiles,,Vinyl Tiles,,,,,https://drive.google.com/drive/folders/16H8NEWPbn2pLIZkqg2umzZixGlTQnDqU?usp=sharing,,,,,,SKU eksplisit tidak tersedia; kolom Product adalah family/subkategori dan belum membuktikan nama produk/seri; Brand dan Vendor masih bercampur pada kolom Brand/Company,
matcand_list_r0065,LIST_DIRECTORY,List,65,ven_dd2051ab9f98,,BOWE,,Flooring|SPC,,SPC,,,,,https://drive.google.com/drive/folders/16H8NEWPbn2pLIZkqg2umzZixGlTQnDqU?usp=sharing,,,,,,SKU eksplisit tidak tersedia; kolom Product adalah family/subkategori dan belum membuktikan nama produk/seri; Brand dan Vendor masih bercampur pada kolom Brand/Company,
matcand_list_r0066,LIST_DIRECTORY,List,66,ven_dd2051ab9f98,,BOWE,,Wall Finishing|WPC,,WPC,,,,,https://drive.google.com/drive/folders/16H8NEWPbn2pLIZkqg2umzZixGlTQnDqU?usp=sharing,,,,,,SKU eksplisit tidak tersedia; kolom Product adalah family/subkategori dan belum membuktikan nama produk/seri; Brand dan Vendor masih bercampur pada kolom Brand/Company,
matcand_list_r0067,LIST_DIRECTORY,List,67,ven_8d4b98b9edbe,,Brescia,,Flooring|Marmer,,Marmer,,,,https://www.bresciastonebali.com/stone-collection/,,,,,,,SKU eksplisit tidak tersedia; kolom Product adalah family/subkategori dan belum membuktikan nama produk/seri; Brand dan Vendor masih bercampur pada kolom Brand/Company,
matcand_list_r0068,LIST_DIRECTORY,List,68,ven_8d4b98b9edbe,,Brescia,,Wall Finishing|Marmer,,Marmer,,,,https://www.bresciastonebali.com/stone-collection/,,,,,,,SKU eksplisit tidak tersedia; kolom Product adalah family/subkategori dan belum membuktikan nama produk/seri; Brand dan Vendor masih bercampur pada kolom Brand/Company,
matcand_list_r0069,LIST_DIRECTORY,List,69,ven_b205a60c720b,,Brewsuniq Space,,Furniture|Loose Furniture,,Loose Furniture,,,,,,,,,,,SKU eksplisit tidak tersedia; kolom Product adalah family/subkategori dan belum membuktikan nama produk/seri; Brand dan Vendor masih bercampur pada kolom Brand/Company,
matcand_list_r0070,LIST_DIRECTORY,List,70,ven_f67e0d29303c,,Bunka Panca Karya,,Materials|Folding Gate - Spandek - Rolling Door,,Folding Gate - Spandek - Rolling Door,,,,https://www.bunkapancakarya.com/,https://www.bunkapancakarya.com/assets/files/Katalog-2024.pdf,,,,,,SKU eksplisit tidak tersedia; kolom Product adalah family/subkategori dan belum membuktikan nama produk/seri; Brand dan Vendor masih bercampur pada kolom Brand/Company,
matcand_list_r0071,LIST_DIRECTORY,List,71,ven_272a95c988a1,,Byoliving,,Finishing|Rattan - Hand-woven Applications,,Rattan - Hand-woven Applications,,,,,,,,,,,SKU eksplisit tidak tersedia; kolom Product adalah family/subkategori dan belum membuktikan nama produk/seri; Brand dan Vendor masih bercampur pada kolom Brand/Company,
matcand_list_r0072,LIST_DIRECTORY,List,72,ven_081845095d69,,Byucksan - Paper Yarn,,Wall Finishing|SPC - Paper Fibers,,SPC - Paper Fibers,,,,,https://drive.google.com/drive/folders/1abosW9soQRLpO4XTFZumAWaRxXtqbuLo?usp=drive_link,,,,,,SKU eksplisit tidak tersedia; kolom Product adalah family/subkategori dan belum membuktikan nama produk/seri; Brand dan Vendor masih bercampur pada kolom Brand/Company,
matcand_list_r0073,LIST_DIRECTORY,List,73,ven_626aa2f881e1,,Cambium Home,,Furniture|Loose Furniture,,Loose Furniture,,,,https://www.cambiumhome.com/products/,,,,,,,SKU eksplisit tidak tersedia; kolom Product adalah family/subkategori dan belum membuktikan nama produk/seri; Brand dan Vendor masih bercampur pada kolom Brand/Company,
matcand_list_r0074,LIST_DIRECTORY,List,74,ven_0567cff5547d,,CARA Living,,Furniture|Custom Furniture (Sofa|Chairs|Stool),,"Custom Furniture (Sofa, Chairs, Stool)",,,,,,,,,,,SKU eksplisit tidak tersedia; kolom Product adalah family/subkategori dan belum membuktikan nama produk/seri; Brand dan Vendor masih bercampur pada kolom Brand/Company,
matcand_list_r0075,LIST_DIRECTORY,List,75,ven_d9e213342b64,,Cattelan Italia,,Furniture|Loose Furniture (Sofa|Chairs|Table|Bed - Italian Brand),,"Loose Furniture (Sofa, Chairs, Table, Bed - Italian Brand)",,,,https://melandas-indonesia.com/,,,,,,,SKU eksplisit tidak tersedia; kolom Product adalah family/subkategori dan belum membuktikan nama produk/seri; Brand dan Vendor masih bercampur pada kolom Brand/Company,
matcand_list_r0076,LIST_DIRECTORY,List,76,ven_7ee65a7f0774,,Cellux Ceiling,,Ceiling|Decorative Ceiling,,Decorative Ceiling,,,,,,,,,,,SKU eksplisit tidak tersedia; kolom Product adalah family/subkategori dan belum membuktikan nama produk/seri; Brand dan Vendor masih bercampur pada kolom Brand/Company,
matcand_list_r0077,LIST_DIRECTORY,List,77,ven_e15f0e6c5390,,Cemtex Innovation,,Wall Finishing|Texture Paint,,Texture Paint,,,,,https://drive.google.com/drive/folders/1_R4aVOMDNU0VPxc1sQUHKiun_rgSrb2v?usp=share_link,,,,,,SKU eksplisit tidak tersedia; kolom Product adalah family/subkategori dan belum membuktikan nama produk/seri; Brand dan Vendor masih bercampur pada kolom Brand/Company,
matcand_list_r0078,LIST_DIRECTORY,List,78,ven_6c51b303a913,,Centralite,,Lighting|Industrial light - Neonlight LED Strip - Emergency,,Industrial light - Neonlight LED Strip - Emergency,,,,https://www.centralite.co.id/product,,,,,,,SKU eksplisit tidak tersedia; kolom Product adalah family/subkategori dan belum membuktikan nama produk/seri; Brand dan Vendor masih bercampur pada kolom Brand/Company,
matcand_list_r0079,LIST_DIRECTORY,List,79,ven_6c51b303a913,,Centralite,,Lighting|Architectual Lighting,,Architectual Lighting,,,,https://centralite.co.id/,https://drive.google.com/drive/u/0/folders/1v4f_EQ9VIYXVFyb3WSmN-Q4Mr3_Oq2_m?sort=13&direction=a,,,,,,SKU eksplisit tidak tersedia; kolom Product adalah family/subkategori dan belum membuktikan nama produk/seri; Brand dan Vendor masih bercampur pada kolom Brand/Company,
matcand_list_r0080,LIST_DIRECTORY,List,80,ven_329cf5a75892,,Christ Wood,,Flooring|Solid Wood - Decking,,Solid Wood - Decking,,,,,https://drive.google.com/file/d/1ITuMplF88CS5686nGcSSnZJFQJwtdGv6/view,,,,,,SKU eksplisit tidak tersedia; kolom Product adalah family/subkategori dan belum membuktikan nama produk/seri; Brand dan Vendor masih bercampur pada kolom Brand/Company,
matcand_list_r0081,LIST_DIRECTORY,List,81,ven_07dec2e349b4,,Chroma Asia,,Wall Finishing|Liquid Wallcovering|Special Paint Effect,,"Liquid Wallcovering, Special Paint Effect",,,,https://chromaasia.com/catalog,,,,,,,SKU eksplisit tidak tersedia; kolom Product adalah family/subkategori dan belum membuktikan nama produk/seri; Brand dan Vendor masih bercampur pada kolom Brand/Company,
matcand_list_r0082,LIST_DIRECTORY,List,82,ven_438d88760954,,Cipta Semula Laminates,,Finishing|HPL,,HPL,,,,https://ciptasemula.com/shop/,,,,,,,SKU eksplisit tidak tersedia; kolom Product adalah family/subkategori dan belum membuktikan nama produk/seri; Brand dan Vendor masih bercampur pada kolom Brand/Company,
matcand_list_r0083,LIST_DIRECTORY,List,83,ven_8b3a5104d47e,,Citatah,,Stones|Mosaic,,Mosaic,,,,,https://drive.google.com/drive/folders/1gS8uQ2Nt7clVWiYNV4XlrLYyV-9ahErd?usp=drive_link,,,,,,SKU eksplisit tidak tersedia; kolom Product adalah family/subkategori dan belum membuktikan nama produk/seri; Brand dan Vendor masih bercampur pada kolom Brand/Company,
matcand_list_r0084,LIST_DIRECTORY,List,84,ven_8b3a5104d47e,,Citatah,,Stones|Quartz surface,,Quartz surface,,,,,https://drive.google.com/drive/folders/1gS8uQ2Nt7clVWiYNV4XlrLYyV-9ahErd?usp=drive_link,,,,,,SKU eksplisit tidak tersedia; kolom Product adalah family/subkategori dan belum membuktikan nama produk/seri; Brand dan Vendor masih bercampur pada kolom Brand/Company,
matcand_list_r0085,LIST_DIRECTORY,List,85,ven_8b3a5104d47e,,Citatah,,Stones|Natural stone,,Natural stone,,,,,https://drive.google.com/drive/folders/1gS8uQ2Nt7clVWiYNV4XlrLYyV-9ahErd?usp=drive_link,,,,,,SKU eksplisit tidak tersedia; kolom Product adalah family/subkategori dan belum membuktikan nama produk/seri; Brand dan Vendor masih bercampur pada kolom Brand/Company,
matcand_list_r0086,LIST_DIRECTORY,List,86,ven_8b3a5104d47e,,Citatah,,Stones|Leather Tiles,,Leather Tiles,,,,,https://drive.google.com/drive/folders/1gS8uQ2Nt7clVWiYNV4XlrLYyV-9ahErd?usp=drive_link,,,,,,SKU eksplisit tidak tersedia; kolom Product adalah family/subkategori dan belum membuktikan nama produk/seri; Brand dan Vendor masih bercampur pada kolom Brand/Company,
matcand_list_r0087,LIST_DIRECTORY,List,87,ven_8b3a5104d47e,,Citatah,,Stones|Acrylic solid surface,,Acrylic solid surface,,,,,https://drive.google.com/drive/folders/1gS8uQ2Nt7clVWiYNV4XlrLYyV-9ahErd?usp=drive_link,,,,,,SKU eksplisit tidak tersedia; kolom Product adalah family/subkategori dan belum membuktikan nama produk/seri; Brand dan Vendor masih bercampur pada kolom Brand/Company,
matcand_list_r0088,LIST_DIRECTORY,List,88,ven_8b3a5104d47e,,Citatah,,Stones|Technical stone,,Technical stone,,,,,https://drive.google.com/drive/folders/1gS8uQ2Nt7clVWiYNV4XlrLYyV-9ahErd?usp=drive_link,,,,,,SKU eksplisit tidak tersedia; kolom Product adalah family/subkategori dan belum membuktikan nama produk/seri; Brand dan Vendor masih bercampur pada kolom Brand/Company,
matcand_list_r0089,LIST_DIRECTORY,List,89,ven_65d80bb3afbe,,Clayxible,,Wall Finishing|Stone,,Stone,,,,,https://drive.google.com/drive/folders/1qy6Mkh9xx-gzFK4oU28LifAK2WDtiKtN?usp=drive_link,,,,,,SKU eksplisit tidak tersedia; kolom Product adalah family/subkategori dan belum membuktikan nama produk/seri; Brand dan Vendor masih bercampur pada kolom Brand/Company,
matcand_list_r0090,LIST_DIRECTORY,List,90,ven_3d51c76427a1,,Colortek,,Finishing|Decorative Paints & Flooring,,Decorative Paints & Flooring,,,,,,,,,,,SKU eksplisit tidak tersedia; kolom Product adalah family/subkategori dan belum membuktikan nama produk/seri; Brand dan Vendor masih bercampur pada kolom Brand/Company,
matcand_list_r0091,LIST_DIRECTORY,List,91,ven_7c714208a17a,,Coloursofchroma,,Wall Finishing|Liquid Metal - Premium Liquid Wallpaper,,Liquid Metal - Premium Liquid Wallpaper,,,,,,,,,,,SKU eksplisit tidak tersedia; kolom Product adalah family/subkategori dan belum membuktikan nama produk/seri; Brand dan Vendor masih bercampur pada kolom Brand/Company,
matcand_list_r0092,LIST_DIRECTORY,List,92,ven_8d5352e3e11a,,Cordial,,Furniture|Smart Furniture,,Smart Furniture,,,,https://sites.google.com/cordialels.com/cordial/cordial,,,,,,,SKU eksplisit tidak tersedia; kolom Product adalah family/subkategori dan belum membuktikan nama produk/seri; Brand dan Vendor masih bercampur pada kolom Brand/Company,
matcand_list_r0093,LIST_DIRECTORY,List,93,ven_08475a7b7041,,Creative Lighting Asia,,Lighting,,,,,,,,,,,,,SKU eksplisit tidak tersedia; kolom Product adalah family/subkategori dan belum membuktikan nama produk/seri; Brand dan Vendor masih bercampur pada kolom Brand/Company,
matcand_list_r0094,LIST_DIRECTORY,List,94,ven_ac78a71c6338,,Creatura Dekorasi,,Wall Finishing|High Gloss Acrylic,,High Gloss Acrylic,,,,,,,,,,,SKU eksplisit tidak tersedia; kolom Product adalah family/subkategori dan belum membuktikan nama produk/seri; Brand dan Vendor masih bercampur pada kolom Brand/Company,
matcand_list_r0095,LIST_DIRECTORY,List,95,ven_9b9673f7e54b,,CSL Leather,,Fabric|Leather|Synthetic Leather,,"Leather, Synthetic Leather",,,,https://leder-haus.com/synthetic-leather,,,,,,,SKU eksplisit tidak tersedia; kolom Product adalah family/subkategori dan belum membuktikan nama produk/seri; Brand dan Vendor masih bercampur pada kolom Brand/Company,
matcand_list_r0096,LIST_DIRECTORY,List,96,ven_9b9673f7e54b,,CSL Leather,,Flooring|Waterproof Flooring Eco Composite Flooring (PVC & PP FREE),,Waterproof Flooring Eco Composite Flooring (PVC & PP FREE),,,,https://online.fliphtml5.com/zueke/awqc/#p=1,,,,,,,SKU eksplisit tidak tersedia; kolom Product adalah family/subkategori dan belum membuktikan nama produk/seri; Brand dan Vendor masih bercampur pada kolom Brand/Company,
matcand_list_r0097,LIST_DIRECTORY,List,97,ven_e4065125debd,,D'Grassada,,Stones|Marble - Granite,,Marble - Granite,,,,https://grasada.com/materials.html,,,,,,,SKU eksplisit tidak tersedia; kolom Product adalah family/subkategori dan belum membuktikan nama produk/seri; Brand dan Vendor masih bercampur pada kolom Brand/Company,
matcand_list_r0098,LIST_DIRECTORY,List,98,ven_bb6f5dd0a1d0,,Dastor Indonesia,,Hardware|Fitting,,Fitting,,,,,https://drive.google.com/drive/u/0/folders/14BugIjhBamkAS0ZosD5KJE2Eeghycmh8,,,,,,SKU eksplisit tidak tersedia; kolom Product adalah family/subkategori dan belum membuktikan nama produk/seri; Brand dan Vendor masih bercampur pada kolom Brand/Company,
matcand_list_r0099,LIST_DIRECTORY,List,99,ven_34fa1da2ea67,,Deepa Lighting,,Lighting|Interior Lighting,,Interior Lighting,,,,,,,,,,,SKU eksplisit tidak tersedia; kolom Product adalah family/subkategori dan belum membuktikan nama produk/seri; Brand dan Vendor masih bercampur pada kolom Brand/Company,
matcand_list_r0100,LIST_DIRECTORY,List,100,ven_d5618dc78a72,,Deka Sistemi,,Hardware|Door Handle - Hinge,,Door Handle - Hinge,,,,,,,,,,,SKU eksplisit tidak tersedia; kolom Product adalah family/subkategori dan belum membuktikan nama produk/seri; Brand dan Vendor masih bercampur pada kolom Brand/Company,
matcand_list_r0101,LIST_DIRECTORY,List,101,ven_166451aae1e0,,Dekkson,,Door|Steel Door,,Steel Door,,,,https://dekkson.com/home/brochures,https://drive.google.com/drive/folders/1_QawTQrl3rYcjLkZi35eSLf4wCMzWMgG?usp=drive_link,,,,,,SKU eksplisit tidak tersedia; kolom Product adalah family/subkategori dan belum membuktikan nama produk/seri; Brand dan Vendor masih bercampur pada kolom Brand/Company,
matcand_list_r0102,LIST_DIRECTORY,List,102,ven_166451aae1e0,,Dekkson,,Hardware|Handle & Knobs Accessories for Glass Furniture Fitting,,Handle & Knobs Accessories for Glass Furniture Fitting,,,,https://dekkson.com/home/brochures,https://drive.google.com/drive/folders/1_QawTQrl3rYcjLkZi35eSLf4wCMzWMgG?usp=drive_link,,,,,,SKU eksplisit tidak tersedia; kolom Product adalah family/subkategori dan belum membuktikan nama produk/seri; Brand dan Vendor masih bercampur pada kolom Brand/Company,
matcand_list_r0103,LIST_DIRECTORY,List,103,ven_166451aae1e0,,Dekkson,,Sanitary|Floor Drain|Shower|Faucet|Fitting|Bathroomm Accessories,,"Floor Drain, Shower, Faucet, Fitting, Bathroomm Accessories",,,,https://dekkson.com/home/brochures,https://drive.google.com/drive/folders/1_QawTQrl3rYcjLkZi35eSLf4wCMzWMgG?usp=drive_link,,,,,,SKU eksplisit tidak tersedia; kolom Product adalah family/subkategori dan belum membuktikan nama produk/seri; Brand dan Vendor masih bercampur pada kolom Brand/Company,
matcand_list_r0104,LIST_DIRECTORY,List,104,ven_166451aae1e0,,Dekkson,,Smart Living|Smart Home System,,Smart Home System,,,,https://dekkson.com/home/brochures,https://drive.google.com/drive/folders/1_QawTQrl3rYcjLkZi35eSLf4wCMzWMgG?usp=drive_link,,,,,,SKU eksplisit tidak tersedia; kolom Product adalah family/subkategori dan belum membuktikan nama produk/seri; Brand dan Vendor masih bercampur pada kolom Brand/Company,
matcand_list_r0105,LIST_DIRECTORY,List,105,ven_aa2f10b811c1,,Delica Aluminium,,Door & Window|Aluminium Door & Window,,Aluminium Door & Window,,,,https://catalog.delica.co.id,https://drive.google.com/drive/folders/10PbHLVNwgNe-eUq94V4e7Obwic1s08Yh?usp=drive_link,,,,,,SKU eksplisit tidak tersedia; kolom Product adalah family/subkategori dan belum membuktikan nama produk/seri; Brand dan Vendor masih bercampur pada kolom Brand/Company,
matcand_list_r0106,LIST_DIRECTORY,List,106,ven_7e89e4e5822e,,Desso by Tarkett,,Flooring|Carpet Tiles & Rolles,,Carpet Tiles & Rolles,,,,,,,,,,,SKU eksplisit tidak tersedia; kolom Product adalah family/subkategori dan belum membuktikan nama produk/seri; Brand dan Vendor masih bercampur pada kolom Brand/Company,
matcand_list_r0107,LIST_DIRECTORY,List,107,ven_a8f855fdd87d,,Dextron,,Smart Living|Smart Home System,,Smart Home System,,,,https://www.dextronteknologi.com/download-katalog/,,,,,,,SKU eksplisit tidak tersedia; kolom Product adalah family/subkategori dan belum membuktikan nama produk/seri; Brand dan Vendor masih bercampur pada kolom Brand/Company,
matcand_list_r0108,LIST_DIRECTORY,List,108,ven_683e9fe8a233,,DH Casa,,Furniture|Sofa - Table - Coffee Table - Custom Furniture (Unique Design),,Sofa - Table - Coffee Table - Custom Furniture (Unique Design),,,,https://drive.google.com/drive/folders/1w3ns2wp_85cDNj5jopXXzfrAtuBPqSrv,https://drive.google.com/drive/folders/1jYPrIvKRXcWws_Hk34FPYSOmA_0JGePX,,,,,,SKU eksplisit tidak tersedia; kolom Product adalah family/subkategori dan belum membuktikan nama produk/seri; Brand dan Vendor masih bercampur pada kolom Brand/Company,
matcand_list_r0109,LIST_DIRECTORY,List,109,ven_06e29c005cf2,,Diva Furniture,,Furniture|Sofa,,Sofa,,,,,,,,,,,SKU eksplisit tidak tersedia; kolom Product adalah family/subkategori dan belum membuktikan nama produk/seri; Brand dan Vendor masih bercampur pada kolom Brand/Company,
matcand_list_r0110,LIST_DIRECTORY,List,110,ven_9a9b5d81b7c0,,Diverso,,Wall Finishing|Interior Decorative Paint,,Interior Decorative Paint,,,,,,,,,,,SKU eksplisit tidak tersedia; kolom Product adalah family/subkategori dan belum membuktikan nama produk/seri; Brand dan Vendor masih bercampur pada kolom Brand/Company,
matcand_list_r0111,LIST_DIRECTORY,List,111,ven_9a9b5d81b7c0,,Diverso,,Wall Finishing|Exterior Decorative Paint,,Exterior Decorative Paint,,,,,,,,,,,SKU eksplisit tidak tersedia; kolom Product adalah family/subkategori dan belum membuktikan nama produk/seri; Brand dan Vendor masih bercampur pada kolom Brand/Company,
matcand_list_r0112,LIST_DIRECTORY,List,112,ven_ca4db976fdeb,,Djalin,,Furniture|Loose Furniture - Rattan,,Loose Furniture - Rattan,,,,,https://drive.google.com/drive/folders/1NzZnXo7iB_gM3A0aDDIIVSQZmi_Xnsc3?usp=drive_link,,,,,,SKU eksplisit tidak tersedia; kolom Product adalah family/subkategori dan belum membuktikan nama produk/seri; Brand dan Vendor masih bercampur pada kolom Brand/Company,
matcand_list_r0113,LIST_DIRECTORY,List,113,ven_17d6ea7fcaba,,Doorhandle,,Hardware|Handle & Knobs,,Handle & Knobs,,,,,,,,,,,SKU eksplisit tidak tersedia; kolom Product adalah family/subkategori dan belum membuktikan nama produk/seri; Brand dan Vendor masih bercampur pada kolom Brand/Company,
matcand_list_r0114,LIST_DIRECTORY,List,114,ven_969bc72c6ee5,,Dormakaba Group,,Hardware|Door Accessories|Floor Hinges|Door Closer|Mortis|Cubicle Shower|Door Access|Automatic Door,,"Door Accessories, Floor Hinges, Door Closer, Mortis, Cubicle Shower, Door Access, Automatic Door",,,,,,,,,,,SKU eksplisit tidak tersedia; kolom Product adalah family/subkategori dan belum membuktikan nama produk/seri; Brand dan Vendor masih bercampur pada kolom Brand/Company,
matcand_list_r0115,LIST_DIRECTORY,List,115,ven_68902a22673b,,Dphaus,,Flooring|Ceramic & Porcelain - Marble|Wood|Terazzo|Stones|Cement,,"Ceramic & Porcelain - Marble, Wood, Terazzo, Stones, Cement",,,,,https://drive.google.com/file/d/1Pz3EFvC6Y2-wRRg8tpSRCkUcyLX7Vb3m/view,,,,,,SKU eksplisit tidak tersedia; kolom Product adalah family/subkategori dan belum membuktikan nama produk/seri; Brand dan Vendor masih bercampur pada kolom Brand/Company,
matcand_list_r0116,LIST_DIRECTORY,List,116,ven_55002693861a,,Duma,,Deck|WPC,,WPC,,,,https://duma.co.id/wp-content/uploads/2023/09/DUMA-DECK-BROCHURE.pdf,,,,,,,SKU eksplisit tidak tersedia; kolom Product adalah family/subkategori dan belum membuktikan nama produk/seri; Brand dan Vendor masih bercampur pada kolom Brand/Company,
matcand_list_r0117,LIST_DIRECTORY,List,117,ven_55002693861a,,Duma,,Wall Finishing|WPC,,WPC,,,,https://duma.co.id/wp-content/uploads/2023/07/DUMA-PANEL-BROCHURE.pdf,,,,,,,SKU eksplisit tidak tersedia; kolom Product adalah family/subkategori dan belum membuktikan nama produk/seri; Brand dan Vendor masih bercampur pada kolom Brand/Company,
matcand_list_r0118,LIST_DIRECTORY,List,118,ven_bc70ffa782c1,,Ecourban,,Wall Finishing|Wall Panel PVC,,Wall Panel PVC,,,,https://ecourban.id/pages/solid-color-series,,,,,,,SKU eksplisit tidak tersedia; kolom Product adalah family/subkategori dan belum membuktikan nama produk/seri; Brand dan Vendor masih bercampur pada kolom Brand/Company,
matcand_list_r0119,LIST_DIRECTORY,List,119,ven_a8a649ce5f7b,,EDL,,Finishing|HPL,,HPL,,,,https://www.edleuro.com/materials/laminates/solid/,,,,,,,SKU eksplisit tidak tersedia; kolom Product adalah family/subkategori dan belum membuktikan nama produk/seri; Brand dan Vendor masih bercampur pada kolom Brand/Company,
matcand_list_r0120,LIST_DIRECTORY,List,120,ven_9c83d6361566,,Elca,,Lighting|Indoor lighting - Magnetic light - Outdoor light - Underwater light,,Indoor lighting - Magnetic light - Outdoor light - Underwater light,,,,https://www.elcacorp.com/products/,https://drive.google.com/drive/folders/1RDPp-UGZl1cF6IQNebqeYmygmGs6Y0lg?usp=share_link,,,,,,SKU eksplisit tidak tersedia; kolom Product adalah family/subkategori dan belum membuktikan nama produk/seri; Brand dan Vendor masih bercampur pada kolom Brand/Company,
matcand_list_r0121,LIST_DIRECTORY,List,121,ven_ad6cf204686c,,Eleganza Tiles,,Finishing|Premium Tiles,,Premium Tiles,,,,https://www.eleganzaindonesia.com/products?general_application_id=&design_id=&color_id=&size_id=&surface_id=&search=,https://drive.google.com/file/d/1Oc6Hv_MU2K8qhoqZZIJUXAsjXqjcSzVN/view?usp=drivesdk,,,,,,SKU eksplisit tidak tersedia; kolom Product adalah family/subkategori dan belum membuktikan nama produk/seri; Brand dan Vendor masih bercampur pada kolom Brand/Company,
matcand_list_r0122,LIST_DIRECTORY,List,122,ven_ed39aaf0ca39,,Elite Glass,,Glass|Decorative Glass,,Decorative Glass,,,,,https://drive.google.com/drive/folders/1Graqg6o0VzbJvt-TdvCjKVGATyjaj8Tf?usp=sharing,,,,,,SKU eksplisit tidak tersedia; kolom Product adalah family/subkategori dan belum membuktikan nama produk/seri; Brand dan Vendor masih bercampur pada kolom Brand/Company,
matcand_list_r0123,LIST_DIRECTORY,List,123,ven_a0198c38063b,,Ellogrin,,Accessories|LED Furniture|Vase|Outdoor Lamp,,"LED Furniture, Vase, Outdoor Lamp",,,,https://ellogrin.id/wp-content/uploads/2025/09/ELLOGRIN-Catalog.pdf,,,,,,,SKU eksplisit tidak tersedia; kolom Product adalah family/subkategori dan belum membuktikan nama produk/seri; Brand dan Vendor masih bercampur pada kolom Brand/Company,
matcand_list_r0124,LIST_DIRECTORY,List,124,ven_9a4670f03f8a,,Enchanting,,Sanitary|Faucet - Basin - Closset,,Faucet - Basin - Closset,,,,https://www.tokopedia.com/europeenchanting,https://drive.google.com/file/d/17Qj-cvTKP25zFmJxwbPm6fGciA7HDxQR/view,,,,,,SKU eksplisit tidak tersedia; kolom Product adalah family/subkategori dan belum membuktikan nama produk/seri; Brand dan Vendor masih bercampur pada kolom Brand/Company,
matcand_list_r0125,LIST_DIRECTORY,List,125,ven_a0da361379a2,,ENVIRO,,Ceiling Facade Partition Roofing|Woven Crafts,,Woven Crafts,,,,https://www.envirocraft.co.id/collections,https://drive.google.com/drive/folders/1VT4FPeI6F5DDq8UzOmDc9fVMjePoyaNZ?usp=drive_link,,,,,,SKU eksplisit tidak tersedia; kolom Product adalah family/subkategori dan belum membuktikan nama produk/seri; Brand dan Vendor masih bercampur pada kolom Brand/Company,
matcand_list_r0126,LIST_DIRECTORY,List,126,ven_9c0000bf2ce6,,Estica International,,Door & Window|Aluminium Door & Window,,Aluminium Door & Window,,,,https://drive.google.com/file/d/14YG1seVQsDgiT1KRxx63CW60ne-dxry-/view?usp=drivesdk,https://drive.google.com/file/d/12XNgaPsm-MWCEYF4JoB1Vo1D9U_CdAtF/view?usp=drivesdk,,,,,,SKU eksplisit tidak tersedia; kolom Product adalah family/subkategori dan belum membuktikan nama produk/seri; Brand dan Vendor masih bercampur pada kolom Brand/Company,
matcand_list_r0127,LIST_DIRECTORY,List,127,ven_7986297c322d,,Eterna,,Finishing|Toilet Cubicle System,,Toilet Cubicle System,,,,,https://drive.google.com/drive/folders/1nPRgIAHKxRkK9rTx8ICboA_bA7Xc6WbK?usp=sharing,,,,,,SKU eksplisit tidak tersedia; kolom Product adalah family/subkategori dan belum membuktikan nama produk/seri; Brand dan Vendor masih bercampur pada kolom Brand/Company,
matcand_list_r0128,LIST_DIRECTORY,List,128,ven_0de6ff1bdb5e,,Etivo Indonesia,,Hardware|Handle & Knobs,,Handle & Knobs,,,,,https://drive.google.com/file/d/1W7QpTPHNVeXlJL9oOvPXvtDiESq_-Kcc/view,,,,,,SKU eksplisit tidak tersedia; kolom Product adalah family/subkategori dan belum membuktikan nama produk/seri; Brand dan Vendor masih bercampur pada kolom Brand/Company,
matcand_list_r0129,LIST_DIRECTORY,List,129,ven_d9dda9d154b8,,Evergreen Trees,,Decorative|Artificial Plants,,Artificial Plants,,,,https://drive.google.com/drive/folders/1pOsdmNxhnz-s1wqGmfoqA51yCHC_vWLN?usp=share_link,,,,,,,SKU eksplisit tidak tersedia; kolom Product adalah family/subkategori dan belum membuktikan nama produk/seri; Brand dan Vendor masih bercampur pada kolom Brand/Company,
matcand_list_r0130,LIST_DIRECTORY,List,130,ven_66a424a9a958,,Every,,Furniture|Loose Furniture - Chairs,,Loose Furniture - Chairs,,,,,https://drive.google.com/drive/folders/183nsxxeGbvhShBZ4bkwp4Kf-kb-UhOr0?usp=drive_link,,,,,,SKU eksplisit tidak tersedia; kolom Product adalah family/subkategori dan belum membuktikan nama produk/seri; Brand dan Vendor masih bercampur pada kolom Brand/Company,
matcand_list_r0131,LIST_DIRECTORY,List,131,ven_78df057b8002,,Expose Concrete,,Wall Finishing|Expose Concrete,,Expose Concrete,,,,,https://drive.google.com/drive/folders/1uma1VxICRrluA6QR4LGx83uuY8eOEpef?usp=drive_link,,,,,,SKU eksplisit tidak tersedia; kolom Product adalah family/subkategori dan belum membuktikan nama produk/seri; Brand dan Vendor masih bercampur pada kolom Brand/Company,
matcand_list_r0132,LIST_DIRECTORY,List,132,ven_a4503cde645f,,Fabrica Indonesia,,Door|Roller Blind - Folding Door - Folding Secutiry Door - Folding Mesh Door - Pintu Expanda,,Roller Blind - Folding Door - Folding Secutiry Door - Folding Mesh Door - Pintu Expanda,,,,,,,,,,,SKU eksplisit tidak tersedia; kolom Product adalah family/subkategori dan belum membuktikan nama produk/seri; Brand dan Vendor masih bercampur pada kolom Brand/Company,
matcand_list_r0133,LIST_DIRECTORY,List,133,ven_f615ca4de3e8,,Fenstela,,Door & Window|Aluminium Door & Window,,Aluminium Door & Window,,,,,https://fenstela.co.id/?fbclid=PAZXh0bgNhZW0CMTEAAaYCpIPXMc7rwZVar7yl4aeL25U-StOMIWOZtWyY0SiNL1ddyKtOykTNp8A_aem_oCYpR23FcIEgpzK1wPjG3g,,,,,,SKU eksplisit tidak tersedia; kolom Product adalah family/subkategori dan belum membuktikan nama produk/seri; Brand dan Vendor masih bercampur pada kolom Brand/Company,
matcand_list_r0134,LIST_DIRECTORY,List,134,ven_55ff221ff4b0,,Ferrum,,Iron Design|Wrought Iron,,Wrought Iron,,,,https://besitempa.com/product,,,,,,,SKU eksplisit tidak tersedia; kolom Product adalah family/subkategori dan belum membuktikan nama produk/seri; Brand dan Vendor masih bercampur pada kolom Brand/Company,
matcand_list_r0135,LIST_DIRECTORY,List,135,ven_be8712f7a130,,Fideco,,Wall Finishing|2D Wall Panel - 3D Wall Panel - Stopne Veneer,,2D Wall Panel - 3D Wall Panel - Stopne Veneer,,,,,,,,,,,SKU eksplisit tidak tersedia; kolom Product adalah family/subkategori dan belum membuktikan nama produk/seri; Brand dan Vendor masih bercampur pada kolom Brand/Company,
matcand_list_r0136,LIST_DIRECTORY,List,136,ven_0caad04c6b09,,Fio,,Accessories|Rugs|Carpet|Decorative Carpet,,"Rugs/Carpet, Decorative Carpet",,,,,https://drive.google.com/drive/folders/1bcN1objs3HkHbk9-qay78reiSujjlJNA?usp=drive_link,,,,,,SKU eksplisit tidak tersedia; kolom Product adalah family/subkategori dan belum membuktikan nama produk/seri; Brand dan Vendor masih bercampur pada kolom Brand/Company,
matcand_list_r0137,LIST_DIRECTORY,List,137,ven_62dd0db411ef,,Fobuma,,Ecommers|Produk konstruksi bangunan - teknik - arsitektur - interior,,Produk konstruksi bangunan - teknik - arsitektur - interior,,,,,,,,,,,SKU eksplisit tidak tersedia; kolom Product adalah family/subkategori dan belum membuktikan nama produk/seri; Brand dan Vendor masih bercampur pada kolom Brand/Company,
matcand_list_r0138,LIST_DIRECTORY,List,138,ven_cbe7bf39c3eb,,Foresco,,Wall Finishing|MDF,,MDF,,,,,https://drive.google.com/drive/folders/1bMRkYEmpiBUL5x70Wts2sQP6Kdrp8HgP?usp=drive_link,,,,,,SKU eksplisit tidak tersedia; kolom Product adalah family/subkategori dan belum membuktikan nama produk/seri; Brand dan Vendor masih bercampur pada kolom Brand/Company,
matcand_list_r0139,LIST_DIRECTORY,List,139,ven_2c4062e4ecc5,,Forluxe,,Wall Finishing|WPC,,WPC,,,,,https://drive.google.com/drive/folders/1xK-buiFyhz51YmM42ztDNcAoO-LvHM7L?usp=drive_link,,,,,,SKU eksplisit tidak tersedia; kolom Product adalah family/subkategori dan belum membuktikan nama produk/seri; Brand dan Vendor masih bercampur pada kolom Brand/Company,
matcand_list_r0140,LIST_DIRECTORY,List,140,ven_ea6b819f4338,,Forme Furniture,,Furniture|Home Furniture,,Home Furniture,,,,,https://drive.google.com/file/d/1Iw414pY6yZd9Q804KF93wjF6ECARamOG/view,,,,,,SKU eksplisit tidak tersedia; kolom Product adalah family/subkategori dan belum membuktikan nama produk/seri; Brand dan Vendor masih bercampur pada kolom Brand/Company,
matcand_list_r0141,LIST_DIRECTORY,List,141,ven_9e8e4c9ce97f,,Formwell,,Door & Window|Aluminium Frames Door & Window,,Aluminium Frames Door & Window,,,,,https://drive.google.com/drive/folders/1xgk18f2fgNgaSW3rjOjB8ZD_MUBD-2ky?usp=drive_link,,,,,,SKU eksplisit tidak tersedia; kolom Product adalah family/subkategori dan belum membuktikan nama produk/seri; Brand dan Vendor masih bercampur pada kolom Brand/Company,
matcand_list_r0142,LIST_DIRECTORY,List,142,ven_46f323f24d67,,Fortress Pintu Baja,,Door|Steel Door,,Steel Door,,,,,,,,,,,SKU eksplisit tidak tersedia; kolom Product adalah family/subkategori dan belum membuktikan nama produk/seri; Brand dan Vendor masih bercampur pada kolom Brand/Company,
matcand_list_r0143,LIST_DIRECTORY,List,143,ven_2885d8d02714,,Frame Work,,Door & Window|Aluminium Door & Window,,Aluminium Door & Window,,,,,,,,,,,SKU eksplisit tidak tersedia; kolom Product adalah family/subkategori dan belum membuktikan nama produk/seri; Brand dan Vendor masih bercampur pada kolom Brand/Company,
matcand_list_r0144,LIST_DIRECTORY,List,144,ven_f399f49bdfe7,,Fronterra,,Door|Alluminium-Wood,,Alluminium-Wood,,,,https://online.fliphtml5.com/imiiz/slnv/,,,,,,,SKU eksplisit tidak tersedia; kolom Product adalah family/subkategori dan belum membuktikan nama produk/seri; Brand dan Vendor masih bercampur pada kolom Brand/Company,
matcand_list_r0145,LIST_DIRECTORY,List,145,ven_c3395305be81,,Fu Texture,,Wall Finishing|Texture Paint,,Texture Paint,,,,,,,,,,,SKU eksplisit tidak tersedia; kolom Product adalah family/subkategori dan belum membuktikan nama produk/seri; Brand dan Vendor masih bercampur pada kolom Brand/Company,
matcand_list_r0146,LIST_DIRECTORY,List,146,ven_9396976be66f,,Fusion Local,,Furniture|Loose Furniture (Sofa|Chairs|Table|Dining Table),,"Loose Furniture (Sofa, Chairs, Table, Dining Table)",,,,,https://drive.google.com/drive/folders/1XCt_kfIj3pPBzK6h-Fm55Wdtze1XNmqA?usp=drive_link,,,,,,SKU eksplisit tidak tersedia; kolom Product adalah family/subkategori dan belum membuktikan nama produk/seri; Brand dan Vendor masih bercampur pada kolom Brand/Company,
matcand_list_r0147,LIST_DIRECTORY,List,147,ven_9396976be66f,,Fusion Local,,Lighting|Chanderlier - Pendant - Hanging & ceiling lamp,,Chanderlier - Pendant - Hanging & ceiling lamp,,,,,https://drive.google.com/drive/folders/1XCt_kfIj3pPBzK6h-Fm55Wdtze1XNmqA?usp=drive_link,,,,,,SKU eksplisit tidak tersedia; kolom Product adalah family/subkategori dan belum membuktikan nama produk/seri; Brand dan Vendor masih bercampur pada kolom Brand/Company,
matcand_list_r0148,LIST_DIRECTORY,List,148,ven_9ca3d53c9c5f,,GAIA Wallpanel,,Wall Finishing|SPC - Wall Panel,,SPC - Wall Panel,,,,,https://drive.google.com/drive/folders/1NiIz0Mpg1zxQGD28sYb1cXk5Am2OGg5s?usp=sharing,,,,,,SKU eksplisit tidak tersedia; kolom Product adalah family/subkategori dan belum membuktikan nama produk/seri; Brand dan Vendor masih bercampur pada kolom Brand/Company,
matcand_list_r0149,LIST_DIRECTORY,List,149,ven_b4bc9db6bb70,,Galeri Jati Asli,,Furniture|Solid Wood Jati,,Solid Wood Jati,,,,,,,,,,,SKU eksplisit tidak tersedia; kolom Product adalah family/subkategori dan belum membuktikan nama produk/seri; Brand dan Vendor masih bercampur pada kolom Brand/Company,
matcand_list_r0150,LIST_DIRECTORY,List,150,ven_c9015464958c,,Galleria,,Sanitary|Bathroom - Kitchen - Water Heater - Hand Dryer,,Bathroom - Kitchen - Water Heater - Hand Dryer,,,,,,,,,,,SKU eksplisit tidak tersedia; kolom Product adalah family/subkategori dan belum membuktikan nama produk/seri; Brand dan Vendor masih bercampur pada kolom Brand/Company,
matcand_list_r0151,LIST_DIRECTORY,List,151,ven_deabb7a07608,,Gammapaint,,Wall Finishing|Texture Paint,,Texture Paint,,,,,https://drive.google.com/drive/folders/1wKtZiYKqAKM12kLYm1zZy-Y07mLJ14eg?usp=drive_link,,,,,,SKU eksplisit tidak tersedia; kolom Product adalah family/subkategori dan belum membuktikan nama produk/seri; Brand dan Vendor masih bercampur pada kolom Brand/Company,
matcand_list_r0152,LIST_DIRECTORY,List,152,ven_31d7ef19c54d,,Gatra Marmer,,Flooring|Granit,,Granit,,,,,,,,,,,SKU eksplisit tidak tersedia; kolom Product adalah family/subkategori dan belum membuktikan nama produk/seri; Brand dan Vendor masih bercampur pada kolom Brand/Company,
matcand_list_r0153,LIST_DIRECTORY,List,153,ven_31d7ef19c54d,,Gatra Marmer,,Flooring|Marmer,,Marmer,,,,,,,,,,,SKU eksplisit tidak tersedia; kolom Product adalah family/subkategori dan belum membuktikan nama produk/seri; Brand dan Vendor masih bercampur pada kolom Brand/Company,
matcand_list_r0154,LIST_DIRECTORY,List,154,ven_5993c0e0e7de,,Germany Brilliant,,Sanitary|Toilet|Sink|Shower|Faucet|Rack,,"Toilet, Sink, Shower, Faucet, Rack",,,,https://germanybrilliant.com/produk,https://germanybrilliant.com/Katalog/download/14?fbclid=PARlRTSAN1TSJleHRuA2FlbQIxMQABp24aXjceAkc7_JFz6LqWC1Ue-gDE_YEVuIMttL-,,,,,,SKU eksplisit tidak tersedia; kolom Product adalah family/subkategori dan belum membuktikan nama produk/seri; Brand dan Vendor masih bercampur pada kolom Brand/Company,
matcand_list_r0155,LIST_DIRECTORY,List,155,ven_769b752188c5,,Globalindo Sinar Perkasa,,Flooring|Rubber Tiles Floor,,Rubber Tiles Floor,,,,https://www.tokopedia.com/globalindoperkasa,,,,,,,SKU eksplisit tidak tersedia; kolom Product adalah family/subkategori dan belum membuktikan nama produk/seri; Brand dan Vendor masih bercampur pada kolom Brand/Company,
matcand_list_r0156,LIST_DIRECTORY,List,156,ven_3799141fe212,,Glorall Indonesia,,Furniture|Salon Furniture,,Salon Furniture,,,,,,,,,,,SKU eksplisit tidak tersedia; kolom Product adalah family/subkategori dan belum membuktikan nama produk/seri; Brand dan Vendor masih bercampur pada kolom Brand/Company,
matcand_list_r0157,LIST_DIRECTORY,List,157,ven_5e31bd9b2818,,GMR Marble,,Wall Finishing|Granit|Marmer|Onyx,,"Granit, Marmer, Onyx",,,,,https://drive.google.com/drive/folders/1zgaN6uX-aM5wNhceV5ZkWuXSCgS0C0ft,,,,,,SKU eksplisit tidak tersedia; kolom Product adalah family/subkategori dan belum membuktikan nama produk/seri; Brand dan Vendor masih bercampur pada kolom Brand/Company,
matcand_list_r0158,LIST_DIRECTORY,List,158,ven_d05d45d50213,,Grandome Indonesia,,Furniture|Home Furniture,,Home Furniture,,,,,,,,,,,SKU eksplisit tidak tersedia; kolom Product adalah family/subkategori dan belum membuktikan nama produk/seri; Brand dan Vendor masih bercampur pada kolom Brand/Company,
matcand_list_r0159,LIST_DIRECTORY,List,159,ven_1ff42278ed14,,Granito,,Flooring|Ceramics,,Ceramics,,,,https://granito.co.id/wp-content/uploads/2025/06/Katalog-Granito-The-Perfect-2-Jun-2025-DIGITAL-SHARE-2.pdf,https://drive.google.com/drive/folders/1cWSx5ofldhVi8xMlSj9t2lJyAvypFBd6?usp=drive_link,,,,,,SKU eksplisit tidak tersedia; kolom Product adalah family/subkategori dan belum membuktikan nama produk/seri; Brand dan Vendor masih bercampur pada kolom Brand/Company,
matcand_list_r0160,LIST_DIRECTORY,List,160,ven_939258615867,,Granroof,,Canopy,,,,,,https://online.fliphtml5.com/imiiz/slnv/,,,,,,,SKU eksplisit tidak tersedia; kolom Product adalah family/subkategori dan belum membuktikan nama produk/seri; Brand dan Vendor masih bercampur pada kolom Brand/Company,
matcand_list_r0161,LIST_DIRECTORY,List,161,ven_2ec8a2d6c77b,,Green Alu,,Door & Window|Aluminium Window & Door,,Aluminium Window & Door,,,,,https://drive.google.com/drive/folders/1iwHQg3nO1cCZpI1wTak56vCA3iJjz8Oo?usp=drive_link,,,,,,SKU eksplisit tidak tersedia; kolom Product adalah family/subkategori dan belum membuktikan nama produk/seri; Brand dan Vendor masih bercampur pada kolom Brand/Company,
matcand_list_r0162,LIST_DIRECTORY,List,162,ven_a1ed656e82e1,,Green Leaves,,Accessories|Rugs|Carpet|Decorative Carpet,,"Rugs/Carpet, Decorative Carpet",,,,,,,,,,,SKU eksplisit tidak tersedia; kolom Product adalah family/subkategori dan belum membuktikan nama produk/seri; Brand dan Vendor masih bercampur pada kolom Brand/Company,
matcand_list_r0163,LIST_DIRECTORY,List,163,ven_59a0a9b4b273,,Green Teak,,Flooring|Vinyl Tiles,,Vinyl Tiles,,,,,https://drive.google.com/drive/folders/1XNmAvmK4TmovZrunhuafe8HP_amne9s-?usp=drive_link,,,,,,SKU eksplisit tidak tersedia; kolom Product adalah family/subkategori dan belum membuktikan nama produk/seri; Brand dan Vendor masih bercampur pada kolom Brand/Company,
matcand_list_r0164,LIST_DIRECTORY,List,164,ven_59a0a9b4b273,,Green Teak,,Flooring|Vinyl Roll,,Vinyl Roll,,,,,https://drive.google.com/drive/folders/1XNmAvmK4TmovZrunhuafe8HP_amne9s-?usp=drive_link,,,,,,SKU eksplisit tidak tersedia; kolom Product adalah family/subkategori dan belum membuktikan nama produk/seri; Brand dan Vendor masih bercampur pada kolom Brand/Company,
matcand_list_r0165,LIST_DIRECTORY,List,165,ven_59a0a9b4b273,,Green Teak,,Wall Finishing|WPC,,WPC,,,,,https://drive.google.com/drive/folders/1XNmAvmK4TmovZrunhuafe8HP_amne9s-?usp=drive_link,,,,,,SKU eksplisit tidak tersedia; kolom Product adalah family/subkategori dan belum membuktikan nama produk/seri; Brand dan Vendor masih bercampur pada kolom Brand/Company,
matcand_list_r0166,LIST_DIRECTORY,List,166,ven_c00a073f0582,,"Habitat, Milan Tiles",,Flooring|Ceramics,,Ceramics,,,,,https://drive.google.com/drive/folders/1qVgYn8mlOygarIUvQS0KyxZy9j2U1azX?usp=drive_link,,,,,,SKU eksplisit tidak tersedia; kolom Product adalah family/subkategori dan belum membuktikan nama produk/seri; Brand dan Vendor masih bercampur pada kolom Brand/Company,
matcand_list_r0167,LIST_DIRECTORY,List,167,ven_c00a073f0582,,"Habitat, Milan Tiles",,Wall Finishing|Ceramics,,Ceramics,,,,,https://drive.google.com/drive/folders/1qVgYn8mlOygarIUvQS0KyxZy9j2U1azX?usp=drive_link,,,,,,SKU eksplisit tidak tersedia; kolom Product adalah family/subkategori dan belum membuktikan nama produk/seri; Brand dan Vendor masih bercampur pada kolom Brand/Company,
matcand_list_r0168,LIST_DIRECTORY,List,168,ven_f179f6cc9968,,Habitus Concept,,Hardware|Handle & Knobs,,Handle & Knobs,,,,,https://drive.google.com/drive/folders/1Pz5I2zTMjQw4L9PMCbejz38-p-HbgjNC?usp=drive_link,,,,,,SKU eksplisit tidak tersedia; kolom Product adalah family/subkategori dan belum membuktikan nama produk/seri; Brand dan Vendor masih bercampur pada kolom Brand/Company,
matcand_list_r0169,LIST_DIRECTORY,List,169,ven_67187b2a8b9a,,Hafele,,Hardware|Fitting & Accessories,,Fitting & Accessories,,,,https://drive.google.com/file/d/1dtwMJPzIrxUVzNxJsBYswE2-DkqAl_DX/view?usp=drivesdk,https://drive.google.com/drive/folders/1uM-8rU0jjPKVcAzP4f_rWLshQC2QaiMd,,,,,,SKU eksplisit tidak tersedia; kolom Product adalah family/subkategori dan belum membuktikan nama produk/seri; Brand dan Vendor masih bercampur pada kolom Brand/Company,
matcand_list_r0170,LIST_DIRECTORY,List,170,ven_ec7c23a2ceed,,Hale Magis,,Decorative|Home Decorations,,Home Decorations,,,,,https://drive.google.com/drive/folders/1pgCnPTdKt2G9aO3myZnGPMLmWWN6Rrih?usp=drive_link,,,,,,SKU eksplisit tidak tersedia; kolom Product adalah family/subkategori dan belum membuktikan nama produk/seri; Brand dan Vendor masih bercampur pada kolom Brand/Company,
matcand_list_r0171,LIST_DIRECTORY,List,171,ven_c1f76e1cdc6a,,Harfit,,Door|Sliding|Folding Door,,Sliding/Folding Door,,,,,https://drive.google.com/drive/folders/16jfx42to-3Xsd7XrVeajNumaq2JK3M_m?usp=drive_link,,,,,,SKU eksplisit tidak tersedia; kolom Product adalah family/subkategori dan belum membuktikan nama produk/seri; Brand dan Vendor masih bercampur pada kolom Brand/Company,
matcand_list_r0172,LIST_DIRECTORY,List,172,ven_c1f76e1cdc6a,,Harfit,,Hardware|Kitchen Hardware,,Kitchen Hardware,,,,,https://drive.google.com/drive/folders/16jfx42to-3Xsd7XrVeajNumaq2JK3M_m?usp=drive_link,,,,,,SKU eksplisit tidak tersedia; kolom Product adalah family/subkategori dan belum membuktikan nama produk/seri; Brand dan Vendor masih bercampur pada kolom Brand/Company,
matcand_list_r0173,LIST_DIRECTORY,List,173,ven_c1f76e1cdc6a,,Harfit,,Hardware,,Hardware,,,,,https://drive.google.com/drive/folders/16jfx42to-3Xsd7XrVeajNumaq2JK3M_m?usp=drive_link,,,,,,SKU eksplisit tidak tersedia; kolom Product adalah family/subkategori dan belum membuktikan nama produk/seri; Brand dan Vendor masih bercampur pada kolom Brand/Company,
matcand_list_r0174,LIST_DIRECTORY,List,174,ven_c1f76e1cdc6a,,Harfit,,Hardware|Hinge,,Hinge,,,,,https://drive.google.com/drive/folders/16jfx42to-3Xsd7XrVeajNumaq2JK3M_m?usp=drive_link,,,,,,SKU eksplisit tidak tersedia; kolom Product adalah family/subkategori dan belum membuktikan nama produk/seri; Brand dan Vendor masih bercampur pada kolom Brand/Company,
matcand_list_r0175,LIST_DIRECTORY,List,175,ven_c1f76e1cdc6a,,Harfit,,Hardware|Drawer runner,,Drawer runner,,,,,https://drive.google.com/drive/folders/16jfx42to-3Xsd7XrVeajNumaq2JK3M_m?usp=drive_link,,,,,,SKU eksplisit tidak tersedia; kolom Product adalah family/subkategori dan belum membuktikan nama produk/seri; Brand dan Vendor masih bercampur pada kolom Brand/Company,
matcand_list_r0176,LIST_DIRECTORY,List,176,ven_c1f76e1cdc6a,,Harfit,,Hardware|Kitchenware,,Kitchenware,,,,,https://drive.google.com/drive/folders/16jfx42to-3Xsd7XrVeajNumaq2JK3M_m?usp=drive_link,,,,,,SKU eksplisit tidak tersedia; kolom Product adalah family/subkategori dan belum membuktikan nama produk/seri; Brand dan Vendor masih bercampur pada kolom Brand/Company,
matcand_list_r0177,LIST_DIRECTORY,List,177,ven_c1f76e1cdc6a,,Harfit,,Hardware|Fitting & Accessories,,Fitting & Accessories,,,,,https://drive.google.com/drive/folders/16jfx42to-3Xsd7XrVeajNumaq2JK3M_m?usp=drive_link,,,,,,SKU eksplisit tidak tersedia; kolom Product adalah family/subkategori dan belum membuktikan nama produk/seri; Brand dan Vendor masih bercampur pada kolom Brand/Company,
matcand_list_r0178,LIST_DIRECTORY,List,178,ven_c1f76e1cdc6a,,Harfit,,Hardware|Home Improvement,,Home Improvement,,,,,https://drive.google.com/drive/folders/16jfx42to-3Xsd7XrVeajNumaq2JK3M_m?usp=drive_link,,,,,,SKU eksplisit tidak tersedia; kolom Product adalah family/subkategori dan belum membuktikan nama produk/seri; Brand dan Vendor masih bercampur pada kolom Brand/Company,
matcand_list_r0179,LIST_DIRECTORY,List,179,ven_c1f76e1cdc6a,,Harfit,,Materials|Aluminium Profile,,Aluminium Profile,,,,,https://drive.google.com/drive/folders/16jfx42to-3Xsd7XrVeajNumaq2JK3M_m?usp=drive_link,,,,,,SKU eksplisit tidak tersedia; kolom Product adalah family/subkategori dan belum membuktikan nama produk/seri; Brand dan Vendor masih bercampur pada kolom Brand/Company,
matcand_list_r0180,LIST_DIRECTORY,List,180,ven_9a5c65e45b2b,,High Point,,Furniture,,,,,,,https://drive.google.com/drive/folders/1qnkVjLTbsMphdboWZP6O6Ey62M_l7ggV?usp=drive_link,,,,,,SKU eksplisit tidak tersedia; kolom Product adalah family/subkategori dan belum membuktikan nama produk/seri; Brand dan Vendor masih bercampur pada kolom Brand/Company,
matcand_list_r0181,LIST_DIRECTORY,List,181,ven_9a5c65e45b2b,,High Point,,Furniture|Office Furniture,,Office Furniture,,,,,https://drive.google.com/drive/folders/1qnkVjLTbsMphdboWZP6O6Ey62M_l7ggV?usp=drive_link,,,,,,SKU eksplisit tidak tersedia; kolom Product adalah family/subkategori dan belum membuktikan nama produk/seri; Brand dan Vendor masih bercampur pada kolom Brand/Company,
matcand_list_r0182,LIST_DIRECTORY,List,182,ven_9a5c65e45b2b,,High Point,,Wall Finishing|Acoustic Panel,,Acoustic Panel,,,,,https://drive.google.com/drive/folders/1qnkVjLTbsMphdboWZP6O6Ey62M_l7ggV?usp=drive_link,,,,,,SKU eksplisit tidak tersedia; kolom Product adalah family/subkategori dan belum membuktikan nama produk/seri; Brand dan Vendor masih bercampur pada kolom Brand/Company,
matcand_list_r0183,LIST_DIRECTORY,List,183,ven_b06889103703,,Higold,,Hardware|Kitchen Fittings - Wardrobe Fittings,,Kitchen Fittings - Wardrobe Fittings,,,,https://gantara.id/product/?fbclid=PAVERFWANIIDZleHRuA2FlbQIxMQABp3wwawd0Mo4gFcFmWBb649nrjas1wDr42oQkvbSxljxSSznVHOZzuRnKcFuv_aem_kE71g4e3Fo9O_z_YwZlvuQ,,,,,,,SKU eksplisit tidak tersedia; kolom Product adalah family/subkategori dan belum membuktikan nama produk/seri; Brand dan Vendor masih bercampur pada kolom Brand/Company,
matcand_list_r0184,LIST_DIRECTORY,List,184,ven_5d5d130af2ea,,Idecemerlang,,Lighting|Hanging Lamp,,Hanging Lamp,,,,,,,,,,,SKU eksplisit tidak tersedia; kolom Product adalah family/subkategori dan belum membuktikan nama produk/seri; Brand dan Vendor masih bercampur pada kolom Brand/Company,
matcand_list_r0185,LIST_DIRECTORY,List,185,ven_a26ab4c0c0f4,,Idefab,,Fabric|Fabric - Leather - Curtain,,Fabric - Leather - Curtain,,,,,https://drive.google.com/drive/folders/1LvpNc4AQ-zkhaZZSpSqovWwlYL8-uaFs?usp=drive_link,,,,,,SKU eksplisit tidak tersedia; kolom Product adalah family/subkategori dan belum membuktikan nama produk/seri; Brand dan Vendor masih bercampur pada kolom Brand/Company,
matcand_list_r0186,LIST_DIRECTORY,List,186,ven_131b8fef76fd,,Iluma,,Lighting|Chandelier,,Chandelier,,,,,,,,,,,SKU eksplisit tidak tersedia; kolom Product adalah family/subkategori dan belum membuktikan nama produk/seri; Brand dan Vendor masih bercampur pada kolom Brand/Company,
matcand_list_r0187,LIST_DIRECTORY,List,187,ven_d83e31f2d681,,Iluma Lighting,,Lighting|Wall Lamp - Floor Lamp,,Wall Lamp - Floor Lamp,,,,,,,,,,,SKU eksplisit tidak tersedia; kolom Product adalah family/subkategori dan belum membuktikan nama produk/seri; Brand dan Vendor masih bercampur pada kolom Brand/Company,
matcand_list_r0188,LIST_DIRECTORY,List,188,ven_8dffa06cd9a2,,INAX,,Flooring,,,,,,,https://drive.google.com/drive/folders/1aEGVAv6bAekrvIUccuNcQbCadoXjNWdx?usp=drive_link,,,,,,SKU eksplisit tidak tersedia; kolom Product adalah family/subkategori dan belum membuktikan nama produk/seri; Brand dan Vendor masih bercampur pada kolom Brand/Company,
matcand_list_r0189,LIST_DIRECTORY,List,189,ven_8dffa06cd9a2,,INAX,,Wall Finishing|Mosaic,,Mosaic,,,,,https://drive.google.com/drive/folders/1aEGVAv6bAekrvIUccuNcQbCadoXjNWdx?usp=drive_link,,,,,,SKU eksplisit tidak tersedia; kolom Product adalah family/subkategori dan belum membuktikan nama produk/seri; Brand dan Vendor masih bercampur pada kolom Brand/Company,
matcand_list_r0190,LIST_DIRECTORY,List,190,ven_6715fea65fad,,Indah Alam,,Decorative|Artificial Flowers|Plants,,"Artificial Flowers, Plants",,,,,,,,,,,SKU eksplisit tidak tersedia; kolom Product adalah family/subkategori dan belum membuktikan nama produk/seri; Brand dan Vendor masih bercampur pada kolom Brand/Company,
matcand_list_r0191,LIST_DIRECTORY,List,191,ven_df6cde4db8e1,,Indie.furn,,Furniture|Custom Furniture,,Custom Furniture,,,,,,,,,,,SKU eksplisit tidak tersedia; kolom Product adalah family/subkategori dan belum membuktikan nama produk/seri; Brand dan Vendor masih bercampur pada kolom Brand/Company,
matcand_list_r0192,LIST_DIRECTORY,List,192,ven_a95dcaf2644e,,Indogress,,Flooring|Ceramic - Bigslab - Marble - Wood - Industrial - Stone - Art,,Ceramic - Bigslab - Marble - Wood - Industrial - Stone - Art,,,,https://indogress.com/wp-content/uploads/2023/08/INDOGRESS-Regular-2025.pdf?fbclid=PARlRTSAN1P5tleHRuA2FlbQIxMQABp3Kh615YORhDx7f_6GetQ1TzH1wti3FdP5Q1a2RNuO6vBRi7fpALrY9ULmC6_aem_F73VWGaIrZ_5lQ-6mBAODQ,https://indogress.com/wp-content/uploads/2023/08/INDOGRESS-BIGSlab-2025.pdf?fbclid=PARlRTSAN1P7JleHRuA2FlbQIxMQABp3Kh615YORhDx7f_6GetQ1TzH1wti3FdP5Q1a2RNuO6vBRi7fpALrY9ULmC6_aem_F73VWGaIrZ_5lQ-6mBAODQ,,,,,,SKU eksplisit tidak tersedia; kolom Product adalah family/subkategori dan belum membuktikan nama produk/seri; Brand dan Vendor masih bercampur pada kolom Brand/Company,
matcand_list_r0193,LIST_DIRECTORY,List,193,ven_abc55f73dad5,,Indospace,,Furniture|Chair,,Chair,,,,,https://drive.google.com/drive/u/3/my-drive,,,,,,SKU eksplisit tidak tersedia; kolom Product adalah family/subkategori dan belum membuktikan nama produk/seri; Brand dan Vendor masih bercampur pada kolom Brand/Company,
matcand_list_r0194,LIST_DIRECTORY,List,194,ven_b0fbddb4123c,,Infiniti,,Tiles|Granite Tiles,,Granite Tiles,,,,https://www.titaniumgranite.com/products/?swoof=1&brand=infiniti,https://drive.google.com/drive/folders/1e1sc4b1iiGllX23NqYOHbBAa9ytEojZd?usp=drive_link,,,,,,SKU eksplisit tidak tersedia; kolom Product adalah family/subkategori dan belum membuktikan nama produk/seri; Brand dan Vendor masih bercampur pada kolom Brand/Company,
matcand_list_r0195,LIST_DIRECTORY,List,195,ven_5ca04f4cf64b,,Inka Glass,,Glass|Glass - Folding Glass,,Glass - Folding Glass,,,,https://www.inkaglass.com/frameless%20sliding%20glass%20door.html,,,,,,,SKU eksplisit tidak tersedia; kolom Product adalah family/subkategori dan belum membuktikan nama produk/seri; Brand dan Vendor masih bercampur pada kolom Brand/Company,
matcand_list_r0196,LIST_DIRECTORY,List,196,ven_236b51eb064f,,Inome Houseware,,Decorative|Tableware,,Tableware,,,,https://shopee.co.id/inome_houseware,,,,,,,SKU eksplisit tidak tersedia; kolom Product adalah family/subkategori dan belum membuktikan nama produk/seri; Brand dan Vendor masih bercampur pada kolom Brand/Company,
matcand_list_r0197,LIST_DIRECTORY,List,197,ven_11b26a3fab78,,Inston,,Flooring|Beton,,Beton,,,,,,,,,,,SKU eksplisit tidak tersedia; kolom Product adalah family/subkategori dan belum membuktikan nama produk/seri; Brand dan Vendor masih bercampur pada kolom Brand/Company,
matcand_list_r0198,LIST_DIRECTORY,List,198,ven_0ee811b5ad8c,,Interiorfurniturestore,,Furniture|Loose Furniture,,Loose Furniture,,,,,,,,,,,SKU eksplisit tidak tersedia; kolom Product adalah family/subkategori dan belum membuktikan nama produk/seri; Brand dan Vendor masih bercampur pada kolom Brand/Company,
matcand_list_r0199,LIST_DIRECTORY,List,199,ven_de53b2c64fcc,,Inti Solar,,Installation|Water Heater,,Water Heater,,,,,,,,,,,SKU eksplisit tidak tersedia; kolom Product adalah family/subkategori dan belum membuktikan nama produk/seri; Brand dan Vendor masih bercampur pada kolom Brand/Company,
matcand_list_r0200,LIST_DIRECTORY,List,200,ven_1c823031c735,,Jati Tari Meubel,,Furniture|Loose Furniture,,Loose Furniture,,,,,,,,,,,SKU eksplisit tidak tersedia; kolom Product adalah family/subkategori dan belum membuktikan nama produk/seri; Brand dan Vendor masih bercampur pada kolom Brand/Company,
matcand_list_r0201,LIST_DIRECTORY,List,201,ven_86e59e7028b6,,JSM Lighting by Skylite,,Lighting|General Lighting|Special Lighting,,"General Lighting, Special Lighting",,,,,https://drive.google.com/drive/folders/1ZqE1XTtvfxnMYrZ7nVd8WRSg9tRXBdsd?usp=share_link,,,,,,SKU eksplisit tidak tersedia; kolom Product adalah family/subkategori dan belum membuktikan nama produk/seri; Brand dan Vendor masih bercampur pada kolom Brand/Company,
matcand_list_r0202,LIST_DIRECTORY,List,202,ven_6f04229ee25c,,Kacaruma,,Door & Window|Aluminium Window & Door,,Aluminium Window & Door,,,,https://kacaruma.com/commercial/,,,,,,,SKU eksplisit tidak tersedia; kolom Product adalah family/subkategori dan belum membuktikan nama produk/seri; Brand dan Vendor masih bercampur pada kolom Brand/Company,
matcand_list_r0203,LIST_DIRECTORY,List,203,ven_fb07fe30d11b,,Kai Space - Kai Gallery,,Furniture|Office|Kitchen,,"Office, Kitchen",,,,https://www.tokopedia.com/kaispaceofficial/product,,,,,,,SKU eksplisit tidak tersedia; kolom Product adalah family/subkategori dan belum membuktikan nama produk/seri; Brand dan Vendor masih bercampur pada kolom Brand/Company,
matcand_list_r0204,LIST_DIRECTORY,List,204,ven_8753e447e2c2,,Kaiiliving,,Engineering Wood|Wood & Panel Furniture|Wood Deck,,"Wood & Panel Furniture, Wood Deck",,,,,,,,,,,SKU eksplisit tidak tersedia; kolom Product adalah family/subkategori dan belum membuktikan nama produk/seri; Brand dan Vendor masih bercampur pada kolom Brand/Company,
matcand_list_r0205,LIST_DIRECTORY,List,205,ven_34b86361e18a,,Kaisheng,,Door & Window|UPVC - Steel Door,,UPVC - Steel Door,,,,,,,,,,,SKU eksplisit tidak tersedia; kolom Product adalah family/subkategori dan belum membuktikan nama produk/seri; Brand dan Vendor masih bercampur pada kolom Brand/Company,
matcand_list_r0206,LIST_DIRECTORY,List,206,ven_0e5d187b3e53,,Kammer,,Finishing|Marbles,,Marbles,,,,,,,,,,,SKU eksplisit tidak tersedia; kolom Product adalah family/subkategori dan belum membuktikan nama produk/seri; Brand dan Vendor masih bercampur pada kolom Brand/Company,
matcand_list_r0207,LIST_DIRECTORY,List,207,ven_0e5d187b3e53,,Kammer,,Flooring|Terrazzo,,Terrazzo,,,,,,,,,,,SKU eksplisit tidak tersedia; kolom Product adalah family/subkategori dan belum membuktikan nama produk/seri; Brand dan Vendor masih bercampur pada kolom Brand/Company,
matcand_list_r0208,LIST_DIRECTORY,List,208,ven_0e5d187b3e53,,Kammer,,Wall Finishing|Marmer,,Marmer,,,,,,,,,,,SKU eksplisit tidak tersedia; kolom Product adalah family/subkategori dan belum membuktikan nama produk/seri; Brand dan Vendor masih bercampur pada kolom Brand/Company,
matcand_list_r0209,LIST_DIRECTORY,List,209,ven_76c17381af93,,Karang Pilang,,Finishing|Decorative Brick,,Decorative Brick,,,,https://www.tokopedia.com/karangpilangjakarta?utm_source=whatsapp&utm_medium=share&utm_campaign=Shop-6920938-541666-230622&_branch_match_id=765074945979680988&_branch_referrer=H4sIAAAAAAAAA8soKSkottLXL8nPzi9ITclM1MvJzMvW9zQI8nFxC843LUyyrytKTUstKsrMS49PKsovL04tsnXOKMrPTQUABqR80zwAAAA%3D,,,,,,,SKU eksplisit tidak tersedia; kolom Product adalah family/subkategori dan belum membuktikan nama produk/seri; Brand dan Vendor masih bercampur pada kolom Brand/Company,
matcand_list_r0210,LIST_DIRECTORY,List,210,ven_655c0110d494,,Karya Graha Cemerlang,,Tiles|Ceramic|Mosaic,,"Ceramic, Mosaic",,,,https://www.tokopedia.com/kgcemerlang?_branch_match_id=1394971922199593842&utm_source=sellerchannel&utm_campaign=Shop-0-836306-0&utm_medium=share&_branch_referrer=H4sIAAAAAAAAA8soKSkottLXL8nPzi9ITclM1MvJzMvWz05PTs1NLcpJzEu3rytKTUstKsrMS49PKsovL04tsnXOKMrPTQUA9rgq%2BjwAAAA%3D,,,,,,,SKU eksplisit tidak tersedia; kolom Product adalah family/subkategori dan belum membuktikan nama produk/seri; Brand dan Vendor masih bercampur pada kolom Brand/Company,
matcand_list_r0211,LIST_DIRECTORY,List,211,ven_cd7d80c914c8,,Katta Indonesia,,Furniture|Loose Furniture - Sofa|Arm Chair|Dining Chair,,"Loose Furniture - Sofa, Arm Chair, Dining Chair",,,,https://d1fdloi71mui9q.cloudfront.net/t8aosAEiRveSe1hxQ4xD_KATTA%20Indonesia%20Brochure.pdf?fbclid=PARlRTSANe_51leHRuA2FlbQIxMQABp0JNLTs7rpIlDDS99E5oXtjOkvJoYNuTIsvFTdocr9sM1cSW8FK-uGyiax8q_aem_n3SOZJeKgo6wl0p-WI1MJg,,,,,,,SKU eksplisit tidak tersedia; kolom Product adalah family/subkategori dan belum membuktikan nama produk/seri; Brand dan Vendor masih bercampur pada kolom Brand/Company,
matcand_list_r0212,LIST_DIRECTORY,List,212,ven_d99f9b9062d1,,Kayu Alam,,Wall Finishing|Wood,,Wood,,,,,,,,,,,SKU eksplisit tidak tersedia; kolom Product adalah family/subkategori dan belum membuktikan nama produk/seri; Brand dan Vendor masih bercampur pada kolom Brand/Company,
matcand_list_r0213,LIST_DIRECTORY,List,213,ven_8f87dd224ae5,,Kayu Asri,,Finishing|WPC,,WPC,,,,,https://drive.google.com/file/d/1CArHA267dwZrIBgRXY-RHzaSctecLuiV/view,,,,,,SKU eksplisit tidak tersedia; kolom Product adalah family/subkategori dan belum membuktikan nama produk/seri; Brand dan Vendor masih bercampur pada kolom Brand/Company,
matcand_list_r0214,LIST_DIRECTORY,List,214,ven_f7a18745a428,,Kayu Emas,,Furniture|Loose Furniture,,Loose Furniture,,,,,,,,,,,SKU eksplisit tidak tersedia; kolom Product adalah family/subkategori dan belum membuktikan nama produk/seri; Brand dan Vendor masih bercampur pada kolom Brand/Company,
matcand_list_r0215,LIST_DIRECTORY,List,215,ven_91318d139327,,Kayu Lapis Indonesia,,Wall Finishing & Flooring|Decorative Panel|Wall Cladding|Wood Flooring,,"Decorative Panel, Wall Cladding, Wood Flooring",,,,,,,,,,,SKU eksplisit tidak tersedia; kolom Product adalah family/subkategori dan belum membuktikan nama produk/seri; Brand dan Vendor masih bercampur pada kolom Brand/Company,
matcand_list_r0216,LIST_DIRECTORY,List,216,ven_91318d139327,,Kayu Lapis Indonesia,,Wood|Decorative Wood|Wood Building Component|Plywood,,"Decorative Wood, Wood Building Component, Plywood",,,,,,,,,,,SKU eksplisit tidak tersedia; kolom Product adalah family/subkategori dan belum membuktikan nama produk/seri; Brand dan Vendor masih bercampur pada kolom Brand/Company,
matcand_list_r0217,LIST_DIRECTORY,List,217,ven_d1eb8aaf61cc,,KD Panels,,Finishing|Panel Veneer,,Panel Veneer,,,,https://keding-global.com/product/eco⁺-laminates/,https://drive.google.com/drive/folders/1D14gVAoDpze8bgrvZ0x7er7VIxTsgq5Z?usp=share_link,,,,,,SKU eksplisit tidak tersedia; kolom Product adalah family/subkategori dan belum membuktikan nama produk/seri; Brand dan Vendor masih bercampur pada kolom Brand/Company,
matcand_list_r0218,LIST_DIRECTORY,List,218,ven_3e33ff231d04,,Kertasive,,Finishing|Interior Film - PVC Sheet,,Interior Film - PVC Sheet,,,,https://online.anyflip.com/hzpuf/jkov/mobile/index.html?fbclid=PARlRTSANfBIRleHRuA2FlbQIxMAABp1CLDlY8gp2TCa7MKZ2-2qiqxwwYaA-k7wvQ8kokPJt4cyNYZPq0Q2Rceurw_aem_gLUltcchw_qO9J2TLbc4tQ,,,,,,,SKU eksplisit tidak tersedia; kolom Product adalah family/subkategori dan belum membuktikan nama produk/seri; Brand dan Vendor masih bercampur pada kolom Brand/Company,
matcand_list_r0219,LIST_DIRECTORY,List,219,ven_32e7ed0a463c,,Kitto Furniture,,Furniture|Loose Furbiture (Chair - Table),,Loose Furbiture (Chair - Table),,,,,https://drive.google.com/drive/folders/1Q00psvrC8RyhNomj1Tbxp7rMzh8iRrRK?usp=drive_link,,,,,,SKU eksplisit tidak tersedia; kolom Product adalah family/subkategori dan belum membuktikan nama produk/seri; Brand dan Vendor masih bercampur pada kolom Brand/Company,
matcand_list_r0220,LIST_DIRECTORY,List,220,ven_f038fb53bba7,,Knobs And Pulls,,Hardware|Knob - Handle,,Knob - Handle,,,,https://www.tokopedia.com/knobsandpulls,,,,,,,SKU eksplisit tidak tersedia; kolom Product adalah family/subkategori dan belum membuktikan nama produk/seri; Brand dan Vendor masih bercampur pada kolom Brand/Company,
matcand_list_r0221,LIST_DIRECTORY,List,221,ven_7bab18bf0925,,Kodai Door,,Materials|Steel Door - Aluminium Door - Wooden Door,,Steel Door - Aluminium Door - Wooden Door,,,,https://www.tokopedia.com/kodaisteel,,,,,,,SKU eksplisit tidak tersedia; kolom Product adalah family/subkategori dan belum membuktikan nama produk/seri; Brand dan Vendor masih bercampur pada kolom Brand/Company,
matcand_list_r0222,LIST_DIRECTORY,List,222,ven_23bef74fe7b1,,Koru,,Flooring|Vinyl - SPC,,Vinyl - SPC,,,,https://www.tokopedia.com/europeenchanting,,,,,,,SKU eksplisit tidak tersedia; kolom Product adalah family/subkategori dan belum membuktikan nama produk/seri; Brand dan Vendor masih bercampur pada kolom Brand/Company,
matcand_list_r0223,LIST_DIRECTORY,List,223,ven_23bef74fe7b1,,Koru,,Wall Finishing|Modified Clay Material - Bamboo Charcoal Wall Panel,,Modified Clay Material - Bamboo Charcoal Wall Panel,,,,https://www.tokopedia.com/europeenchanting,,,,,,,SKU eksplisit tidak tersedia; kolom Product adalah family/subkategori dan belum membuktikan nama produk/seri; Brand dan Vendor masih bercampur pada kolom Brand/Company,
matcand_list_r0224,LIST_DIRECTORY,List,224,ven_20a79cf093bb,,Kreasiveneer Indonesia,,Finishing|Veneer wood,,Veneer wood,,,,,,,,,,,SKU eksplisit tidak tersedia; kolom Product adalah family/subkategori dan belum membuktikan nama produk/seri; Brand dan Vendor masih bercampur pada kolom Brand/Company,
matcand_list_r0225,LIST_DIRECTORY,List,225,ven_eeeb264106e7,,Kumeli Terrazo,,Finishing|Terrazzo,,Terrazzo,,,,,,,,,,,SKU eksplisit tidak tersedia; kolom Product adalah family/subkategori dan belum membuktikan nama produk/seri; Brand dan Vendor masih bercampur pada kolom Brand/Company,
matcand_list_r0226,LIST_DIRECTORY,List,226,ven_b34ff857c0e5,,Lalapis,,Finishing|Decorative Panel,,Decorative Panel,,,,,https://drive.google.com/drive/folders/1oJHOtcPZMp7c3yDhZTc8_AQ3ZVjqsC0D?usp=drive_link,,,,,,SKU eksplisit tidak tersedia; kolom Product adalah family/subkategori dan belum membuktikan nama produk/seri; Brand dan Vendor masih bercampur pada kolom Brand/Company,
matcand_list_r0227,LIST_DIRECTORY,List,227,ven_17a0febff7e5,,Lalauce Lighting,,Lighting|Wall Lamp - Ceiling Lamp,,Wall Lamp - Ceiling Lamp,,,,https://www.instagram.com/s/aGlnaGxpZ2h0OjE3OTI1NzQzODQ0MTM5NTEw?story_media_id=3736637748757528247&igsh=MTNydXF0dmQ0bnozYg==,,,,,,,SKU eksplisit tidak tersedia; kolom Product adalah family/subkategori dan belum membuktikan nama produk/seri; Brand dan Vendor masih bercampur pada kolom Brand/Company,
matcand_list_r0228,LIST_DIRECTORY,List,228,ven_a595de6329a5,,Lanrose Painting,,Accessories|Aluminium Frame,,Aluminium Frame,,,,,,,,,,,SKU eksplisit tidak tersedia; kolom Product adalah family/subkategori dan belum membuktikan nama produk/seri; Brand dan Vendor masih bercampur pada kolom Brand/Company,
matcand_list_r0229,LIST_DIRECTORY,List,229,ven_29c1879a4fa5,,Lantai Kayu Surabaya,,Flooring|Parquet,,Parquet,,,,,,,,,,,SKU eksplisit tidak tersedia; kolom Product adalah family/subkategori dan belum membuktikan nama produk/seri; Brand dan Vendor masih bercampur pada kolom Brand/Company,
matcand_list_r0230,LIST_DIRECTORY,List,230,ven_6df355082f07,,Lantekayu,,Door & Window|Sliding Door|Folding Door|Windows|Facade|Pergola & Sun Protection (outdoor blinds),,"Sliding Door, Folding Door, Windows, Facade, Pergola & Sun Protection (outdoor blinds)",,,,,,,,,,,SKU eksplisit tidak tersedia; kolom Product adalah family/subkategori dan belum membuktikan nama produk/seri; Brand dan Vendor masih bercampur pada kolom Brand/Company,
matcand_list_r0231,LIST_DIRECTORY,List,231,ven_6df355082f07,,Lantekayu,,Flooring|Wood,,Wood,,,,,,,,,,,SKU eksplisit tidak tersedia; kolom Product adalah family/subkategori dan belum membuktikan nama produk/seri; Brand dan Vendor masih bercampur pada kolom Brand/Company,
matcand_list_r0232,LIST_DIRECTORY,List,232,ven_088234abfcc2,,Latterday,,Furniture|Loose Furniture,,Loose Furniture,,,,,,,,,,,SKU eksplisit tidak tersedia; kolom Product adalah family/subkategori dan belum membuktikan nama produk/seri; Brand dan Vendor masih bercampur pada kolom Brand/Company,
matcand_list_r0233,LIST_DIRECTORY,List,233,ven_07598aa32eeb,,Lava Solid Surface,,Finishing|Solid Surface,,Solid Surface,,,,https://www.lavasolid.com/katalog/,,,,,,,SKU eksplisit tidak tersedia; kolom Product adalah family/subkategori dan belum membuktikan nama produk/seri; Brand dan Vendor masih bercampur pada kolom Brand/Company,
matcand_list_r0234,LIST_DIRECTORY,List,234,ven_07598aa32eeb,,Lava Solid Surface,,Stones|Solid Surface|Terazzo,,"Solid Surface, Terazzo",,,,,https://drive.google.com/drive/folders/1LjB9Qtg-yTDCq3eQ8blKg0ssYEF94L4x?usp=drive_link,,,,,,SKU eksplisit tidak tersedia; kolom Product adalah family/subkategori dan belum membuktikan nama produk/seri; Brand dan Vendor masih bercampur pada kolom Brand/Company,
matcand_list_r0235,LIST_DIRECTORY,List,235,ven_968c18cd803c,,Leder Haus,,Fabric|Leather,,Leather,,,,,https://drive.google.com/drive/folders/11OrZ1MJ6I6oTMKGlIgQG6-vW3xByxQt3?usp=drive_link,,,,,,SKU eksplisit tidak tersedia; kolom Product adalah family/subkategori dan belum membuktikan nama produk/seri; Brand dan Vendor masih bercampur pada kolom Brand/Company,
matcand_list_r0236,LIST_DIRECTORY,List,236,ven_3614d3a53850,,Line 8 --> satu group dengan Ecourban,,Technology|Power Sockets,,Power Sockets,,,,https://drive.google.com/file/d/1q3HHifKWq2DZEyguM7eVCDPKJWzDTNj3/view?fbclid=PAVERFWANUTvRleHRuA2FlbQIxMQABp0CQFE9OJ5T5Ug7NHlDppFYoj46ZiWNLEeZ2YQ-IBPki0Ahs7HbtdFRDoI4t_aem_rAr4QUlOpGt38bCF1l9rnQ,,,,,,,SKU eksplisit tidak tersedia; kolom Product adalah family/subkategori dan belum membuktikan nama produk/seri; Brand dan Vendor masih bercampur pada kolom Brand/Company,
matcand_list_r0237,LIST_DIRECTORY,List,237,ven_6dc4cd76d6dc,,Lio Living,,Furniture|Loose Furniture,,Loose Furniture,,,,https://lioliving.com/?srsltid=AfmBOoqI-AzZmm03lBN2B7XR0zaRPFJxLcqFYQhOAFYdQ595F2khOPmz,,,,,,,SKU eksplisit tidak tersedia; kolom Product adalah family/subkategori dan belum membuktikan nama produk/seri; Brand dan Vendor masih bercampur pada kolom Brand/Company,
matcand_list_r0238,LIST_DIRECTORY,List,238,ven_b91304f0d808,,Little Italy,,Stones|Marble,,Marble,,,,https://www.canva.com/design/DAGn3N9uT9Q/tLD3zrYFbJDOuiQqAbtkTQ/edit?utm_content=DAGn3N9uT9Q&utm_campaign=designshare&utm_medium=link2&utm_source=sharebutton,,,,,,,SKU eksplisit tidak tersedia; kolom Product adalah family/subkategori dan belum membuktikan nama produk/seri; Brand dan Vendor masih bercampur pada kolom Brand/Company,
matcand_list_r0239,LIST_DIRECTORY,List,239,ven_c947223e4db1,,Lonilla living,,Hardware|Handle & Knobs,,Handle & Knobs,,,,,https://drive.google.com/drive/folders/1vbXrgpgTFP60y5crH0nGqSA4Ns7oJQwC?usp=drive_link,,,,,,SKU eksplisit tidak tersedia; kolom Product adalah family/subkategori dan belum membuktikan nama produk/seri; Brand dan Vendor masih bercampur pada kolom Brand/Company,
matcand_list_r0240,LIST_DIRECTORY,List,240,ven_be650625cf31,,Loom & Stone Indonesia,,Accessories|Rugs,,Rugs,,,,https://tinyurl.com/readystocklist,,,,,,,SKU eksplisit tidak tersedia; kolom Product adalah family/subkategori dan belum membuktikan nama produk/seri; Brand dan Vendor masih bercampur pada kolom Brand/Company,
matcand_list_r0241,LIST_DIRECTORY,List,241,ven_6bf835755eff,,Ltech Indonesia,,Technology|Smart Home System,,Smart Home System,,,,,https://drive.google.com/drive/folders/1NgQT9b3EnDSGv_92r9RTKMc4TGWFugqV?usp=drive_link,,,,,,SKU eksplisit tidak tersedia; kolom Product adalah family/subkategori dan belum membuktikan nama produk/seri; Brand dan Vendor masih bercampur pada kolom Brand/Company,
matcand_list_r0242,LIST_DIRECTORY,List,242,ven_a65103e5078f,,Lumilight,,Lighting|Decorative Lighting,,Decorative Lighting,,,,,,,,,,,SKU eksplisit tidak tersedia; kolom Product adalah family/subkategori dan belum membuktikan nama produk/seri; Brand dan Vendor masih bercampur pada kolom Brand/Company,
matcand_list_r0243,LIST_DIRECTORY,List,243,ven_9476042a6722,,Luminaria Handles & Lighting,,Hardware|Handles,,Handles,,,,https://www.dropbox.com/scl/fi/8kdrcsyd57wzp5imvaa3h/Luminaria-Handles-Catalpgue-2024.pdf?rlkey=rq0npv4ncfk4188cvgdmjr3op&e=1&st=14u87v5c&dl=0,,,,,,,SKU eksplisit tidak tersedia; kolom Product adalah family/subkategori dan belum membuktikan nama produk/seri; Brand dan Vendor masih bercampur pada kolom Brand/Company,
matcand_list_r0244,LIST_DIRECTORY,List,244,ven_96bc32edf1dd,,Lumio Aluminium,,Furniture|Modular Aluminium Furniture,,Modular Aluminium Furniture,,,,,,,,,,,SKU eksplisit tidak tersedia; kolom Product adalah family/subkategori dan belum membuktikan nama produk/seri; Brand dan Vendor masih bercampur pada kolom Brand/Company,
matcand_list_r0245,LIST_DIRECTORY,List,245,ven_a827b9ca384b,,Lumo,,Finishing|Stainkess Steel 304 Panel - Tensura Laminate,,Stainkess Steel 304 Panel - Tensura Laminate,,,,https://www.tokopedia.com/lumolivingid?utm_campaign=Shop-33470757-7110034-190225-contextual_image-halaman_toko-LSfHao&utm_source=salinlink&utm_medium=share&fbclid=PAZXh0bgNhZW0CMTEAAaf11hdhjeMYx27KP4o_qsqYleRXdWkqEj5WEO1QBNNUYOsTgnB2v_1QAjwCag_aem_W0TO3P2NpUHf8rzHdE6Byw&_branch_match_id=1394971922199593842&_branch_referrer=H4sIAAAAAAAAAwXB2wqCMAAA0L%2FpMS9dlEBimiCEt9CmvozppvM63SSrh769c9i6zvKiKCvv%2BUxJi%2FdDO%2FWKOVW35wKFEZfXuqyGllgRKDKmlk3ACqg6fuICgGtNY4R11M%2FfunGPjhwtcskH%2BsgI7Be3O0E31GI7CNI8lEkz2foLaTHoNgc3CNMRQTUJD5EezKlXm%2BLrEfdsf7bdT9CaCtFODSoF3yQVlsMEH%2BkfJ7UUI68AAAA%3D,,,,,,,SKU eksplisit tidak tersedia; kolom Product adalah family/subkategori dan belum membuktikan nama produk/seri; Brand dan Vendor masih bercampur pada kolom Brand/Company,
matcand_list_r0246,LIST_DIRECTORY,List,246,ven_f7d453760611,,Luna Rattan,,Furniture|Loose Furniture - Rattan,,Loose Furniture - Rattan,,,,https://www.lunabalifurniture.com/?utm_source=linktree&utm_medium=social,,,,,,,SKU eksplisit tidak tersedia; kolom Product adalah family/subkategori dan belum membuktikan nama produk/seri; Brand dan Vendor masih bercampur pada kolom Brand/Company,
matcand_list_r0247,LIST_DIRECTORY,List,247,ven_91952cc9784e,,Luxtura - Aplikator Suzuka Indonesia,,Materials|Texture Paint Applicator,,Texture Paint Applicator,,,,,,,,,,,SKU eksplisit tidak tersedia; kolom Product adalah family/subkategori dan belum membuktikan nama produk/seri; Brand dan Vendor masih bercampur pada kolom Brand/Company,
matcand_list_r0248,LIST_DIRECTORY,List,248,ven_7eb8d3d33e13,,Madana,,Flooring|Terrazzo,,Terrazzo,,,,,https://drive.google.com/drive/folders/1HOKGhdWAg-EASoq_EzwyugbgzCFd0Yw2?usp=drive_link,,,,,,SKU eksplisit tidak tersedia; kolom Product adalah family/subkategori dan belum membuktikan nama produk/seri; Brand dan Vendor masih bercampur pada kolom Brand/Company,
matcand_list_r0249,LIST_DIRECTORY,List,249,ven_7eb8d3d33e13,,Madana,,Flooring|Cement,,Cement,,,,,https://drive.google.com/drive/folders/1HOKGhdWAg-EASoq_EzwyugbgzCFd0Yw2?usp=drive_link,,,,,,SKU eksplisit tidak tersedia; kolom Product adalah family/subkategori dan belum membuktikan nama produk/seri; Brand dan Vendor masih bercampur pada kolom Brand/Company,
matcand_list_r0250,LIST_DIRECTORY,List,250,ven_7eb8d3d33e13,,Madana,,Wall Finishing|Glass brick,,Glass brick,,,,,https://drive.google.com/drive/folders/1HOKGhdWAg-EASoq_EzwyugbgzCFd0Yw2?usp=drive_link,,,,,,SKU eksplisit tidak tersedia; kolom Product adalah family/subkategori dan belum membuktikan nama produk/seri; Brand dan Vendor masih bercampur pada kolom Brand/Company,
matcand_list_r0251,LIST_DIRECTORY,List,251,ven_344364d3403a,,Magnolia V-ga,,Decorative|Artificial Plants,,Artificial Plants,,,,https://magnoliavga.com/artificial-vertical-garden/,,,,,,,SKU eksplisit tidak tersedia; kolom Product adalah family/subkategori dan belum membuktikan nama produk/seri; Brand dan Vendor masih bercampur pada kolom Brand/Company,
matcand_list_r0252,LIST_DIRECTORY,List,252,ven_5f16c3e2f49a,,Malibu,,Door & Window|Aluminium Door & Window,,Aluminium Door & Window,,,,https://aluprima.com/wp-content/uploads/catalog/catalog_21-07-14.pdf,https://drive.google.com/drive/folders/1cMBZOjV2lkGFbWmYCHUUttfKy0iQDZHm?usp=drive_link,,,,,,SKU eksplisit tidak tersedia; kolom Product adalah family/subkategori dan belum membuktikan nama produk/seri; Brand dan Vendor masih bercampur pada kolom Brand/Company,
matcand_list_r0253,LIST_DIRECTORY,List,253,ven_c328a1ee5f75,,Malka Metal,,Furniture|Office Furniture,,Office Furniture,,,,,https://drive.google.com/drive/folders/1EV990bL5fqSD59CLj3HBuHf8clB0XhdO?usp=drive_link,,,,,,SKU eksplisit tidak tersedia; kolom Product adalah family/subkategori dan belum membuktikan nama produk/seri; Brand dan Vendor masih bercampur pada kolom Brand/Company,
matcand_list_r0254,LIST_DIRECTORY,List,254,ven_c328a1ee5f75,,Malka Metal,,Materials|Metal Signage|Sculpture|Decorative Lighting|Decorative Wall,,"Metal Signage, Sculpture, Decorative Lighting, Decorative Wall",,,,,,,,,,,SKU eksplisit tidak tersedia; kolom Product adalah family/subkategori dan belum membuktikan nama produk/seri; Brand dan Vendor masih bercampur pada kolom Brand/Company,
matcand_list_r0255,LIST_DIRECTORY,List,255,ven_b99df53219d7,,Marmer Berkat Abadi,,Finishing|Marmer - Granit,,Marmer - Granit,,,,,,,,,,,SKU eksplisit tidak tersedia; kolom Product adalah family/subkategori dan belum membuktikan nama produk/seri; Brand dan Vendor masih bercampur pada kolom Brand/Company,
matcand_list_r0256,LIST_DIRECTORY,List,256,ven_ab6f13a77ddb,,Marmer X,,Finishing|Marmer,,Marmer,,,,,,,,,,,SKU eksplisit tidak tersedia; kolom Product adalah family/subkategori dan belum membuktikan nama produk/seri; Brand dan Vendor masih bercampur pada kolom Brand/Company,
matcand_list_r0257,LIST_DIRECTORY,List,257,ven_9b2ac30357d3,,Master Wood,,Door|Engineering Door,,Engineering Door,,,,,https://drive.google.com/drive/folders/1X5YMalBE7Fgg47Y3cQijeD3Cdn14QzvG?usp=drive_link,,,,,,SKU eksplisit tidak tersedia; kolom Product adalah family/subkategori dan belum membuktikan nama produk/seri; Brand dan Vendor masih bercampur pada kolom Brand/Company,
matcand_list_r0258,LIST_DIRECTORY,List,258,ven_bcece7584a3c,,Masterlamp,,Lighting|Hanging Lamp,,Hanging Lamp,,,,https://www.instagram.com/masterlamp_onsale_jdc?igsh=MTdyZHBid2NjZW9zZA==,,,,,,,SKU eksplisit tidak tersedia; kolom Product adalah family/subkategori dan belum membuktikan nama produk/seri; Brand dan Vendor masih bercampur pada kolom Brand/Company,
matcand_list_r0259,LIST_DIRECTORY,List,259,ven_60975f81fd8a,,Matsuo indonesia,,Flooring|Ceramic & Tiles,,Ceramic & Tiles,,,,,https://drive.google.com/drive/folders/1DfhKhrDwSDmMkrhF3vKS05AzH7h88FOc?usp=drive_link,,,,,,SKU eksplisit tidak tersedia; kolom Product adalah family/subkategori dan belum membuktikan nama produk/seri; Brand dan Vendor masih bercampur pada kolom Brand/Company,
matcand_list_r0260,LIST_DIRECTORY,List,260,ven_60975f81fd8a,,Matsuo indonesia,,Wall Finishing|Ceramic & Tiles,,Ceramic & Tiles,,,,https://www.matsuo.co.id/?fbclid=PAdGRleANi64dleHRuA2FlbQIxMQABp2_IObGj81ua_GEjQNLLvUorLPp-PvNUbgDlX36JHUE7qVpqgEtSoE3qLBd9_aem_-N6aamxDhWbc0eTTSvB4sA,https://drive.google.com/drive/folders/1DfhKhrDwSDmMkrhF3vKS05AzH7h88FOc?usp=drive_link,,,,,,SKU eksplisit tidak tersedia; kolom Product adalah family/subkategori dan belum membuktikan nama produk/seri; Brand dan Vendor masih bercampur pada kolom Brand/Company,
matcand_list_r0261,LIST_DIRECTORY,List,261,ven_5d7c2c9fabf7,,Mbarep Jati (Pintu Jati Asli),,Door|Pintu Jati - Custom Kayu,,Pintu Jati - Custom Kayu,,,,,,,,,,,SKU eksplisit tidak tersedia; kolom Product adalah family/subkategori dan belum membuktikan nama produk/seri; Brand dan Vendor masih bercampur pada kolom Brand/Company,
matcand_list_r0262,LIST_DIRECTORY,List,262,ven_3ac202557105,,Megatone Powder Coating,,Finishing|Megatone Powder Coating,,Megatone Powder Coating,,,,,,,,,,,SKU eksplisit tidak tersedia; kolom Product adalah family/subkategori dan belum membuktikan nama produk/seri; Brand dan Vendor masih bercampur pada kolom Brand/Company,
matcand_list_r0263,LIST_DIRECTORY,List,263,ven_f2d5e8656cfc,,Meglio,,Accessories|Object Decorations|Vase|Wall Artwork|Game Boar|Table Lamp|Decor Book,,"Object Decorations, Vase, Wall Artwork, Game Boar, Table Lamp, Decor Book",,,,https://www.tokopedia.com/meglio-home?utm_campaign=Shop-5632892-13400633-160423&utm_source=salinlink&utm_medium=share&_branch_match_id=1193102772423888432&_branch_referrer=H4sIAAAAAAAAA8soKSkottLXL8nPzi9ITclM1MvJzMvWr0xKDvCqMCgxrEyyrytKTUstKsrMS49PKsovL04tsnXOKMrPTQUAyuN%2BGzwAAAA%3D,https://drive.google.com/drive/folders/19np2H9KlnTGIvqD-Y1hKWBH8A7m1Zx0i?usp=drive_link,,,,,,SKU eksplisit tidak tersedia; kolom Product adalah family/subkategori dan belum membuktikan nama produk/seri; Brand dan Vendor masih bercampur pada kolom Brand/Company,
matcand_list_r0264,LIST_DIRECTORY,List,264,ven_7f1383fe78f1,,Miann Living,,Furniture|Loose Furniture,,Loose Furniture,,,,,,,,,,,SKU eksplisit tidak tersedia; kolom Product adalah family/subkategori dan belum membuktikan nama produk/seri; Brand dan Vendor masih bercampur pada kolom Brand/Company,
matcand_list_r0265,LIST_DIRECTORY,List,265,ven_578a099a1971,,Mil & Bay,,Accessories|Lamp|Vase|Mirror,,"Lamp, Vase, Mirror",,,,,,,,,,,SKU eksplisit tidak tersedia; kolom Product adalah family/subkategori dan belum membuktikan nama produk/seri; Brand dan Vendor masih bercampur pada kolom Brand/Company,
matcand_list_r0266,LIST_DIRECTORY,List,266,ven_578a099a1971,,Mil & Bay,,Furniture|Loose Furniture,,Loose Furniture,,,,,,,,,,,SKU eksplisit tidak tersedia; kolom Product adalah family/subkategori dan belum membuktikan nama produk/seri; Brand dan Vendor masih bercampur pada kolom Brand/Company,
matcand_list_r0267,LIST_DIRECTORY,List,267,ven_0f52017ae615,,Milanceramic Tiles,,Wall Finishing & Flooring|Ceramics|Tiles,,"Ceramics, Tiles",,,,,https://drive.google.com/drive/folders/1qVgYn8mlOygarIUvQS0KyxZy9j2U1azX?usp=drive_link,,,,,,SKU eksplisit tidak tersedia; kolom Product adalah family/subkategori dan belum membuktikan nama produk/seri; Brand dan Vendor masih bercampur pada kolom Brand/Company,
matcand_list_r0268,LIST_DIRECTORY,List,268,ven_7b02fc389884,,MiLL Aluminium,,Door & Window|Partition|Facade,,"Partition, Facade",,,,,,,,,,,SKU eksplisit tidak tersedia; kolom Product adalah family/subkategori dan belum membuktikan nama produk/seri; Brand dan Vendor masih bercampur pada kolom Brand/Company,
matcand_list_r0269,LIST_DIRECTORY,List,269,ven_75dde4a5f4e5,,Mimos Surface,,Stones|Marbles|Granite,,"Marbles, Granite",,,,https://www.monolithsurfaces.com/catalogues.php,https://drive.google.com/drive/folders/1DmQVEhVH_9_zMFpBhEi60MP-jWr260qw?usp=share_link,,,,,,SKU eksplisit tidak tersedia; kolom Product adalah family/subkategori dan belum membuktikan nama produk/seri; Brand dan Vendor masih bercampur pada kolom Brand/Company,
matcand_list_r0270,LIST_DIRECTORY,List,270,ven_e946c514ab64,,Miratap,,Kitchen|System Kitchen,,System Kitchen,,,,,,,,,,,SKU eksplisit tidak tersedia; kolom Product adalah family/subkategori dan belum membuktikan nama produk/seri; Brand dan Vendor masih bercampur pada kolom Brand/Company,
matcand_list_r0271,LIST_DIRECTORY,List,271,ven_e1cb5f98a77d,,Modeco,,Wall Finishing|PU Stone Panel,,PU Stone Panel,,,,,https://drive.google.com/drive/folders/1fH-nf_50FPRMiywyrYDXcsrr9XO3bB02?usp=drive_link,,,,,,SKU eksplisit tidak tersedia; kolom Product adalah family/subkategori dan belum membuktikan nama produk/seri; Brand dan Vendor masih bercampur pada kolom Brand/Company,
matcand_list_r0272,LIST_DIRECTORY,List,272,ven_93f0a7352557,,Modern Dekorindo,,Ceiling|PVC,,PVC,,,,,https://drive.google.com/drive/folders/1CgYxsXQcd_zkJipJN5m2EeJluPNANPBK?usp=drive_link,,,,,,SKU eksplisit tidak tersedia; kolom Product adalah family/subkategori dan belum membuktikan nama produk/seri; Brand dan Vendor masih bercampur pada kolom Brand/Company,
matcand_list_r0273,LIST_DIRECTORY,List,273,ven_93f0a7352557,,Modern Dekorindo,,Wall Finishing|Vinyl Tiles,,Vinyl Tiles,,,,,https://drive.google.com/drive/folders/1CgYxsXQcd_zkJipJN5m2EeJluPNANPBK?usp=drive_link,,,,,,SKU eksplisit tidak tersedia; kolom Product adalah family/subkategori dan belum membuktikan nama produk/seri; Brand dan Vendor masih bercampur pada kolom Brand/Company,
matcand_list_r0274,LIST_DIRECTORY,List,274,ven_93f0a7352557,,Modern Dekorindo,,Wall Finishing|WPC,,WPC,,,,,https://drive.google.com/drive/folders/1CgYxsXQcd_zkJipJN5m2EeJluPNANPBK?usp=drive_link,,,,,,SKU eksplisit tidak tersedia; kolom Product adalah family/subkategori dan belum membuktikan nama produk/seri; Brand dan Vendor masih bercampur pada kolom Brand/Company,
matcand_list_r0275,LIST_DIRECTORY,List,275,ven_93f0a7352557,,Modern Dekorindo,,Wall Finishing|PVC,,PVC,,,,,https://drive.google.com/drive/folders/1CgYxsXQcd_zkJipJN5m2EeJluPNANPBK?usp=drive_link,,,,,,SKU eksplisit tidak tersedia; kolom Product adalah family/subkategori dan belum membuktikan nama produk/seri; Brand dan Vendor masih bercampur pada kolom Brand/Company,
matcand_list_r0276,LIST_DIRECTORY,List,276,ven_4a00b877582f,,Moire,,Accessories|Rugs,,Rugs,,,,,,,,,,,SKU eksplisit tidak tersedia; kolom Product adalah family/subkategori dan belum membuktikan nama produk/seri; Brand dan Vendor masih bercampur pada kolom Brand/Company,
matcand_list_r0277,LIST_DIRECTORY,List,277,ven_fb51f42e8cbf,,Mokatt Living,,Finishing|Fabric - Wall Covering,,Fabric - Wall Covering,,,,,,,,,,,SKU eksplisit tidak tersedia; kolom Product adalah family/subkategori dan belum membuktikan nama produk/seri; Brand dan Vendor masih bercampur pada kolom Brand/Company,
matcand_list_r0278,LIST_DIRECTORY,List,278,ven_405dc7565658,,Monolith,,Finishing|Marble - Granite,,Marble - Granite,,,,,,,,,,,SKU eksplisit tidak tersedia; kolom Product adalah family/subkategori dan belum membuktikan nama produk/seri; Brand dan Vendor masih bercampur pada kolom Brand/Company,
matcand_list_r0279,LIST_DIRECTORY,List,279,ven_405dc7565658,,Monolith,,Finishing|Marble,,Marble,,,,,,,,,,,SKU eksplisit tidak tersedia; kolom Product adalah family/subkategori dan belum membuktikan nama produk/seri; Brand dan Vendor masih bercampur pada kolom Brand/Company,
matcand_list_r0280,LIST_DIRECTORY,List,280,ven_b8c335bebae9,,Monoliving,,Furniture|Loose Furniture,,Loose Furniture,,,,,https://drive.google.com/drive/folders/1FKWSqMrSJafjt4IfGxnC4eFtFIsocTsh?usp=drive_link,,,,,,SKU eksplisit tidak tersedia; kolom Product adalah family/subkategori dan belum membuktikan nama produk/seri; Brand dan Vendor masih bercampur pada kolom Brand/Company,
matcand_list_r0281,LIST_DIRECTORY,List,281,ven_b6c4c02bb6a9,,Monostar,,Flooring|SPC,,SPC,,,,,https://drive.google.com/drive/folders/1Eo4HEz82AvWd7N_i1Q0JUiDJRtc2Kjoj?usp=drive_link,,,,,,SKU eksplisit tidak tersedia; kolom Product adalah family/subkategori dan belum membuktikan nama produk/seri; Brand dan Vendor masih bercampur pada kolom Brand/Company,
matcand_list_r0282,LIST_DIRECTORY,List,282,ven_174cb7087739,,Moonliving,,Furniture|Loose Furniture,,Loose Furniture,,,,,https://drive.google.com/drive/folders/1vsVDuLr-8ktsjXATVvBbU2nLts-btMzb?usp=drive_link,,,,,,SKU eksplisit tidak tersedia; kolom Product adalah family/subkategori dan belum membuktikan nama produk/seri; Brand dan Vendor masih bercampur pada kolom Brand/Company,
matcand_list_r0283,LIST_DIRECTORY,List,283,ven_eb26d4fa531a,,Morgen,,Lighting,,,,,,,,,,,,,SKU eksplisit tidak tersedia; kolom Product adalah family/subkategori dan belum membuktikan nama produk/seri; Brand dan Vendor masih bercampur pada kolom Brand/Company,
matcand_list_r0284,LIST_DIRECTORY,List,284,ven_7499cd17353b,,Morse Alam,,Stones|Marmer - Granit,,Marmer - Granit,,,,https://www.instagram.com/catalog.morsealam?igsh=MWRmc2V6bmN0aHd0eg==,,,,,,,SKU eksplisit tidak tersedia; kolom Product adalah family/subkategori dan belum membuktikan nama produk/seri; Brand dan Vendor masih bercampur pada kolom Brand/Company,
matcand_list_r0285,LIST_DIRECTORY,List,285,ven_c3382a83fb26,,Mosaic Mass,,Tiles|Decorative Mosaic,,Decorative Mosaic,,,,,https://onedrive.live.com/?redeem=aHR0cHM6Ly8xZHJ2Lm1zL2IvcyFBdXctTnNMQmhOUWxnZVotUHBfUEoxTFZJS3JoeUE%5FZT0zQ2xMTEw&cid=25D484C1C2363EEC&id=25D484C1C2363EEC%2129566&parId=25D484C1C2363EEC%2129565&o=OneUp,,,,,,SKU eksplisit tidak tersedia; kolom Product adalah family/subkategori dan belum membuktikan nama produk/seri; Brand dan Vendor masih bercampur pada kolom Brand/Company,
matcand_list_r0286,LIST_DIRECTORY,List,286,ven_6ff3920f8bef,,Mosaicart,,Wall Finishing|Wall Panel - Mosaic|3D Artistic Cladding,,"Wall Panel - Mosaic, 3D Artistic Cladding",,,,,https://drive.google.com/drive/folders/1eOU8iMr0J1LrwPkNn0lZFChwD9YBItt8?usp=drive_link,,,,,,SKU eksplisit tidak tersedia; kolom Product adalah family/subkategori dan belum membuktikan nama produk/seri; Brand dan Vendor masih bercampur pada kolom Brand/Company,
matcand_list_r0287,LIST_DIRECTORY,List,287,ven_c9d7d1a3b254,,Mozza,,Tiles|Mosaic,,Mosaic,,,,,https://drive.google.com/drive/folders/19TsCUSuC7kIM19KQ2MxbPhtfKjqUrJaI?usp=drive_link,,,,,,SKU eksplisit tidak tersedia; kolom Product adalah family/subkategori dan belum membuktikan nama produk/seri; Brand dan Vendor masih bercampur pada kolom Brand/Company,
matcand_list_r0288,LIST_DIRECTORY,List,288,ven_5ef835f52085,,MUKA,,Finishing|Real Wood Veneer,,Real Wood Veneer,,,,https://mukasurfaces.com/products,,,,,,,SKU eksplisit tidak tersedia; kolom Product adalah family/subkategori dan belum membuktikan nama produk/seri; Brand dan Vendor masih bercampur pada kolom Brand/Company,
matcand_list_r0289,LIST_DIRECTORY,List,289,ven_da13c0600738,,Muro Paint,,Wall Finishing|Decorative Paint,,Decorative Paint,,,,,,,,,,,SKU eksplisit tidak tersedia; kolom Product adalah family/subkategori dan belum membuktikan nama produk/seri; Brand dan Vendor masih bercampur pada kolom Brand/Company,
matcand_list_r0290,LIST_DIRECTORY,List,290,ven_0c5bf46ade9b,,Murova Aluminium,,Door|Interior Door System,,Interior Door System,,,,,,,,,,,SKU eksplisit tidak tersedia; kolom Product adalah family/subkategori dan belum membuktikan nama produk/seri; Brand dan Vendor masih bercampur pada kolom Brand/Company,
matcand_list_r0291,LIST_DIRECTORY,List,291,ven_5dd07ebf9483,,Naura Artificial,,Decorative|Artificial Plants,,Artificial Plants,,,,,,,,,,,SKU eksplisit tidak tersedia; kolom Product adalah family/subkategori dan belum membuktikan nama produk/seri; Brand dan Vendor masih bercampur pada kolom Brand/Company,
matcand_list_r0292,LIST_DIRECTORY,List,292,ven_f383a44b528d,,New Wicker,,Furniture|Loose Furniture & Accessories - Rattan Furniture,,Loose Furniture & Accessories - Rattan Furniture,,,,,,,,,,,SKU eksplisit tidak tersedia; kolom Product adalah family/subkategori dan belum membuktikan nama produk/seri; Brand dan Vendor masih bercampur pada kolom Brand/Company,
matcand_list_r0293,LIST_DIRECTORY,List,293,ven_92bad59e18e2,,Nexsta,,Door & Window|Alluminium Sliding,,Alluminium Sliding,,,,https://online.fliphtml5.com/imiiz/tmru/#p=H1,,,,,,,SKU eksplisit tidak tersedia; kolom Product adalah family/subkategori dan belum membuktikan nama produk/seri; Brand dan Vendor masih bercampur pada kolom Brand/Company,
matcand_list_r0294,LIST_DIRECTORY,List,294,ven_de24dac85f38,,Nobel Carpets,,Accessories|Rugs,,Rugs,,,,,https://drive.google.com/drive/folders/1GMeZ3gRR_HQrJ50gdolXZnQlF5rmFW37?usp=sharing,,,,,,SKU eksplisit tidak tersedia; kolom Product adalah family/subkategori dan belum membuktikan nama produk/seri; Brand dan Vendor masih bercampur pada kolom Brand/Company,
matcand_list_r0295,LIST_DIRECTORY,List,295,ven_5621190c287e,,Nood,,Furniture|Loose Furniture,,Loose Furniture,,,,,,,,,,,SKU eksplisit tidak tersedia; kolom Product adalah family/subkategori dan belum membuktikan nama produk/seri; Brand dan Vendor masih bercampur pada kolom Brand/Company,
matcand_list_r0296,LIST_DIRECTORY,List,296,ven_0c5c0d8d474a,,Novacolor,,Wall Finishing|Texture Paint,,Texture Paint,,,,https://drive.google.com/drive/folders/1l0DmHJ2AIAB1N0-q_v7TgXRPNdOgQ0Yf?usp=share_link,https://drive.google.com/drive/folders/10CFKdDGXxq3daF5fVkiu_1l19cYsPW5f?usp=drive_link,,,,,,SKU eksplisit tidak tersedia; kolom Product adalah family/subkategori dan belum membuktikan nama produk/seri; Brand dan Vendor masih bercampur pada kolom Brand/Company,
matcand_list_r0297,LIST_DIRECTORY,List,297,ven_fa8c20379f20,,Nu Stone Republic,,Finishing|Marble - Granite,,Marble - Granite,,,,,,,,,,,SKU eksplisit tidak tersedia; kolom Product adalah family/subkategori dan belum membuktikan nama produk/seri; Brand dan Vendor masih bercampur pada kolom Brand/Company,
matcand_list_r0298,LIST_DIRECTORY,List,298,ven_dba9a0afd684,,Nurco Lighting,,Lighting|LED,,LED,,,,,,,,,,,SKU eksplisit tidak tersedia; kolom Product adalah family/subkategori dan belum membuktikan nama produk/seri; Brand dan Vendor masih bercampur pada kolom Brand/Company,
matcand_list_r0299,LIST_DIRECTORY,List,299,ven_3c3649fedf02,,Nusa Sarana,,Finishing|Decorative Paint|Roof Paint|Wood Paint|Waterproofing|Auto Refinish,,"Decorative Paint, Roof Paint, Wood Paint, Waterproofing, Auto Refinish",,,,,,,,,,,SKU eksplisit tidak tersedia; kolom Product adalah family/subkategori dan belum membuktikan nama produk/seri; Brand dan Vendor masih bercampur pada kolom Brand/Company,
matcand_list_r0300,LIST_DIRECTORY,List,300,ven_31a5e822f052,,Olina Furniture,,Furniture|Loose Furniture,,Loose Furniture,,,,,,,,,,,SKU eksplisit tidak tersedia; kolom Product adalah family/subkategori dan belum membuktikan nama produk/seri; Brand dan Vendor masih bercampur pada kolom Brand/Company,
matcand_list_r0301,LIST_DIRECTORY,List,301,ven_f1d54f0338b4,,Olo Home,,Furniture,,,,,,,,,,,,,SKU eksplisit tidak tersedia; kolom Product adalah family/subkategori dan belum membuktikan nama produk/seri; Brand dan Vendor masih bercampur pada kolom Brand/Company,
matcand_list_r0302,LIST_DIRECTORY,List,302,ven_a26c1b056381,,Omah Bata,,Wall Finishing|Bata Expose|Decorative Brick,,"Bata Expose, Decorative Brick",,,,,https://drive.google.com/drive/folders/1Gh-gl9ZuWb_btwPFdW7HfNdioFyw9KZL?usp=drive_link,,,,,,SKU eksplisit tidak tersedia; kolom Product adalah family/subkategori dan belum membuktikan nama produk/seri; Brand dan Vendor masih bercampur pada kolom Brand/Company,
matcand_list_r0303,LIST_DIRECTORY,List,303,ven_d00b170da08b,,Onassis,,Hardware|Handle & Knobs & Digital Door Lock,,Handle & Knobs & Digital Door Lock,,,,,https://drive.google.com/drive/folders/1SyIVJiLjNIOH-2oTwIlu4i2P3-NNeE7U?usp=sharing,,,,,,SKU eksplisit tidak tersedia; kolom Product adalah family/subkategori dan belum membuktikan nama produk/seri; Brand dan Vendor masih bercampur pada kolom Brand/Company,
matcand_list_r0304,LIST_DIRECTORY,List,304,ven_d2d0390e7f27,,Onna,,Materials|Roller Blind,,Roller Blind,,,,https://www.tokopedia.com/onnaprima?utm_campaign=Shop%20Share&utm_source=ios&utm_medium=Share&_branch_match_id=765074945979680988&_branch_referrer=H4sIAAAAAAAAA8soKSkottLXL8nPzi9ITclM1MvJzMvW9zK3NAhODQqLSkmyrytKTUstKsrMS49PKsovL04tsnXOKMrPTQUASnyXqzwAAAA%3D,https://drive.google.com/drive/folders/1v3HEhZsVji55GYuk9iK24etDxV9-Kroj,,,,,,SKU eksplisit tidak tersedia; kolom Product adalah family/subkategori dan belum membuktikan nama produk/seri; Brand dan Vendor masih bercampur pada kolom Brand/Company,
matcand_list_r0305,LIST_DIRECTORY,List,305,ven_21d3368e5269,,Osborn,,Finishing|PVC Board - Wallboard - UV board,,PVC Board - Wallboard - UV board,,,,,https://drive.google.com/drive/folders/1u-_m9P4OAANOtmn2fVye9sspGaka67VG?usp=sharing,,,,,,SKU eksplisit tidak tersedia; kolom Product adalah family/subkategori dan belum membuktikan nama produk/seri; Brand dan Vendor masih bercampur pada kolom Brand/Company,
matcand_list_r0306,LIST_DIRECTORY,List,306,ven_6e1a9da23e92,,Oscar Barisol,,Ceiling|Barrisol,,Barrisol,,,,,,,,,,,SKU eksplisit tidak tersedia; kolom Product adalah family/subkategori dan belum membuktikan nama produk/seri; Brand dan Vendor masih bercampur pada kolom Brand/Company,
matcand_list_r0307,LIST_DIRECTORY,List,307,ven_8e016391c88c,,Oslo,,Flooring|SPC,,SPC,,,,https://drive.google.com/drive/folders/1hqguK326xLlabvzz_cp3ftjeqcJdPowi,,,,,,,SKU eksplisit tidak tersedia; kolom Product adalah family/subkategori dan belum membuktikan nama produk/seri; Brand dan Vendor masih bercampur pada kolom Brand/Company,
matcand_list_r0308,LIST_DIRECTORY,List,308,ven_8e016391c88c,,Oslo,,Furniture|Loose Furniture,,Loose Furniture,,,,https://drive.google.com/drive/folders/1hqguK326xLlabvzz_cp3ftjeqcJdPowi,,,,,,,SKU eksplisit tidak tersedia; kolom Product adalah family/subkategori dan belum membuktikan nama produk/seri; Brand dan Vendor masih bercampur pada kolom Brand/Company,
matcand_list_r0309,LIST_DIRECTORY,List,309,ven_86f426b91150,,Paloma,,Hardware|Handle & Knobs,,Handle & Knobs,,,,,https://drive.google.com/drive/folders/1cUR5CjW0T6tkBEPrfoNjCREIWVm1QW5B?usp=drive_link,,,,,,SKU eksplisit tidak tersedia; kolom Product adalah family/subkategori dan belum membuktikan nama produk/seri; Brand dan Vendor masih bercampur pada kolom Brand/Company,
matcand_list_r0310,LIST_DIRECTORY,List,310,ven_86f426b91150,,Paloma,,Sanitary|Sanitary hardware,,Sanitary hardware,,,,,https://drive.google.com/drive/folders/1cUR5CjW0T6tkBEPrfoNjCREIWVm1QW5B?usp=drive_link,,,,,,SKU eksplisit tidak tersedia; kolom Product adalah family/subkategori dan belum membuktikan nama produk/seri; Brand dan Vendor masih bercampur pada kolom Brand/Company,
matcand_list_r0311,LIST_DIRECTORY,List,311,ven_8c6a168a8812,,Pamosproject,,Furniture|Loose Furniture (Table - Cabinet - Chair - Sofa),,Loose Furniture (Table - Cabinet - Chair - Sofa),,,,,https://drive.google.com/drive/folders/1NhKutV5jahOxuCrnIVfNWYuumqhwbTaA?usp=sharing,,,,,,SKU eksplisit tidak tersedia; kolom Product adalah family/subkategori dan belum membuktikan nama produk/seri; Brand dan Vendor masih bercampur pada kolom Brand/Company,
matcand_list_r0312,LIST_DIRECTORY,List,312,ven_55e3e25c7c80,,Pandawa Indonesia,,Furniture|Loose Furniture,,Loose Furniture,,,,,https://drive.google.com/drive/folders/1Ug4Obqq6MW6p6gwQEhJerMCryzVW30y2?usp=drive_link,,,,,,SKU eksplisit tidak tersedia; kolom Product adalah family/subkategori dan belum membuktikan nama produk/seri; Brand dan Vendor masih bercampur pada kolom Brand/Company,
matcand_list_r0313,LIST_DIRECTORY,List,313,ven_8fa29922db26,,Panelinc,,Wall Finishing|BioTerra Panel - Solid color - Fabric - Wood - Texture,,BioTerra Panel - Solid color - Fabric - Wood - Texture,,,,https://panelinc.id/wall-panel-products/,,,,,,,SKU eksplisit tidak tersedia; kolom Product adalah family/subkategori dan belum membuktikan nama produk/seri; Brand dan Vendor masih bercampur pada kolom Brand/Company,
matcand_list_r0314,LIST_DIRECTORY,List,314,ven_65506f583dcf,,Panelku,,Wall Finishing|WPC,,WPC,,,,,https://drive.google.com/drive/folders/1IENtu0ZHFSjkUGVhxmXRPL8PpIBSGzSF?usp=drive_link,,,,,,SKU eksplisit tidak tersedia; kolom Product adalah family/subkategori dan belum membuktikan nama produk/seri; Brand dan Vendor masih bercampur pada kolom Brand/Company,
matcand_list_r0315,LIST_DIRECTORY,List,315,ven_7b09d281dedc,,Papan Ruma Terrazo,,Finishing|Terrazzo,,Terrazzo,,,,,,,,,,,SKU eksplisit tidak tersedia; kolom Product adalah family/subkategori dan belum membuktikan nama produk/seri; Brand dan Vendor masih bercampur pada kolom Brand/Company,
matcand_list_r0316,LIST_DIRECTORY,List,316,ven_96bb11a54e13,,Paper Yarn,,Materials|Wallpaper|Forescolor|Vinyl Tiles|Bace Panel|Laminate Product,,"Wallpaper, Forescolor, Vinyl Tiles, Bace Panel, Laminate Product",,,,,https://drive.google.com/drive/folders/1Hruf9dRN-WzbuwDcUkLYijTUyVsVYkxU?usp=drive_link,,,,,,SKU eksplisit tidak tersedia; kolom Product adalah family/subkategori dan belum membuktikan nama produk/seri; Brand dan Vendor masih bercampur pada kolom Brand/Company,
matcand_list_r0317,LIST_DIRECTORY,List,317,ven_704cbceea23b,,Penta Prima Paint,,Painting,,,,,,,https://static.myqrcode.mobi/user-media-prod/Elastomeric_Texture_Paint_R1_e319c8b0_7zblx0,,,,,,SKU eksplisit tidak tersedia; kolom Product adalah family/subkategori dan belum membuktikan nama produk/seri; Brand dan Vendor masih bercampur pada kolom Brand/Company,
matcand_list_r0318,LIST_DIRECTORY,List,318,ven_aa5a15f620e1,,Perintis Logam Metal,,Materials|Expanded Perforated Metal,,Expanded Perforated Metal,,,,https://id.shp.ee/S88Yumb?fbclid=PARlRTSANm6fpleHRuA2FlbQIxMQABp2UmOMZ2kGbA5NhzYPplR1EycYzTok4XvlGQgo9JOftLznXb-UfhhI4Xwmiv_aem_9akHo42sLvpFqHkio_YsEg,,,,,,,SKU eksplisit tidak tersedia; kolom Product adalah family/subkategori dan belum membuktikan nama produk/seri; Brand dan Vendor masih bercampur pada kolom Brand/Company,
matcand_list_r0319,LIST_DIRECTORY,List,319,ven_a533b4385d94,,Phomi,,Wall Finishing|Cladding & Facade,,Cladding & Facade,,,,,https://drive.google.com/drive/folders/1BivdmUyzf_iwm11_KdnB1fssWUvIJxvi?usp=drive_link,,,,,,SKU eksplisit tidak tersedia; kolom Product adalah family/subkategori dan belum membuktikan nama produk/seri; Brand dan Vendor masih bercampur pada kolom Brand/Company,
matcand_list_r0320,LIST_DIRECTORY,List,320,ven_23ad77c1ae32,,Pietra Bianca,,Sanitary|Bathroom Accessories,,Bathroom Accessories,,,,,,,,,,,SKU eksplisit tidak tersedia; kolom Product adalah family/subkategori dan belum membuktikan nama produk/seri; Brand dan Vendor masih bercampur pada kolom Brand/Company,
matcand_list_r0321,LIST_DIRECTORY,List,321,ven_b0fef621727f,,Pineapple,,Furniture|Loose Furniture,,Loose Furniture,,,,,https://drive.google.com/drive/folders/1CzgHm_qoNYJ5-SGUeaIGGsgU218LixhK?usp=drive_link,,,,,,SKU eksplisit tidak tersedia; kolom Product adalah family/subkategori dan belum membuktikan nama produk/seri; Brand dan Vendor masih bercampur pada kolom Brand/Company,
matcand_list_r0322,LIST_DIRECTORY,List,322,ven_6b9bf3f62890,,Plaswood,,Flooring|SPC|Vinyl,,"SPC, Vinyl",,,,https://www.plaswoodindonesia.com/texture-spc,,,,,,,SKU eksplisit tidak tersedia; kolom Product adalah family/subkategori dan belum membuktikan nama produk/seri; Brand dan Vendor masih bercampur pada kolom Brand/Company,
matcand_list_r0323,LIST_DIRECTORY,List,323,ven_6b9bf3f62890,,Plaswood,,Panel|PVC Hollow,,PVC Hollow,,,,https://www.plaswoodindonesia.com/texture-candh-panel,,,,,,,SKU eksplisit tidak tersedia; kolom Product adalah family/subkategori dan belum membuktikan nama produk/seri; Brand dan Vendor masih bercampur pada kolom Brand/Company,
matcand_list_r0324,LIST_DIRECTORY,List,324,ven_6b9bf3f62890,,Plaswood,,Plafon|PVC,,PVC,,,,https://www.plaswoodindonesia.com/texture-plafon,,,,,,,SKU eksplisit tidak tersedia; kolom Product adalah family/subkategori dan belum membuktikan nama produk/seri; Brand dan Vendor masih bercampur pada kolom Brand/Company,
matcand_list_r0325,LIST_DIRECTORY,List,325,ven_6b9bf3f62890,,Plaswood,,Wall Finishing|WPC|PVC Wallboard|PVC Wallmoulding|SPC Wallmarble|WPE|Bevel Glass,,"WPC, PVC Wallboard, PVC Wallmoulding, SPC Wallmarble, WPE, Bevel Glass",,,,https://www.plaswoodindonesia.com/texture-wpc,,,,,,,SKU eksplisit tidak tersedia; kolom Product adalah family/subkategori dan belum membuktikan nama produk/seri; Brand dan Vendor masih bercampur pada kolom Brand/Company,
matcand_list_r0326,LIST_DIRECTORY,List,326,ven_bd52d4c5c71b,,Primaja Indokreasi,,Furniture|Loose Furniture,,Loose Furniture,,,,,,,,,,,SKU eksplisit tidak tersedia; kolom Product adalah family/subkategori dan belum membuktikan nama produk/seri; Brand dan Vendor masih bercampur pada kolom Brand/Company,
matcand_list_r0327,LIST_DIRECTORY,List,327,ven_a9687d4ef889,,Prime Stone,,Wall Finishing|Stone,,Stone,,,,,https://drive.google.com/drive/folders/1NFldpayl56qG8pJfaq2VyF08dBotxGv2?usp=drive_link,,,,,,SKU eksplisit tidak tersedia; kolom Product adalah family/subkategori dan belum membuktikan nama produk/seri; Brand dan Vendor masih bercampur pada kolom Brand/Company,
matcand_list_r0328,LIST_DIRECTORY,List,328,ven_cfb2820f0991,,Prisma Marble,,Finishing|Marble & Natural Stones,,Marble & Natural Stones,,,,https://www.primasejati.co.id/index.html,,,,,,,SKU eksplisit tidak tersedia; kolom Product adalah family/subkategori dan belum membuktikan nama produk/seri; Brand dan Vendor masih bercampur pada kolom Brand/Company,
matcand_list_r0329,LIST_DIRECTORY,List,329,ven_b86e4ba1ce75,,Prive Furniture,,Furniture|Loose Furniture|Cabinet Kitchen|Cabinet Wardrobe,,"Loose Furniture, Cabinet Kitchen, Cabinet Wardrobe",,,,https://prive-living.com/product-category/living/,,,,,,,SKU eksplisit tidak tersedia; kolom Product adalah family/subkategori dan belum membuktikan nama produk/seri; Brand dan Vendor masih bercampur pada kolom Brand/Company,
matcand_list_r0330,LIST_DIRECTORY,List,330,ven_b86e4ba1ce75,,Prive Furniture,,Furniture|Loose Furniture,,Loose Furniture,,,,,,,,,,,SKU eksplisit tidak tersedia; kolom Product adalah family/subkategori dan belum membuktikan nama produk/seri; Brand dan Vendor masih bercampur pada kolom Brand/Company,
matcand_list_r0331,LIST_DIRECTORY,List,331,ven_cc85ae74e86d,,Prona Max,,Materials|Acrylic - PVC Board - Stainless Strip,,Acrylic - PVC Board - Stainless Strip,,,,,,,,,,,SKU eksplisit tidak tersedia; kolom Product adalah family/subkategori dan belum membuktikan nama produk/seri; Brand dan Vendor masih bercampur pada kolom Brand/Company,
matcand_list_r0332,LIST_DIRECTORY,List,332,ven_f854da43e230,,Puffin Paint,,Wall Finishing|Texture paint,,Texture paint,,,,https://www.tokopedia.com/rwinwijaya/etalase/sold?sort=7,,,,,,,SKU eksplisit tidak tersedia; kolom Product adalah family/subkategori dan belum membuktikan nama produk/seri; Brand dan Vendor masih bercampur pada kolom Brand/Company,
matcand_list_r0333,LIST_DIRECTORY,List,333,ven_957f74198d62,,Purnama Roster,,Materials|Roster - Bata Expose - Paving Block - Bata Tempel,,Roster - Bata Expose - Paving Block - Bata Tempel,,,,,,,,,,,SKU eksplisit tidak tersedia; kolom Product adalah family/subkategori dan belum membuktikan nama produk/seri; Brand dan Vendor masih bercampur pada kolom Brand/Company,
matcand_list_r0334,LIST_DIRECTORY,List,334,ven_9689be17e5b0,,Purva,,Flooring|SPC|Vinyl,,"SPC, Vinyl",,,,,https://drive.google.com/drive/folders/18HWHMeCLsDquDL-8bZrOnGG2i8vwhCEr?usp=drive_link,,,,,,SKU eksplisit tidak tersedia; kolom Product adalah family/subkategori dan belum membuktikan nama produk/seri; Brand dan Vendor masih bercampur pada kolom Brand/Company,
matcand_list_r0335,LIST_DIRECTORY,List,335,ven_d1f9d15a5aa6,,Quantum Marble,,Finishing|Marble,,Marble,,,,,,,,,,,SKU eksplisit tidak tersedia; kolom Product adalah family/subkategori dan belum membuktikan nama produk/seri; Brand dan Vendor masih bercampur pada kolom Brand/Company,
matcand_list_r0336,LIST_DIRECTORY,List,336,ven_a3e690053061,,RAG,,Accessories|Rugs,,Rugs,,,,https://pin.it/hkbLQNiJF,,,,,,,SKU eksplisit tidak tersedia; kolom Product adalah family/subkategori dan belum membuktikan nama produk/seri; Brand dan Vendor masih bercampur pada kolom Brand/Company,
matcand_list_r0337,LIST_DIRECTORY,List,337,ven_0bb3e5c77136,,Rava Indonesia,,Flooring,,,,,,,,,,,,,SKU eksplisit tidak tersedia; kolom Product adalah family/subkategori dan belum membuktikan nama produk/seri; Brand dan Vendor masih bercampur pada kolom Brand/Company,
matcand_list_r0338,LIST_DIRECTORY,List,338,ven_0bb3e5c77136,,Rava Indonesia,,Wall Finishing|Wall Coverings,,Wall Coverings,,,,,https://drive.google.com/drive/folders/1mlEkri9UTE4_3t_wfI7EHpU01N0DXoPo?usp=drive_link,,,,,,SKU eksplisit tidak tersedia; kolom Product adalah family/subkategori dan belum membuktikan nama produk/seri; Brand dan Vendor masih bercampur pada kolom Brand/Company,
matcand_list_r0339,LIST_DIRECTORY,List,339,ven_ea0a3f276643,,Reflecto,,Paint|Waterproofing,,Waterproofing,,,,,https://drive.google.com/drive/folders/1F26rmE8hajuqtBXNuxHnB2GaqvFPpOxT?usp=drive_link,,,,,,SKU eksplisit tidak tersedia; kolom Product adalah family/subkategori dan belum membuktikan nama produk/seri; Brand dan Vendor masih bercampur pada kolom Brand/Company,
matcand_list_r0340,LIST_DIRECTORY,List,340,ven_ea0a3f276643,,Reflecto,,Paint|Waterproofing,,Waterproofing,,,,,https://drive.google.com/drive/folders/1F26rmE8hajuqtBXNuxHnB2GaqvFPpOxT?usp=drive_link,,,,,,SKU eksplisit tidak tersedia; kolom Product adalah family/subkategori dan belum membuktikan nama produk/seri; Brand dan Vendor masih bercampur pada kolom Brand/Company,
matcand_list_r0341,LIST_DIRECTORY,List,341,ven_27b43fd8d911,,Reflecto - Klinz,,Flooring|Concrete Floor,,Concrete Floor,,,,,https://drive.google.com/drive/folders/1F26rmE8hajuqtBXNuxHnB2GaqvFPpOxT?usp=drive_link,,,,,,SKU eksplisit tidak tersedia; kolom Product adalah family/subkategori dan belum membuktikan nama produk/seri; Brand dan Vendor masih bercampur pada kolom Brand/Company,
matcand_list_r0342,LIST_DIRECTORY,List,342,ven_8d9e2ee1d9bd,,Reflecto - Naked Stone,,Finishing|Terrazzo,,Terrazzo,,,,https://reflecto.co.id/more/catalog/,https://drive.google.com/drive/folders/1F26rmE8hajuqtBXNuxHnB2GaqvFPpOxT?usp=drive_link,,,,,,SKU eksplisit tidak tersedia; kolom Product adalah family/subkategori dan belum membuktikan nama produk/seri; Brand dan Vendor masih bercampur pada kolom Brand/Company,
matcand_list_r0343,LIST_DIRECTORY,List,343,ven_c1bd8ecd7783,,Reflecto - Rewoll,,Flooring|Parquet Laminated Wood,,Parquet Laminated Wood,,,,,https://drive.google.com/drive/folders/1F26rmE8hajuqtBXNuxHnB2GaqvFPpOxT?usp=drive_link,,,,,,SKU eksplisit tidak tersedia; kolom Product adalah family/subkategori dan belum membuktikan nama produk/seri; Brand dan Vendor masih bercampur pada kolom Brand/Company,
matcand_list_r0344,LIST_DIRECTORY,List,344,ven_236e15b87c95,,Reflecto Film,,Kaca Film,,,,,,,https://drive.google.com/drive/folders/1F26rmE8hajuqtBXNuxHnB2GaqvFPpOxT?usp=drive_link,,,,,,SKU eksplisit tidak tersedia; kolom Product adalah family/subkategori dan belum membuktikan nama produk/seri; Brand dan Vendor masih bercampur pada kolom Brand/Company,
matcand_list_r0345,LIST_DIRECTORY,List,345,ven_8a6fd7c160a1,,Regno,,Wall Finishing|WPC,,WPC,,,,https://www.renos.id/p/regno-wall-panel?srsltid=AfmBOor7N3dZC_t8olV3Zbd2FNxAAMTftFWazgf_WgTuKnM1XE-YJCmg,,,,,,,SKU eksplisit tidak tersedia; kolom Product adalah family/subkategori dan belum membuktikan nama produk/seri; Brand dan Vendor masih bercampur pada kolom Brand/Company,
matcand_list_r0346,LIST_DIRECTORY,List,346,ven_288696c8f503,,Rendy Marmer Granit,,Finishing|Marble - Granite - Onyx - Travertine,,Marble - Granite - Onyx - Travertine,,,,,,,,,,,SKU eksplisit tidak tersedia; kolom Product adalah family/subkategori dan belum membuktikan nama produk/seri; Brand dan Vendor masih bercampur pada kolom Brand/Company,
matcand_list_r0347,LIST_DIRECTORY,List,347,ven_e12d41d86c75,,Rimba Partikel,,Materials|MFC,,MFC,,,,,https://drive.google.com/drive/folders/1WqHJk175DYljZuacp4RnFhRyNI6fga1Q?usp=drive_link,,,,,,SKU eksplisit tidak tersedia; kolom Product adalah family/subkategori dan belum membuktikan nama produk/seri; Brand dan Vendor masih bercampur pada kolom Brand/Company,
matcand_list_r0348,LIST_DIRECTORY,List,348,ven_294c203fd39f,,Roa Hand Woven,,Wall Finishing|Hand Crafted Wall Covering,,Hand Crafted Wall Covering,,,,,,,,,,,SKU eksplisit tidak tersedia; kolom Product adalah family/subkategori dan belum membuktikan nama produk/seri; Brand dan Vendor masih bercampur pada kolom Brand/Company,
matcand_list_r0349,LIST_DIRECTORY,List,349,ven_b625d86948f7,,Robries,,Materials|Robries Polymer Sheets (RPS),,Robries Polymer Sheets (RPS),,,,,,,,,,,SKU eksplisit tidak tersedia; kolom Product adalah family/subkategori dan belum membuktikan nama produk/seri; Brand dan Vendor masih bercampur pada kolom Brand/Company,
matcand_list_r0350,LIST_DIRECTORY,List,350,ven_2081ec56aa75,,Rockpaint,,Wall Finishing|Decorative Paint - Adhesive,,Decorative Paint - Adhesive,,,,https://www.rockpaint.co.id/id/product/adhesive,https://www.rockpaint.co.id/id/product/decorative,,,,,,SKU eksplisit tidak tersedia; kolom Product adalah family/subkategori dan belum membuktikan nama produk/seri; Brand dan Vendor masih bercampur pada kolom Brand/Company,
matcand_list_r0351,LIST_DIRECTORY,List,351,ven_4b12261f1338,,Rooftop,,Materials|UPVC Canopi - Rooftop,,UPVC Canopi - Rooftop,,,,https://rooftop.co.id/document-download/,,,,,,,SKU eksplisit tidak tersedia; kolom Product adalah family/subkategori dan belum membuktikan nama produk/seri; Brand dan Vendor masih bercampur pada kolom Brand/Company,
matcand_list_r0352,LIST_DIRECTORY,List,352,ven_6c879f23b775,,Rootslab,,Furniture|Custom Furniture - Home Decorations,,Custom Furniture - Home Decorations,,,,,,,,,,,SKU eksplisit tidak tersedia; kolom Product adalah family/subkategori dan belum membuktikan nama produk/seri; Brand dan Vendor masih bercampur pada kolom Brand/Company,
matcand_list_r0353,LIST_DIRECTORY,List,353,ven_c7b2cb55a920,,Roshan,,Wall Finishing|WPC|SPC|Flextone,,"WPC, SPC, Flextone",,,,,https://drive.google.com/drive/folders/10F5HM291GW-SJh5g8ojDZBICMI0GJvRP?usp=drive_link,,,,,,SKU eksplisit tidak tersedia; kolom Product adalah family/subkategori dan belum membuktikan nama produk/seri; Brand dan Vendor masih bercampur pada kolom Brand/Company,
matcand_list_r0354,LIST_DIRECTORY,List,354,ven_2f579564665b,,Rovega,,Furniture|Custom Furniture,,Custom Furniture,,,,,https://drive.google.com/drive/u/3/folders/1baov30qdBPB1zC1kAZDbtAYJJNPWMgkZ,,,,,,SKU eksplisit tidak tersedia; kolom Product adalah family/subkategori dan belum membuktikan nama produk/seri; Brand dan Vendor masih bercampur pada kolom Brand/Company,
matcand_list_r0355,LIST_DIRECTORY,List,355,ven_2f6ec155f398,,Roxy Glass,,Accessories|Glass|Door|Stained Glass|Pattern Glass|Privacy Glass|Vanetian Blind|Shower System|Smart Mirror|Slim Door|Fascade,,"Glass, Door, Stained Glass, Pattern Glass, Privacy Glass, Vanetian Blind, Shower System, Smart Mirror, Slim Door, Fascade",,,,,https://drive.google.com/drive/folders/1e0am4Scdw_6SmrP-VblJfZx_Cdfdah7p,,,,,,SKU eksplisit tidak tersedia; kolom Product adalah family/subkategori dan belum membuktikan nama produk/seri; Brand dan Vendor masih bercampur pada kolom Brand/Company,
matcand_list_r0356,LIST_DIRECTORY,List,356,ven_2f6ec155f398,,Roxy Glass,,Materials|Decorative Glass,,Decorative Glass,,,,,https://drive.google.com/drive/folders/1HMxQB4pZWNs7_DprCZbMY3Nvii5dVSE0?usp=drive_link,,,,,,SKU eksplisit tidak tersedia; kolom Product adalah family/subkategori dan belum membuktikan nama produk/seri; Brand dan Vendor masih bercampur pada kolom Brand/Company,
matcand_list_r0357,LIST_DIRECTORY,List,357,ven_ff3444cb9f2d,,Rumah Mebel,,Furniture|Loose Furniture,,Loose Furniture,,,,,,,,,,,SKU eksplisit tidak tersedia; kolom Product adalah family/subkategori dan belum membuktikan nama produk/seri; Brand dan Vendor masih bercampur pada kolom Brand/Company,
matcand_list_r0358,LIST_DIRECTORY,List,358,ven_64a13c8394a2,,Sahabat Jaya Sukses,,Materials|Plywood & MDF,,Plywood & MDF,,,,,https://drive.google.com/drive/folders/125WUAFLBfkHflvngyzWRHEen7UFULGwb?usp=drive_link,,,,,,SKU eksplisit tidak tersedia; kolom Product adalah family/subkategori dan belum membuktikan nama produk/seri; Brand dan Vendor masih bercampur pada kolom Brand/Company,
matcand_list_r0359,LIST_DIRECTORY,List,359,ven_534647ddc3a0,,Sakamurya Furniture,,Furniture|Loose Furniture,,Loose Furniture,,,,,,,,,,,SKU eksplisit tidak tersedia; kolom Product adalah family/subkategori dan belum membuktikan nama produk/seri; Brand dan Vendor masih bercampur pada kolom Brand/Company,
matcand_list_r0360,LIST_DIRECTORY,List,360,ven_ddcf4bfae15d,,Sampoerna Kayoe,,Materials|Wood Supplied,,Wood Supplied,,,,,,,,,,,SKU eksplisit tidak tersedia; kolom Product adalah family/subkategori dan belum membuktikan nama produk/seri; Brand dan Vendor masih bercampur pada kolom Brand/Company,
matcand_list_r0361,LIST_DIRECTORY,List,361,ven_d92ae279af74,,Samudera Solid Surface,,Finishing|Solid Surface,,Solid Surface,,,,,https://d1fdloi71mui9q.cloudfront.net/7wMH53hiR7eSYI4UOovP_catalog%20%2B%20custom%20examples.pdf,,,,,,SKU eksplisit tidak tersedia; kolom Product adalah family/subkategori dan belum membuktikan nama produk/seri; Brand dan Vendor masih bercampur pada kolom Brand/Company,
matcand_list_r0362,LIST_DIRECTORY,List,362,ven_5e9b5031198d,,Sana Living,,Furniture|Loose Furniture,,Loose Furniture,,,,,,,,,,,SKU eksplisit tidak tersedia; kolom Product adalah family/subkategori dan belum membuktikan nama produk/seri; Brand dan Vendor masih bercampur pada kolom Brand/Company,
matcand_list_r0363,LIST_DIRECTORY,List,363,ven_9a7c57a92e92,,Sans Mosaic,,Tiles|Mosaic,,Mosaic,,,,,,,,,,,SKU eksplisit tidak tersedia; kolom Product adalah family/subkategori dan belum membuktikan nama produk/seri; Brand dan Vendor masih bercampur pada kolom Brand/Company,
matcand_list_r0364,LIST_DIRECTORY,List,364,ven_ffb844281605,,Sentra Bata,,Materials|Bricks,,Bricks,,,,,,,,,,,SKU eksplisit tidak tersedia; kolom Product adalah family/subkategori dan belum membuktikan nama produk/seri; Brand dan Vendor masih bercampur pada kolom Brand/Company,
matcand_list_r0365,LIST_DIRECTORY,List,365,ven_9d7ea0a869a5,,Sentra Marble,,Stones|Marble Tiles,,Marble Tiles,,,,,,,,,,,SKU eksplisit tidak tersedia; kolom Product adalah family/subkategori dan belum membuktikan nama produk/seri; Brand dan Vendor masih bercampur pada kolom Brand/Company,
matcand_list_r0366,LIST_DIRECTORY,List,366,ven_9e94e3750303,,Sentra Marmer (Sekawan Alam Sejahtera Marmer),,Wall Finishing|Marbles - Granite - Onyx,,Marbles - Granite - Onyx,,,,,,,,,,,SKU eksplisit tidak tersedia; kolom Product adalah family/subkategori dan belum membuktikan nama produk/seri; Brand dan Vendor masih bercampur pada kolom Brand/Company,
matcand_list_r0367,LIST_DIRECTORY,List,367,ven_31fce62b2e21,,Sentracon,,Flooring|Beton,,Beton,,,,,,,,,,,SKU eksplisit tidak tersedia; kolom Product adalah family/subkategori dan belum membuktikan nama produk/seri; Brand dan Vendor masih bercampur pada kolom Brand/Company,
matcand_list_r0368,LIST_DIRECTORY,List,368,ven_87daad822c6e,,Serba Antik,,Furniture|Loose Furniture,,Loose Furniture,,,,,,,,,,,SKU eksplisit tidak tersedia; kolom Product adalah family/subkategori dan belum membuktikan nama produk/seri; Brand dan Vendor masih bercampur pada kolom Brand/Company,
matcand_list_r0369,LIST_DIRECTORY,List,369,ven_87daad822c6e,,Serba Antik,,Wall Finishing|Fabric - Blinds - Wallpaper - Wall Panelling,,Fabric - Blinds - Wallpaper - Wall Panelling,,,,,,,,,,,SKU eksplisit tidak tersedia; kolom Product adalah family/subkategori dan belum membuktikan nama produk/seri; Brand dan Vendor masih bercampur pada kolom Brand/Company,
matcand_list_r0370,LIST_DIRECTORY,List,370,ven_703b5e3c1f7d,,Seyven,,Home Appliances|Digital Door Lock,,Digital Door Lock,,,,,,,,,,,SKU eksplisit tidak tersedia; kolom Product adalah family/subkategori dan belum membuktikan nama produk/seri; Brand dan Vendor masih bercampur pada kolom Brand/Company,
matcand_list_r0371,LIST_DIRECTORY,List,371,ven_e7eab9aeb356,,Sib Indonesia,,Flooring|Terrazzo,,Terrazzo,,,,,,,,,,,SKU eksplisit tidak tersedia; kolom Product adalah family/subkategori dan belum membuktikan nama produk/seri; Brand dan Vendor masih bercampur pada kolom Brand/Company,
matcand_list_r0372,LIST_DIRECTORY,List,372,ven_77fb08d2b315,,Singres,,Tiles|Mosaic,,Mosaic,,,,https://shopee.co.id/singrestiles.id?entryPoint=ShopBySearch&searchKeyword=singres%20tiles&tab=shop&fbclid=PARlRTSAN1ZSFleHRuA2FlbQIxMQABpyGhYWek31bZeyEhZA6if_NTZwsFfnk4GCqNJAEG4y82tJDcC_j9Ixi0UbPv_aem_qRg6uX1sXExHFsAP3tozrw,,,,,,,SKU eksplisit tidak tersedia; kolom Product adalah family/subkategori dan belum membuktikan nama produk/seri; Brand dan Vendor masih bercampur pada kolom Brand/Company,
matcand_list_r0373,LIST_DIRECTORY,List,373,ven_f1b091846568,,Sioline,,Decorative|Membrane Tensile,,Membrane Tensile,,,,,,,,,,,SKU eksplisit tidak tersedia; kolom Product adalah family/subkategori dan belum membuktikan nama produk/seri; Brand dan Vendor masih bercampur pada kolom Brand/Company,
matcand_list_r0374,LIST_DIRECTORY,List,374,ven_b8f4a9b2819d,,Sisu Home,,Furniture|Loose Furniture|Home Decorations,,"Loose Furniture, Home Decorations",,,,,,,,,,,SKU eksplisit tidak tersedia; kolom Product adalah family/subkategori dan belum membuktikan nama produk/seri; Brand dan Vendor masih bercampur pada kolom Brand/Company,
matcand_list_r0375,LIST_DIRECTORY,List,375,ven_10457db46ef5,,Skayu,,Materials|WPC,,WPC,,,,https://skayu.co.id/about/#e-catalog,,,,,,,SKU eksplisit tidak tersedia; kolom Product adalah family/subkategori dan belum membuktikan nama produk/seri; Brand dan Vendor masih bercampur pada kolom Brand/Company,
matcand_list_r0376,LIST_DIRECTORY,List,376,ven_d5262c8b15d8,,Skywall,,Materials|Polycarbonate Sheet|System (for roof),,Polycarbonate Sheet/ System (for roof),,,,https://www.tokopedia.com/langgengtradateknik/etalase/skywall-polycarbonate?fbclid=PARlRTSAN1Y8hleHRuA2FlbQIxMQABp5DuKjvCt5Y4aYL1EzHxbe0NY5JI0kL6N54OMUGqy8O7usG3Y57djNNKEqfi_aem_cKGX9vqaUC_vQby3Dr6DqQ,https://skywall.id/wp-content/uploads/2025/09/Skywall-Portfolio-Project-2025-COMPRESSED.pdf?fbclid=PAZnRzaAN1Y3FleHRuA2FlbQIxMQABp0OkYyZcTfTovT0LrlamK-FLo4mKFTX7Ylq5yS7EkeT6VFFF9gqJYn6XHEnc_aem_7anvale0GMMNDfkcdkWcBw,,,,,,SKU eksplisit tidak tersedia; kolom Product adalah family/subkategori dan belum membuktikan nama produk/seri; Brand dan Vendor masih bercampur pada kolom Brand/Company,
matcand_list_r0377,LIST_DIRECTORY,List,377,ven_9ca87fe6e218,,Sol by pdm,,Furniture|European Furniture|Artwork,,"European Furniture, Artwork",,,,https://sol-collection.id/products/actiu/,,,,,,,SKU eksplisit tidak tersedia; kolom Product adalah family/subkategori dan belum membuktikan nama produk/seri; Brand dan Vendor masih bercampur pada kolom Brand/Company,
matcand_list_r0378,LIST_DIRECTORY,List,378,ven_89e8e912c124,,Sola Ananda Jaya,,Window|Aluminium window,,Aluminium window,,,,,,,,,,,SKU eksplisit tidak tersedia; kolom Product adalah family/subkategori dan belum membuktikan nama produk/seri; Brand dan Vendor masih bercampur pada kolom Brand/Company,
matcand_list_r0379,LIST_DIRECTORY,List,379,ven_893b35b79358,,Sors Furniture,,Furniture|Loose Furniture,,Loose Furniture,,,,,https://drive.google.com/drive/folders/1s9LesHuUXM_O_-LvCV-MV5Gv55_ZjP33?usp=drive_link,,,,,,SKU eksplisit tidak tersedia; kolom Product adalah family/subkategori dan belum membuktikan nama produk/seri; Brand dan Vendor masih bercampur pada kolom Brand/Company,
matcand_list_r0380,LIST_DIRECTORY,List,380,ven_2b1f0b2bda92,,Soshoku,,Furniture|Loose Furniture - Accessories,,Loose Furniture - Accessories,,,,,,,,,,,SKU eksplisit tidak tersedia; kolom Product adalah family/subkategori dan belum membuktikan nama produk/seri; Brand dan Vendor masih bercampur pada kolom Brand/Company,
matcand_list_r0381,LIST_DIRECTORY,List,381,ven_e80938dd3117,,SPF,,Finishing|Melaminto - MDF - HMR,,Melaminto - MDF - HMR,,,,,https://drive.google.com/drive/u/3/folders/11rYwG5dMjISf_Wk1QSTCZKrU1ull3Hj0,,,,,,SKU eksplisit tidak tersedia; kolom Product adalah family/subkategori dan belum membuktikan nama produk/seri; Brand dan Vendor masih bercampur pada kolom Brand/Company,
matcand_list_r0382,LIST_DIRECTORY,List,382,ven_93a16ce01ed0,,Stark Floor,,Finishing|Waterbone|Solvent|PU|Acrylic|Terrazo,,"Waterbone, Solvent, PU, Acrylic, Terrazo",,,,,,,,,,,SKU eksplisit tidak tersedia; kolom Product adalah family/subkategori dan belum membuktikan nama produk/seri; Brand dan Vendor masih bercampur pada kolom Brand/Company,
matcand_list_r0383,LIST_DIRECTORY,List,383,ven_9d229f377840,,Startha Group - Decoedge,,Finishing|Interior Film - PVC Sheet - Edging (Edge Banding 0.35 - 3mm),,Interior Film - PVC Sheet - Edging (Edge Banding 0.35 - 3mm),,,,https://startha.co.id/brand/decoedge,https://drive.google.com/file/d/14M17SZ559mWnGTSirksGYBhYF5G7Br0s/view,,,,,,SKU eksplisit tidak tersedia; kolom Product adalah family/subkategori dan belum membuktikan nama produk/seri; Brand dan Vendor masih bercampur pada kolom Brand/Company,
matcand_list_r0384,LIST_DIRECTORY,List,384,ven_f1a42604cd55,,Startha Group - Decofoil,,Finishing|Interior Film - PVC Sheet,,Interior Film - PVC Sheet,,,,https://startha.co.id/brand/decofoil,https://drive.google.com/file/d/1-yN7tMyXSPx84hFlPSViWRZxzLFw114O/view,,,,,,SKU eksplisit tidak tersedia; kolom Product adalah family/subkategori dan belum membuktikan nama produk/seri; Brand dan Vendor masih bercampur pada kolom Brand/Company,
matcand_list_r0385,LIST_DIRECTORY,List,385,ven_e69c7c2268a1,,Startha Group - Decopaper,,Finishing|Interior Film - PVC Sheet (Finish Foil|Decorative Paper|Melamine Impregnated Paper),,"Interior Film - PVC Sheet (Finish Foil, Decorative Paper, Melamine Impregnated Paper)",,,,https://startha.co.id/brand/decopaper,https://drive.google.com/file/d/1-gXmmEa2UmBepdcutqpHFC96kohzLP0r/view,,,,,,SKU eksplisit tidak tersedia; kolom Product adalah family/subkategori dan belum membuktikan nama produk/seri; Brand dan Vendor masih bercampur pada kolom Brand/Company,
matcand_list_r0386,LIST_DIRECTORY,List,386,ven_45f0fdd37fe5,,Stuccoverni,,Wall Finishing|Decorative Paint,,Decorative Paint,,,,,,,,,,,SKU eksplisit tidak tersedia; kolom Product adalah family/subkategori dan belum membuktikan nama produk/seri; Brand dan Vendor masih bercampur pada kolom Brand/Company,
matcand_list_r0387,LIST_DIRECTORY,List,387,ven_4131b6fdb7c0,,Studio Dekor,,Decorative|Artificial Plants,,Artificial Plants,,,,,,,,,,,SKU eksplisit tidak tersedia; kolom Product adalah family/subkategori dan belum membuktikan nama produk/seri; Brand dan Vendor masih bercampur pada kolom Brand/Company,
matcand_list_r0388,LIST_DIRECTORY,List,388,ven_3254ad02899d,,Sufelindo,,Furniture|Office Furniture,,Office Furniture,,,,https://drive.google.com/file/d/1l1Ae_w2rqHT6wZo_9UCK4dZiBDzZfhjA/view,,,,,,,SKU eksplisit tidak tersedia; kolom Product adalah family/subkategori dan belum membuktikan nama produk/seri; Brand dan Vendor masih bercampur pada kolom Brand/Company,
matcand_list_r0389,LIST_DIRECTORY,List,389,ven_c441e81afd42,,Sulla.Home,,Furniture|Loose Furniture,,Loose Furniture,,,,,https://drive.google.com/drive/folders/1w4J6jrynh7J0UpRMvYi2CUcyLzsyNAEv?usp=drive_link,,,,,,SKU eksplisit tidak tersedia; kolom Product adalah family/subkategori dan belum membuktikan nama produk/seri; Brand dan Vendor masih bercampur pada kolom Brand/Company,
matcand_list_r0390,LIST_DIRECTORY,List,390,ven_7dda47f14680,,Sumber Jati Furniture,,Furniture|Home Furniture,,Home Furniture,,,,,,,,,,,SKU eksplisit tidak tersedia; kolom Product adalah family/subkategori dan belum membuktikan nama produk/seri; Brand dan Vendor masih bercampur pada kolom Brand/Company,
matcand_list_r0391,LIST_DIRECTORY,List,391,ven_4e6c372cfb33,,Sunarko,,Melamik|Duco|Mandor Melamik,,Mandor Melamik / Duco,,,,,,,,,,,SKU eksplisit tidak tersedia; kolom Product adalah family/subkategori dan belum membuktikan nama produk/seri; Brand dan Vendor masih bercampur pada kolom Brand/Company,
matcand_list_r0392,LIST_DIRECTORY,List,392,ven_48973dbd4188,,Sunbeamfabric,,Fabric|Outdoor Fabric,,Outdoor Fabric,,,,,,,,,,,SKU eksplisit tidak tersedia; kolom Product adalah family/subkategori dan belum membuktikan nama produk/seri; Brand dan Vendor masih bercampur pada kolom Brand/Company,
matcand_list_r0393,LIST_DIRECTORY,List,393,ven_78dac1fec5f5,,Surya Pertiwi,,Sanitary|Toilet|Bathroom|Kitchen Acc.,,"Toilet, Bathroom, Kitchen Acc.",,,,,,,,,,,SKU eksplisit tidak tersedia; kolom Product adalah family/subkategori dan belum membuktikan nama produk/seri; Brand dan Vendor masih bercampur pada kolom Brand/Company,
matcand_list_r0394,LIST_DIRECTORY,List,394,ven_32db990d8f05,,Suzuka Group,,Wall Finishing|Texture Paint,,Texture Paint,,,,https://www.suzukagroup.id/catalogs/,https://drive.google.com/drive/folders/1UTUVMWiiA5RNNotl8iR3R2nliauv7aho?usp=share_link,,,,,,SKU eksplisit tidak tersedia; kolom Product adalah family/subkategori dan belum membuktikan nama produk/seri; Brand dan Vendor masih bercampur pada kolom Brand/Company,
matcand_list_r0395,LIST_DIRECTORY,List,395,ven_07c05679b1cf,,Taco,,Finishing|HPL,,HPL,,,,,,,,,,,SKU eksplisit tidak tersedia; kolom Product adalah family/subkategori dan belum membuktikan nama produk/seri; Brand dan Vendor masih bercampur pada kolom Brand/Company,
matcand_list_r0396,LIST_DIRECTORY,List,396,ven_2cadf24e1fee,,Tanam Lokal,,Decorative|Artificial Plants,,Artificial Plants,,,,,,,,,,,SKU eksplisit tidak tersedia; kolom Product adalah family/subkategori dan belum membuktikan nama produk/seri; Brand dan Vendor masih bercampur pada kolom Brand/Company,
matcand_list_r0397,LIST_DIRECTORY,List,397,ven_bb49211a375d,,Technal,,Door & Window|Aluminium Door & Window System,,Aluminium Door & Window System,,,,,,,,,,,SKU eksplisit tidak tersedia; kolom Product adalah family/subkategori dan belum membuktikan nama produk/seri; Brand dan Vendor masih bercampur pada kolom Brand/Company,
matcand_list_r0398,LIST_DIRECTORY,List,398,ven_3b949d288337,,Tecnishop,,Hardware|Knob - Handle - Fittings,,Knob - Handle - Fittings,,,,https://www.tokopedia.com/tecnishop,,,,,,,SKU eksplisit tidak tersedia; kolom Product adalah family/subkategori dan belum membuktikan nama produk/seri; Brand dan Vendor masih bercampur pada kolom Brand/Company,
matcand_list_r0399,LIST_DIRECTORY,List,399,ven_3b949d288337,,Tecnishop,,Lighting,,,,,,https://www.tokopedia.com/tecnishop,,,,,,,SKU eksplisit tidak tersedia; kolom Product adalah family/subkategori dan belum membuktikan nama produk/seri; Brand dan Vendor masih bercampur pada kolom Brand/Company,
matcand_list_r0400,LIST_DIRECTORY,List,400,ven_58f8d1e2afc5,,Tegel Kayu,,Finishing|Decking|Flooring|Fencing|Lumberceiling|Parquet|Stairs|Table Top,,"Decking, Flooring, Fencing, Lumberceiling, Parquet, Stairs, Table Top",,,,https://tegelkayu.id/product/,,,,,,,SKU eksplisit tidak tersedia; kolom Product adalah family/subkategori dan belum membuktikan nama produk/seri; Brand dan Vendor masih bercampur pada kolom Brand/Company,
matcand_list_r0401,LIST_DIRECTORY,List,401,ven_f2efb7bfe724,,TEKA Parquet,,Flooring|Engineered Wood Floor,,Engineered Wood Floor,,,,,,,,,,,SKU eksplisit tidak tersedia; kolom Product adalah family/subkategori dan belum membuktikan nama produk/seri; Brand dan Vendor masih bercampur pada kolom Brand/Company,
matcand_list_r0402,LIST_DIRECTORY,List,402,ven_98a409d1b6c9,,Tera Kaiyaa,,Finishing|Brick,,Brick,,,,https://shopee.co.id/terakaiyaa?smtt=0.596036371-1668773067.9&tab=shop&fbclid=PAZnRzaANteA5leHRuA2FlbQIxMQABpxXj-FL7w3xAF-NXte7jhadiXvT4mwsSlR094gb86wgmZ2KIAAtPXxsLOXFa_aem_dz44PELrz5bx52SliekXLg,https://drive.google.com/drive/folders/1N6bmutcoyyY8yTmseq1WXo6tM7ddu6f9?usp=drive_link,,,,,,SKU eksplisit tidak tersedia; kolom Product adalah family/subkategori dan belum membuktikan nama produk/seri; Brand dan Vendor masih bercampur pada kolom Brand/Company,
matcand_list_r0403,LIST_DIRECTORY,List,403,ven_eb17b972269b,,Terakota Indonesia,,Finishing|Decorative Brick|Ceramic,,"Decorative Brick, Ceramic",,,,,,,,,,,SKU eksplisit tidak tersedia; kolom Product adalah family/subkategori dan belum membuktikan nama produk/seri; Brand dan Vendor masih bercampur pada kolom Brand/Company,
matcand_list_r0404,LIST_DIRECTORY,List,404,ven_9d78dce55984,,Terraesta,,Materials|Micro Cement,,Micro Cement,,,,,,,,,,,SKU eksplisit tidak tersedia; kolom Product adalah family/subkategori dan belum membuktikan nama produk/seri; Brand dan Vendor masih bercampur pada kolom Brand/Company,
matcand_list_r0405,LIST_DIRECTORY,List,405,ven_08ed19293fe4,,Textura Pratta Indonesia,,Finishing|Testures & Colors,,Testures & Colors,,,,,,,,,,,SKU eksplisit tidak tersedia; kolom Product adalah family/subkategori dan belum membuktikan nama produk/seri; Brand dan Vendor masih bercampur pada kolom Brand/Company,
matcand_list_r0406,LIST_DIRECTORY,List,406,ven_7b1cb52f8a7f,,The New Factory,,Materials|Ceiling Decor|Sound Adsorber|Cabinet Doors,,"Ceiling Decor, Sound Adsorber, Cabinet Doors",,,,,,,,,,,SKU eksplisit tidak tersedia; kolom Product adalah family/subkategori dan belum membuktikan nama produk/seri; Brand dan Vendor masih bercampur pada kolom Brand/Company,
matcand_list_r0407,LIST_DIRECTORY,List,407,ven_370a5d4cd966,,Thermotech Indonesia,,Materials|Thermal Insulation,,Thermal Insulation,,,,,,,,,,,SKU eksplisit tidak tersedia; kolom Product adalah family/subkategori dan belum membuktikan nama produk/seri; Brand dan Vendor masih bercampur pada kolom Brand/Company,
matcand_list_r0408,LIST_DIRECTORY,List,408,ven_d37f48d80411,,Titanium,,Finishing|Granite - Stones - Terazzo - Marbles,,Granite - Stones - Terazzo - Marbles,,,,,https://drive.google.com/drive/folders/1Eu0n6rohhJwOi5bU61BTNNAYHCwNiZZy?usp=drive_link,,,,,,SKU eksplisit tidak tersedia; kolom Product adalah family/subkategori dan belum membuktikan nama produk/seri; Brand dan Vendor masih bercampur pada kolom Brand/Company,
matcand_list_r0409,LIST_DIRECTORY,List,409,ven_28b2a172c1af,,Tmac Decorazzo,,Flooring|Terrazzo,,Terrazzo,,,,,https://drive.google.com/drive/folders/1sUJ0g4-QtJR0GPInJ0NslGBr86le2bYz?usp=drive_link,,,,,,SKU eksplisit tidak tersedia; kolom Product adalah family/subkategori dan belum membuktikan nama produk/seri; Brand dan Vendor masih bercampur pada kolom Brand/Company,
matcand_list_r0410,LIST_DIRECTORY,List,410,ven_2717c3695dbc,,Tostem Indonesia,,Door & Window|Aluminium Windows & Doors System,,Aluminium Windows & Doors System,,,,,https://drive.google.com/drive/folders/1iKWRcJzDxuEILbkwM-3JnOjo6ezFSfvn?usp=drive_link,,,,,,SKU eksplisit tidak tersedia; kolom Product adalah family/subkategori dan belum membuktikan nama produk/seri; Brand dan Vendor masih bercampur pada kolom Brand/Company,
matcand_list_r0411,LIST_DIRECTORY,List,411,ven_d79e8e4a6c05,,Tridaya Elektrindo,,Lighting|Indoor Lighting|Outdoor Lighting|Industrial Lighting,,"Indoor Lighting, Outdoor Lighting, Industrial Lighting",,,,https://www.tridaya-elektrindo.com/product/indoor-lighting/architectural,,,,,,,SKU eksplisit tidak tersedia; kolom Product adalah family/subkategori dan belum membuktikan nama produk/seri; Brand dan Vendor masih bercampur pada kolom Brand/Company,
matcand_list_r0412,LIST_DIRECTORY,List,412,ven_68c0edfe5ef6,,Triem Soldi Surface,,Finishing|Solid Surface,,Solid Surface,,,,,,,,,,,SKU eksplisit tidak tersedia; kolom Product adalah family/subkategori dan belum membuktikan nama produk/seri; Brand dan Vendor masih bercampur pada kolom Brand/Company,
matcand_list_r0413,LIST_DIRECTORY,List,413,ven_a46e0f4e2e93,,Trio Jaya Steel,,Finishing|Decorative Panel,,Decorative Panel,,,,,,,,,,,SKU eksplisit tidak tersedia; kolom Product adalah family/subkategori dan belum membuktikan nama produk/seri; Brand dan Vendor masih bercampur pada kolom Brand/Company,
matcand_list_r0414,LIST_DIRECTORY,List,414,ven_a46e0f4e2e93,,Trio Jaya Steel,,Perforated|Decorative Perforated,,Decorative Perforated,,,,https://www.tjsteel.co.id/Products/perforated-metal.html,,,,,,,SKU eksplisit tidak tersedia; kolom Product adalah family/subkategori dan belum membuktikan nama produk/seri; Brand dan Vendor masih bercampur pada kolom Brand/Company,
matcand_list_r0415,LIST_DIRECTORY,List,415,ven_b45ea62bce8e,,Twin Fittings,,Hardware|Kitchen Fitting,,Kitchen Fitting,,,,,,,,,,,SKU eksplisit tidak tersedia; kolom Product adalah family/subkategori dan belum membuktikan nama produk/seri; Brand dan Vendor masih bercampur pada kolom Brand/Company,
matcand_list_r0416,LIST_DIRECTORY,List,416,ven_672669ca4143,,Ubin Kayu,,Ceiling|Solid Wood,,Solid Wood,,,,,https://drive.google.com/drive/folders/1OywMaJnbDtzWYz3Lkudo7DCLJD6ebFFd?usp=drive_link,,,,,,SKU eksplisit tidak tersedia; kolom Product adalah family/subkategori dan belum membuktikan nama produk/seri; Brand dan Vendor masih bercampur pada kolom Brand/Company,
matcand_list_r0417,LIST_DIRECTORY,List,417,ven_672669ca4143,,Ubin Kayu,,Flooring|Solid Wood,,Solid Wood,,,,,https://drive.google.com/drive/folders/1OywMaJnbDtzWYz3Lkudo7DCLJD6ebFFd?usp=drive_link,,,,,,SKU eksplisit tidak tersedia; kolom Product adalah family/subkategori dan belum membuktikan nama produk/seri; Brand dan Vendor masih bercampur pada kolom Brand/Company,
matcand_list_r0418,LIST_DIRECTORY,List,418,ven_672669ca4143,,Ubin Kayu,,Wall Finishing|Solid Wood,,Solid Wood,,,,,https://drive.google.com/drive/folders/1OywMaJnbDtzWYz3Lkudo7DCLJD6ebFFd?usp=drive_link,,,,,,SKU eksplisit tidak tersedia; kolom Product adalah family/subkategori dan belum membuktikan nama produk/seri; Brand dan Vendor masih bercampur pada kolom Brand/Company,
matcand_list_r0419,LIST_DIRECTORY,List,419,ven_77d774c120a8,,UNO Office,,Furniture|Office Furniture,,Office Furniture,,,,,https://drive.google.com/drive/folders/1BYbLKJLlvPQ446AbHgLakSaObtIpeTvL?usp=drive_link,,,,,,SKU eksplisit tidak tersedia; kolom Product adalah family/subkategori dan belum membuktikan nama produk/seri; Brand dan Vendor masih bercampur pada kolom Brand/Company,
matcand_list_r0420,LIST_DIRECTORY,List,420,,,UNV,,Lighting,,,,,,,https://drive.google.com/drive/u/0/folders/1gqcVQASXbgIBHcs8GYujMusSMGpSk93w,,,,,,SKU eksplisit tidak tersedia; Vendor belum terkonfirmasi; kolom Product adalah family/subkategori dan belum membuktikan nama produk/seri; Brand dan Vendor masih bercampur pada kolom Brand/Company,
matcand_list_r0421,LIST_DIRECTORY,List,421,ven_abccc93cd88f,,Up Space,,Furniture|Loose Furniture,,Loose Furniture,,,,,https://drive.google.com/drive/folders/1HJW7qR8T6nPWjOmVzm413Hjv7uCNiUOS?usp=drive_link,,,,,,SKU eksplisit tidak tersedia; kolom Product adalah family/subkategori dan belum membuktikan nama produk/seri; Brand dan Vendor masih bercampur pada kolom Brand/Company,
matcand_list_r0422,LIST_DIRECTORY,List,422,ven_e46e3f7379cd,,VAGG,,Finishing|Decorative Wall Panels - WPC,,Decorative Wall Panels - WPC,,,,,https://drive.google.com/drive/folders/13jcjkImrGk0kS_1JKY11ZZds1YkOZIw0?usp=drive_link,,,,,,SKU eksplisit tidak tersedia; kolom Product adalah family/subkategori dan belum membuktikan nama produk/seri; Brand dan Vendor masih bercampur pada kolom Brand/Company,
matcand_list_r0423,LIST_DIRECTORY,List,423,ven_ef02a2a902c6,,Varnesse,,Finishing|WPC - Wall|Flooring,,"WPC - Wall, Flooring",,,,,https://drive.google.com/drive/u/0/folders/1CdLKiafmfY6yvZmFKWr3An6NNLiHrsRD?fbclid=PAY2xjawGv-r1leHRuA2FlbQIxMAABprr5mszCHDZYGKrH3bDdHxxbSsbDFE_UVDcLDzntit9YJwasURTaIblxOw_aem_nypoLxvuzZiBnHXYJ37fZg,,,,,,SKU eksplisit tidak tersedia; kolom Product adalah family/subkategori dan belum membuktikan nama produk/seri; Brand dan Vendor masih bercampur pada kolom Brand/Company,
matcand_list_r0424,LIST_DIRECTORY,List,424,ven_b8b22aedc372,,Venus,,Flooring|Mosaico,,Mosaico,,,,,https://drive.google.com/drive/folders/1Z1sDIzIhv6DFFADkGTuNBcp_VfZtQ463?usp=drive_link,,,,,,SKU eksplisit tidak tersedia; kolom Product adalah family/subkategori dan belum membuktikan nama produk/seri; Brand dan Vendor masih bercampur pada kolom Brand/Company,
matcand_list_r0425,LIST_DIRECTORY,List,425,ven_b8b22aedc372,,Venus,,Flooring|Porcelanto,,Porcelanto,,,,,https://drive.google.com/drive/folders/1Z1sDIzIhv6DFFADkGTuNBcp_VfZtQ463?usp=drive_link,,,,,,SKU eksplisit tidak tersedia; kolom Product adalah family/subkategori dan belum membuktikan nama produk/seri; Brand dan Vendor masih bercampur pada kolom Brand/Company,
matcand_list_r0426,LIST_DIRECTORY,List,426,ven_b8b22aedc372,,Venus,,Flooring|Avant Garde,,Avant Garde,,,,,https://drive.google.com/drive/folders/1Z1sDIzIhv6DFFADkGTuNBcp_VfZtQ463?usp=drive_link,,,,,,SKU eksplisit tidak tersedia; kolom Product adalah family/subkategori dan belum membuktikan nama produk/seri; Brand dan Vendor masih bercampur pada kolom Brand/Company,
matcand_list_r0427,LIST_DIRECTORY,List,427,ven_b8b22aedc372,,Venus,,Flooring|Art Mosaic,,Art Mosaic,,,,,https://drive.google.com/drive/folders/1Z1sDIzIhv6DFFADkGTuNBcp_VfZtQ463?usp=drive_link,,,,,,SKU eksplisit tidak tersedia; kolom Product adalah family/subkategori dan belum membuktikan nama produk/seri; Brand dan Vendor masih bercampur pada kolom Brand/Company,
matcand_list_r0428,LIST_DIRECTORY,List,428,ven_b8b22aedc372,,Venus,,Flooring|Monalisa Tiles,,Monalisa Tiles,,,,,https://drive.google.com/drive/folders/1Z1sDIzIhv6DFFADkGTuNBcp_VfZtQ463?usp=drive_link,,,,,,SKU eksplisit tidak tersedia; kolom Product adalah family/subkategori dan belum membuktikan nama produk/seri; Brand dan Vendor masih bercampur pada kolom Brand/Company,
matcand_list_r0429,LIST_DIRECTORY,List,429,ven_66d9de9a959e,,Venus Tiles Bandung,,Flooring|Tiles,,Tiles,,,,,,,,,,,SKU eksplisit tidak tersedia; kolom Product adalah family/subkategori dan belum membuktikan nama produk/seri; Brand dan Vendor masih bercampur pada kolom Brand/Company,
matcand_list_r0430,LIST_DIRECTORY,List,430,ven_dc9866457415,,Verona Marble,,Finishing|Marble - Granite,,Marble - Granite,,,,,,,,,,,SKU eksplisit tidak tersedia; kolom Product adalah family/subkategori dan belum membuktikan nama produk/seri; Brand dan Vendor masih bercampur pada kolom Brand/Company,
matcand_list_r0431,LIST_DIRECTORY,List,431,ven_8d5cd763d2b8,,Victory Eurofit Systems,,Door & Window|Sliding Folding Fitting - Alluminium Frame Doors,,Sliding Folding Fitting - Alluminium Frame Doors,,,,https://victoryaluminium.com/shop-2/?fbclid=PARlRTSAN1SD9leHRuA2FlbQIxMQABp0dlb9tktIMkwQ83pzh7eVARGgAOTauvwDmcIiOkQnQcRMt32z3TVbNfBMWT_aem_Cpq0iNi42SQGmX6m_t6TvA,,,,,,,SKU eksplisit tidak tersedia; kolom Product adalah family/subkategori dan belum membuktikan nama produk/seri; Brand dan Vendor masih bercampur pada kolom Brand/Company,
matcand_list_r0432,LIST_DIRECTORY,List,432,ven_f97dd9fc613d,,Viostone,,Wall Finishing|HPL,,HPL,,,,,https://drive.google.com/drive/folders/1gDfBnjUpVO-F5UASyCWAY86odSJa9B0n?usp=drive_link,,,,,,SKU eksplisit tidak tersedia; kolom Product adalah family/subkategori dan belum membuktikan nama produk/seri; Brand dan Vendor masih bercampur pada kolom Brand/Company,
matcand_list_r0433,LIST_DIRECTORY,List,433,ven_f97dd9fc613d,,Viostone,,Wall Finishing|Stone Veneer,,Stone Veneer,,,,,,,,,,,SKU eksplisit tidak tersedia; kolom Product adalah family/subkategori dan belum membuktikan nama produk/seri; Brand dan Vendor masih bercampur pada kolom Brand/Company,
matcand_list_r0434,LIST_DIRECTORY,List,434,ven_2e70a05fd6b8,,Vivano Living,,Furniture|Loose Furniture (Armchair|Lounge Chair|Dining Chair|Dining Table|Sofa),,"Loose Furniture (Armchair, Lounge Chair, Dining Chair, Dining Table, Sofa)",,,,,https://drive.google.com/drive/folders/1NtxV_HRW1KtwhNpBNiXMWneMNGru9UH9?usp=drive_link,,,,,,SKU eksplisit tidak tersedia; kolom Product adalah family/subkategori dan belum membuktikan nama produk/seri; Brand dan Vendor masih bercampur pada kolom Brand/Company,
matcand_list_r0435,LIST_DIRECTORY,List,435,ven_8d87c632219e,,Vivere,,Furniture|Home Furniture|Office Furniture,,"Home Furniture, Office Furniture",,,,https://www.viverecollection.com/media/kemana/pdfcatalog/pdf/v/i/vivere_collection_e-catalogue_2025.pdf,,,,,,,SKU eksplisit tidak tersedia; kolom Product adalah family/subkategori dan belum membuktikan nama produk/seri; Brand dan Vendor masih bercampur pada kolom Brand/Company,
matcand_list_r0436,LIST_DIRECTORY,List,436,ven_d348710974cb,,Vivere - Idemu,,Furniture|Custom Furniture|Built In,,"Custom Furniture, Built In",,,,,,,,,,,SKU eksplisit tidak tersedia; kolom Product adalah family/subkategori dan belum membuktikan nama produk/seri; Brand dan Vendor masih bercampur pada kolom Brand/Company,
matcand_list_r0437,LIST_DIRECTORY,List,437,ven_1de5b8114bec,,Viveria Gallery,,Finishing|Marble - Granite - Stones,,Marble - Granite - Stones,,,,,,,,,,,SKU eksplisit tidak tersedia; kolom Product adalah family/subkategori dan belum membuktikan nama produk/seri; Brand dan Vendor masih bercampur pada kolom Brand/Company,
matcand_list_r0438,LIST_DIRECTORY,List,438,ven_9da0e1dc48ff,,VQ Stone,,Stones|Marble - Granite,,Marble - Granite,,,,,,,,,,,SKU eksplisit tidak tersedia; kolom Product adalah family/subkategori dan belum membuktikan nama produk/seri; Brand dan Vendor masih bercampur pada kolom Brand/Company,
matcand_list_r0439,LIST_DIRECTORY,List,439,ven_fb68e275084e,,VR Space,,Flooring|SPC,,SPC,,,,,https://drive.google.com/drive/folders/1qZrCRp3bPTQJS6RGzxiPfyFhN2Xw7Oza?usp=drive_link,,,,,,SKU eksplisit tidak tersedia; kolom Product adalah family/subkategori dan belum membuktikan nama produk/seri; Brand dan Vendor masih bercampur pada kolom Brand/Company,
matcand_list_r0440,LIST_DIRECTORY,List,440,ven_fb68e275084e,,VR Space,,Flooring|Tiles,,Tiles,,,,,https://drive.google.com/drive/folders/1qZrCRp3bPTQJS6RGzxiPfyFhN2Xw7Oza?usp=drive_link,,,,,,SKU eksplisit tidak tersedia; kolom Product adalah family/subkategori dan belum membuktikan nama produk/seri; Brand dan Vendor masih bercampur pada kolom Brand/Company,
matcand_list_r0441,LIST_DIRECTORY,List,441,ven_fb68e275084e,,VR Space,,Lighting|Table lamp,,Table lamp,,,,,https://drive.google.com/drive/folders/1qZrCRp3bPTQJS6RGzxiPfyFhN2Xw7Oza?usp=drive_link,,,,,,SKU eksplisit tidak tersedia; kolom Product adalah family/subkategori dan belum membuktikan nama produk/seri; Brand dan Vendor masih bercampur pada kolom Brand/Company,
matcand_list_r0442,LIST_DIRECTORY,List,442,ven_fb68e275084e,,VR Space,,Lighting|Wall lamp,,Wall lamp,,,,,https://drive.google.com/drive/folders/1qZrCRp3bPTQJS6RGzxiPfyFhN2Xw7Oza?usp=drive_link,,,,,,SKU eksplisit tidak tersedia; kolom Product adalah family/subkategori dan belum membuktikan nama produk/seri; Brand dan Vendor masih bercampur pada kolom Brand/Company,
matcand_list_r0443,LIST_DIRECTORY,List,443,ven_fb68e275084e,,VR Space,,Lighting|Standing lamp,,Standing lamp,,,,,https://drive.google.com/drive/folders/1qZrCRp3bPTQJS6RGzxiPfyFhN2Xw7Oza?usp=drive_link,,,,,,SKU eksplisit tidak tersedia; kolom Product adalah family/subkategori dan belum membuktikan nama produk/seri; Brand dan Vendor masih bercampur pada kolom Brand/Company,
matcand_list_r0444,LIST_DIRECTORY,List,444,ven_fb68e275084e,,VR Space,,Wall Finishing|WPC - Brickglass,,WPC - Brickglass,,,,,https://drive.google.com/drive/folders/1qZrCRp3bPTQJS6RGzxiPfyFhN2Xw7Oza?usp=drive_link,,,,,,SKU eksplisit tidak tersedia; kolom Product adalah family/subkategori dan belum membuktikan nama produk/seri; Brand dan Vendor masih bercampur pada kolom Brand/Company,
matcand_list_r0445,LIST_DIRECTORY,List,445,ven_fb68e275084e,,VR Space,,Wall Finishing|WPC - Bamboo charcoal Wall Panel,,WPC - Bamboo charcoal Wall Panel,,,,,https://drive.google.com/drive/folders/1qZrCRp3bPTQJS6RGzxiPfyFhN2Xw7Oza?usp=drive_link,,,,,,SKU eksplisit tidak tersedia; kolom Product adalah family/subkategori dan belum membuktikan nama produk/seri; Brand dan Vendor masih bercampur pada kolom Brand/Company,
matcand_list_r0446,LIST_DIRECTORY,List,446,ven_fb68e275084e,,VR Space,,Wall Finishing|WPC - Stainless Steel Water Ripple,,WPC - Stainless Steel Water Ripple,,,,,https://drive.google.com/drive/folders/1qZrCRp3bPTQJS6RGzxiPfyFhN2Xw7Oza?usp=drive_link,,,,,,SKU eksplisit tidak tersedia; kolom Product adalah family/subkategori dan belum membuktikan nama produk/seri; Brand dan Vendor masih bercampur pada kolom Brand/Company,
matcand_list_r0447,LIST_DIRECTORY,List,447,ven_fb68e275084e,,VR Space,,Wall Finishing|WPC - Modified Clay,,WPC - Modified Clay,,,,,https://drive.google.com/drive/folders/1qZrCRp3bPTQJS6RGzxiPfyFhN2Xw7Oza?usp=drive_link,,,,,,SKU eksplisit tidak tersedia; kolom Product adalah family/subkategori dan belum membuktikan nama produk/seri; Brand dan Vendor masih bercampur pada kolom Brand/Company,
matcand_list_r0448,LIST_DIRECTORY,List,448,ven_fb68e275084e,,VR Space,,Wall Finishing|WPC - Stone veneer,,WPC - Stone veneer,,,,,https://drive.google.com/drive/folders/1qZrCRp3bPTQJS6RGzxiPfyFhN2Xw7Oza?usp=drive_link,,,,,,SKU eksplisit tidak tersedia; kolom Product adalah family/subkategori dan belum membuktikan nama produk/seri; Brand dan Vendor masih bercampur pada kolom Brand/Company,
matcand_list_r0449,LIST_DIRECTORY,List,449,ven_2c8c051c0bc1,,W Tiles,,Wall Finishing|Wall Panel,,Wall Panel,,,,,,,,,,,SKU eksplisit tidak tersedia; kolom Product adalah family/subkategori dan belum membuktikan nama produk/seri; Brand dan Vendor masih bercampur pada kolom Brand/Company,
matcand_list_r0450,LIST_DIRECTORY,List,450,ven_50c2cb442e1e,,Wallform,,Wall Finishing|WPC - Wall panel 3D PVC,,WPC - Wall panel 3D PVC,,,,,,,,,,,SKU eksplisit tidak tersedia; kolom Product adalah family/subkategori dan belum membuktikan nama produk/seri; Brand dan Vendor masih bercampur pada kolom Brand/Company,
matcand_list_r0451,LIST_DIRECTORY,List,451,ven_97c09253e374,,Walpix,,Facade|Facade - Partition - Ceiling - Fence - Art Metal,,Facade - Partition - Ceiling - Fence - Art Metal,,,,,,,,,,,SKU eksplisit tidak tersedia; kolom Product adalah family/subkategori dan belum membuktikan nama produk/seri; Brand dan Vendor masih bercampur pada kolom Brand/Company,
matcand_list_r0452,LIST_DIRECTORY,List,452,ven_ac80b5088a39,,Wamstone,,Wall Finishing|Marmer,,Marmer,,,,,,,,,,,SKU eksplisit tidak tersedia; kolom Product adalah family/subkategori dan belum membuktikan nama produk/seri; Brand dan Vendor masih bercampur pada kolom Brand/Company,
matcand_list_r0453,LIST_DIRECTORY,List,453,ven_28d83845ff55,,Wellgress Tiles,,Finishing|Granite Tiles,,Granite Tiles,,,,https://tk.tokopedia.com/ZSUyrREvB/,,,,,,,SKU eksplisit tidak tersedia; kolom Product adalah family/subkategori dan belum membuktikan nama produk/seri; Brand dan Vendor masih bercampur pada kolom Brand/Company,
matcand_list_r0454,LIST_DIRECTORY,List,454,ven_b50172b38f4e,,Wika WH,,Installation|Water Heater,,Water Heater,,,,,,,,,,,SKU eksplisit tidak tersedia; kolom Product adalah family/subkategori dan belum membuktikan nama produk/seri; Brand dan Vendor masih bercampur pada kolom Brand/Company,
matcand_list_r0455,LIST_DIRECTORY,List,455,ven_bb19d2f1d3b1,,Winston Ok,,Finishing|HPL - Vinyl - Fitting,,HPL - Vinyl - Fitting,,,,,,,,,,,SKU eksplisit tidak tersedia; kolom Product adalah family/subkategori dan belum membuktikan nama produk/seri; Brand dan Vendor masih bercampur pada kolom Brand/Company,
matcand_list_r0456,LIST_DIRECTORY,List,456,ven_457e3606c579,,Wisanaka,,Furniture|Loose Furniture,,Loose Furniture,,,,https://www.wisanka.com/catalogue-download/?fbclid=PARlRTSANthWhleHRuA2FlbQIxMQABp1Cgrgmm01swYxtVsgD-WWE8rsMBNVp13aLrD7EHPueRmm8eF7Y9xtZXfQX4_aem_2BQjPvayed66WkYUVMZjPw,,,,,,,SKU eksplisit tidak tersedia; kolom Product adalah family/subkategori dan belum membuktikan nama produk/seri; Brand dan Vendor masih bercampur pada kolom Brand/Company,
matcand_list_r0457,LIST_DIRECTORY,List,457,ven_214ea6976c15,,Wood Concept,,Flooring|Wood,,Wood,,,,,,,,,,,SKU eksplisit tidak tersedia; kolom Product adalah family/subkategori dan belum membuktikan nama produk/seri; Brand dan Vendor masih bercampur pada kolom Brand/Company,
matcand_list_r0458,LIST_DIRECTORY,List,458,ven_5a2bb24dc707,,Woodpecker,,Furniture|Loose Furniture,,Loose Furniture,,,,,,,,,,,SKU eksplisit tidak tersedia; kolom Product adalah family/subkategori dan belum membuktikan nama produk/seri; Brand dan Vendor masih bercampur pada kolom Brand/Company,
matcand_list_r0459,LIST_DIRECTORY,List,459,ven_1b2a82a0b881,,WPC Wood Indonesia,,Finishing|WPC,,WPC,,,,,,,,,,,SKU eksplisit tidak tersedia; kolom Product adalah family/subkategori dan belum membuktikan nama produk/seri; Brand dan Vendor masih bercampur pada kolom Brand/Company,
matcand_list_r0460,LIST_DIRECTORY,List,460,ven_46e4ecc8ebf3,,Xingfa,,Door & Window|Aluminium Profiles,,Aluminium Profiles,,,,https://www.xingfaindonesia.com/Product_2895_16/Windows-and-Doors.htm,,,,,,,SKU eksplisit tidak tersedia; kolom Product adalah family/subkategori dan belum membuktikan nama produk/seri; Brand dan Vendor masih bercampur pada kolom Brand/Company,
matcand_list_r0461,LIST_DIRECTORY,List,461,ven_c0018bc50090,,Xpose Indonesia,,Wall Finishing|Concrete,,Concrete,,,,,,,,,,,SKU eksplisit tidak tersedia; kolom Product adalah family/subkategori dan belum membuktikan nama produk/seri; Brand dan Vendor masih bercampur pada kolom Brand/Company,
matcand_list_r0462,LIST_DIRECTORY,List,462,ven_c553a7e10b6e,,YKK AP Indonesia,,Door & Window|Fitting & Accessories,,Fitting & Accessories,,,,https://www.ykkap.co.id/en/catalog/?utm_source=instagram&utm_medium=linktree&utm_campaign=jul24,,,,,,,SKU eksplisit tidak tersedia; kolom Product adalah family/subkategori dan belum membuktikan nama produk/seri; Brand dan Vendor masih bercampur pada kolom Brand/Company,
matcand_list_r0463,LIST_DIRECTORY,List,463,ven_9dceb0fe987e,,Zimmer,,Furniture|Outdoor Furniture,,Outdoor Furniture,,,,,,,,,,,SKU eksplisit tidak tersedia; kolom Product adalah family/subkategori dan belum membuktikan nama produk/seri; Brand dan Vendor masih bercampur pada kolom Brand/Company,
matcand_list_r0464,LIST_DIRECTORY,List,464,ven_5504068fe882,,Vacolux,,Lighting|Architectural lighting,,Architectural lighting,,,,https://vacoluxlighting.id/index.php,,,,,,,SKU eksplisit tidak tersedia; kolom Product adalah family/subkategori dan belum membuktikan nama produk/seri; Brand dan Vendor masih bercampur pada kolom Brand/Company,
matcand_list_r0465,LIST_DIRECTORY,List,465,ven_ce0b4658a20f,,Kingtas,,Lighting|Architectural lighting,,Architectural lighting,,,,,https://drive.google.com/file/d/1eD0JH9qlJHkvFTcSa04IUrf9G5UpW9Wi/view,,,,,,SKU eksplisit tidak tersedia; kolom Product adalah family/subkategori dan belum membuktikan nama produk/seri; Brand dan Vendor masih bercampur pada kolom Brand/Company,
matcand_list_r0466,LIST_DIRECTORY,List,466,ven_eb26d4fa531a,,Morgen,,Lighting|Architectural lighting,,Architectural lighting,,,,https://morgen.co.id/id/#,,,,,,,SKU eksplisit tidak tersedia; kolom Product adalah family/subkategori dan belum membuktikan nama produk/seri; Brand dan Vendor masih bercampur pada kolom Brand/Company,
matcand_list_r0467,LIST_DIRECTORY,List,467,ven_a2258ca102d8,,Latif Living,,Furniture|Loose Furniture (Sofa|Chair|Stool),,"Loose Furniture (Sofa, Chair, Stool)",,,,,,,,,,,SKU eksplisit tidak tersedia; kolom Product adalah family/subkategori dan belum membuktikan nama produk/seri; Brand dan Vendor masih bercampur pada kolom Brand/Company,
matcand_list_r0468,LIST_DIRECTORY,List,468,ven_40426d634a37,,Luminova,,Lighting|Ceiling light - downlight - striplight,,Ceiling light - downlight - striplight,,,,,,,,,,,SKU eksplisit tidak tersedia; kolom Product adalah family/subkategori dan belum membuktikan nama produk/seri; Brand dan Vendor masih bercampur pada kolom Brand/Company,
matcand_list_r0469,LIST_DIRECTORY,List,469,ven_a2b387634fb0,,Adiguna Masonry Indonesia,,Wall Finishing|Marmer,,Marmer,,,,,,,,,,,SKU eksplisit tidak tersedia; kolom Product adalah family/subkategori dan belum membuktikan nama produk/seri; Brand dan Vendor masih bercampur pada kolom Brand/Company,
matcand_list_r0470,LIST_DIRECTORY,List,470,ven_5d3cb548ef3e,,MMgalleri,,Finishing|Marmer,,Marmer,,,,,,,,,,,SKU eksplisit tidak tersedia; kolom Product adalah family/subkategori dan belum membuktikan nama produk/seri; Brand dan Vendor masih bercampur pada kolom Brand/Company,
matcand_list_r0471,LIST_DIRECTORY,List,471,ven_2b058012652d,,Rainbow carpet,,Flooring|Carpet Tiles & Rolles,,Carpet Tiles & Rolles,,,,,,,,,,,SKU eksplisit tidak tersedia; kolom Product adalah family/subkategori dan belum membuktikan nama produk/seri; Brand dan Vendor masih bercampur pada kolom Brand/Company,
matcand_list_r0472,LIST_DIRECTORY,List,472,ven_8f4df4ab2108,,Sandimas,,Finishing|Granite Tiles,,Granite Tiles,,,,,,,,,,,SKU eksplisit tidak tersedia; kolom Product adalah family/subkategori dan belum membuktikan nama produk/seri; Brand dan Vendor masih bercampur pada kolom Brand/Company,
matcand_list_r0473,LIST_DIRECTORY,List,473,ven_043ff27f9d47,,Sanwacompany,,Hardware|Kitchen Hardware,,Kitchen Hardware,,,,,,,,,,,SKU eksplisit tidak tersedia; kolom Product adalah family/subkategori dan belum membuktikan nama produk/seri; Brand dan Vendor masih bercampur pada kolom Brand/Company,
matcand_list_r0474,LIST_DIRECTORY,List,474,ven_ffcb0076fbd6,,Somwher,,Furniture|Loose Furniture - Chairs,,Loose Furniture - Chairs,,,,,,,,,,,SKU eksplisit tidak tersedia; kolom Product adalah family/subkategori dan belum membuktikan nama produk/seri; Brand dan Vendor masih bercampur pada kolom Brand/Company,
matcand_list_r0475,LIST_DIRECTORY,List,475,ven_45d035fcad3f,,Spasium,,Facade|Art Metal,,Art Metal,,,,,,,,,,,SKU eksplisit tidak tersedia; kolom Product adalah family/subkategori dan belum membuktikan nama produk/seri; Brand dan Vendor masih bercampur pada kolom Brand/Company,
matcand_list_r0476,LIST_DIRECTORY,List,476,ven_c1ab493c45f7,,Wisma Sehati,,Finishing|Ceramics - Tiles - Bathroom Accessories - 3D wall panel,,Ceramics - Tiles - Bathroom Accessories - 3D wall panel,,,,,,,,,,,SKU eksplisit tidak tersedia; kolom Product adalah family/subkategori dan belum membuktikan nama produk/seri; Brand dan Vendor masih bercampur pada kolom Brand/Company,
matcand_list_r0477,LIST_DIRECTORY,List,477,ven_f9d6b98f4733,,KKPL Indonesia,,Lighting,,,,,,,,,,,,,SKU eksplisit tidak tersedia; kolom Product adalah family/subkategori dan belum membuktikan nama produk/seri; Brand dan Vendor masih bercampur pada kolom Brand/Company,
matcand_list_r0478,LIST_DIRECTORY,List,478,ven_cc2ecce83f84,,Every collection,,Furniture|Loose Furniture (Sofa|Chair|Table|Cabinet),,"Loose Furniture (Sofa, Chair, Table, Cabinet)",,,,,,,,,,,SKU eksplisit tidak tersedia; kolom Product adalah family/subkategori dan belum membuktikan nama produk/seri; Brand dan Vendor masih bercampur pada kolom Brand/Company,
matcand_list_r0479,LIST_DIRECTORY,List,479,ven_5d557e2a8d36,,Inovasi Adiwarna Raya,,Electronic|Indoor Display,,Indoor Display,,,,,,,,,,,SKU eksplisit tidak tersedia; kolom Product adalah family/subkategori dan belum membuktikan nama produk/seri; Brand dan Vendor masih bercampur pada kolom Brand/Company,
matcand_list_r0480,LIST_DIRECTORY,List,480,ven_6e8d4a745c3f,,Lb.interiorceiling,,Lighting|Barisol,,Barisol,,,,,,,,,,,SKU eksplisit tidak tersedia; kolom Product adalah family/subkategori dan belum membuktikan nama produk/seri; Brand dan Vendor masih bercampur pada kolom Brand/Company,
matcand_list_r0481,LIST_DIRECTORY,List,481,ven_e0f8a1476969,,Selia Project,,Finishing|Custom Rattan,,Custom Rattan,,,,,,,,,,,SKU eksplisit tidak tersedia; kolom Product adalah family/subkategori dan belum membuktikan nama produk/seri; Brand dan Vendor masih bercampur pada kolom Brand/Company,
matcand_list_r0482,LIST_DIRECTORY,List,482,ven_ab48de55bc94,,Luxmenn,,Lighting|Ceiling light - downlight - striplight - Led strip,,Ceiling light - downlight - striplight - Led strip,,,,,,,,,,,SKU eksplisit tidak tersedia; kolom Product adalah family/subkategori dan belum membuktikan nama produk/seri; Brand dan Vendor masih bercampur pada kolom Brand/Company,
matcand_list_r0483,LIST_DIRECTORY,List,483,,,Arwana Ceramics,,Flooring|Ceramics,,Ceramics,,,,,,,,,,,SKU eksplisit tidak tersedia; Vendor belum terkonfirmasi; kolom Product adalah family/subkategori dan belum membuktikan nama produk/seri; Brand dan Vendor masih bercampur pada kolom Brand/Company,
matcand_list_r0484,LIST_DIRECTORY,List,484,,,Roca,,Sanitary|Faucet - Basin - Closset,,Faucet - Basin - Closset,,,,,,,,,,,SKU eksplisit tidak tersedia; Vendor belum terkonfirmasi; kolom Product adalah family/subkategori dan belum membuktikan nama produk/seri; Brand dan Vendor masih bercampur pada kolom Brand/Company,
matcand_sample_9dd44bd12f0f,PHYSICAL_SAMPLE,Sheet1,4,,,Artile,,Tile,,Cosmo,,,spring,,,,,,,,SKU eksplisit tidak tersedia; Vendor tidak match tepat ke direktori List,
matcand_sample_5769414557ec,PHYSICAL_SAMPLE,Sheet1,5,,,Artile,,Tile,,Terrain,,,Montana,,,,,,,,SKU eksplisit tidak tersedia; Vendor tidak match tepat ke direktori List,
matcand_sample_af6dfbad2aed,PHYSICAL_SAMPLE,Sheet1,6,,,Artile,,Tile,,Cosmo,,,Summer,,,,,,,,SKU eksplisit tidak tersedia; Vendor tidak match tepat ke direktori List,
matcand_sample_6ef5d8e04e47,PHYSICAL_SAMPLE,Sheet1,7,,,Artile,,Tile,,Terrain,,,Gravel,,,,,,,,SKU eksplisit tidak tersedia; Vendor tidak match tepat ke direktori List,
matcand_sample_afc733641024,PHYSICAL_SAMPLE,Sheet1,8,,,Artile,,Tile,,Cosmo,,,Winter,,,,,,,,SKU eksplisit tidak tersedia; Vendor tidak match tepat ke direktori List,
matcand_sample_9fc6f03f9c31,PHYSICAL_SAMPLE,Sheet1,9,,,Artile,,Tile,,Cosmo,,,Blossom,,,,,,,,SKU eksplisit tidak tersedia; Vendor tidak match tepat ke direktori List,
matcand_sample_dc7aff87a746,PHYSICAL_SAMPLE,Sheet1,10,,,Artile,,Tile,,Forte,,,Colori,,,,,,,,SKU eksplisit tidak tersedia; Vendor tidak match tepat ke direktori List,
matcand_sample_a68664b2a8ce,PHYSICAL_SAMPLE,Sheet1,11;35,,,Artile,,Tile,,Terrain,,,Brezza,,,,,,,,SKU eksplisit tidak tersedia; Vendor tidak match tepat ke direktori List,
matcand_sample_f9eab28842b2,PHYSICAL_SAMPLE,Sheet1,12,,,Artile,,Tile,,Forte,,,Dusk,,,,,,,,SKU eksplisit tidak tersedia; Vendor tidak match tepat ke direktori List,
matcand_sample_8fa73167aa97,PHYSICAL_SAMPLE,Sheet1,13;32,,,Artile,,Tile,,Sanctuary,,,Sanctum,,,,,,,,SKU eksplisit tidak tersedia; Vendor tidak match tepat ke direktori List,
matcand_sample_5bc101c5c1b2,PHYSICAL_SAMPLE,Sheet1,14;31,,,Artile,,Tile,,Sanctuary,,,Haven,,,,,,,,SKU eksplisit tidak tersedia; Vendor tidak match tepat ke direktori List,
matcand_sample_ebf2bf1aa309,PHYSICAL_SAMPLE,Sheet1,15,,,Artile,,Tile,,Sanctuary,,,Gain,,,,,,,,SKU eksplisit tidak tersedia; Vendor tidak match tepat ke direktori List,
matcand_sample_071c287b7af8,PHYSICAL_SAMPLE,Sheet1,16,,,Artile,,Tile,,Maison,,,White Birch Wood,,,,,,,,SKU eksplisit tidak tersedia; Vendor tidak match tepat ke direktori List,
matcand_sample_21b70202d953,PHYSICAL_SAMPLE,Sheet1,17;29,,,Artile,,Tile,,Sanctuary,,,Space,,,,,,,,SKU eksplisit tidak tersedia; Vendor tidak match tepat ke direktori List,
matcand_sample_8e0078698a21,PHYSICAL_SAMPLE,Sheet1,18,,,Artile,,Tile,,Forte,,,Dawn,,,,,,,,SKU eksplisit tidak tersedia; Vendor tidak match tepat ke direktori List,
matcand_sample_24555ca7eda0,PHYSICAL_SAMPLE,Sheet1,19,,,Artile,,Tile,,Maison,,,Brown Pine wood,,,,,,,,SKU eksplisit tidak tersedia; Vendor tidak match tepat ke direktori List,
matcand_sample_2ac8def619c1,PHYSICAL_SAMPLE,Sheet1,20,,,Artile,,Tile,,Outback,,,Wombat,,,,,,,,SKU eksplisit tidak tersedia; Vendor tidak match tepat ke direktori List,
matcand_sample_c185ecc6be4a,PHYSICAL_SAMPLE,Sheet1,21,,,Artile,,Tile,,Outback,,,Brumby,,,,,,,,SKU eksplisit tidak tersedia; Vendor tidak match tepat ke direktori List,
matcand_sample_39eced7624b4,PHYSICAL_SAMPLE,Sheet1,22,,,Artile,,Tile,,Outback,,,Wallaby,,,,,,,,SKU eksplisit tidak tersedia; Vendor tidak match tepat ke direktori List,
matcand_sample_893c144ef6eb,PHYSICAL_SAMPLE,Sheet1,23,,,Artile,,Tile,,Outback,,,Dingo,,,,,,,,SKU eksplisit tidak tersedia; Vendor tidak match tepat ke direktori List,
matcand_sample_98608077afad,PHYSICAL_SAMPLE,Sheet1,24,,,Salsa,,Tile,,Oasis,,,Pearl white,,,,,,,,SKU eksplisit tidak tersedia; Vendor tidak match tepat ke direktori List,
matcand_sample_a569fbc07927,PHYSICAL_SAMPLE,Sheet1,25,,,Salsa,,Tile,,Crystal,,,Pearl white,,,,,,,,SKU eksplisit tidak tersedia; Vendor tidak match tepat ke direktori List,
matcand_sample_f0cf8f56858a,PHYSICAL_SAMPLE,Sheet1,26,,,Artile,,Tile,,Maison,,,Natural oak wood,,,,,,,,SKU eksplisit tidak tersedia; Vendor tidak match tepat ke direktori List,
matcand_sample_30513410dbd0,PHYSICAL_SAMPLE,Sheet1,27;33,,,Artile,,Tile,,Sanctuary,,,Nebula,,,,,,,,SKU eksplisit tidak tersedia; Vendor tidak match tepat ke direktori List,
matcand_sample_5f4b563018f3,PHYSICAL_SAMPLE,Sheet1,28,,,Artile,,Tile,,Sanctuary,,,Gaia,,,,,,,,SKU eksplisit tidak tersedia; Vendor tidak match tepat ke direktori List,
matcand_sample_ce0a1f13daf2,PHYSICAL_SAMPLE,Sheet1,30,,,Artile,,Tile,,Sanctuary,,,Stella,,,,,,,,SKU eksplisit tidak tersedia; Vendor tidak match tepat ke direktori List,
matcand_sample_b5207ebf0de7,PHYSICAL_SAMPLE,Sheet1,34,,,Artile,,Tile,,Forte,,,Vivo,,,,,,,,SKU eksplisit tidak tersedia; Vendor tidak match tepat ke direktori List,
matcand_sample_299f21d1682c,PHYSICAL_SAMPLE,Sheet1,36,,,Mozza tile,,Tile,,Glossy,,,pink,,,,,,,,SKU eksplisit tidak tersedia; Vendor tidak match tepat ke direktori List,
matcand_sample_568b926d4a53,PHYSICAL_SAMPLE,Sheet1,37,,,Mozza tile,,Tile,,Celine peach,,,,,,,,,,,SKU eksplisit tidak tersedia; Vendor tidak match tepat ke direktori List,
matcand_sample_ecf9a75d9888,PHYSICAL_SAMPLE,Sheet1,38,,,,,Tile,,21S553,,,,,,,,,,,SKU eksplisit tidak tersedia; Vendor tidak match tepat ke direktori List; Brand kosong,
matcand_sample_edab461abf1a,PHYSICAL_SAMPLE,Sheet1,39,,,,,Tile,,18S530,,,,,,,,,,,SKU eksplisit tidak tersedia; Vendor tidak match tepat ke direktori List; Brand kosong,
matcand_sample_03609d31b739,PHYSICAL_SAMPLE,Sheet1,40,ven_b8b22aedc372,,Venus,,Tile,,Takko Sqaure white matte,,,,,,,,,,,SKU eksplisit tidak tersedia,
matcand_sample_b3b9a6c5933b,PHYSICAL_SAMPLE,Sheet1,41,ven_c1ab493c45f7,,Wisma sehati,,Tile,,Cement,,,Grey Matt,,,,,,,,SKU eksplisit tidak tersedia,
matcand_sample_f4ed4e4a585b,PHYSICAL_SAMPLE,Sheet1,42,ven_c1ab493c45f7,,Wisma sehati,,Tile,,Cement,,,dark Grey Matt,,,,,,,,SKU eksplisit tidak tersedia,
matcand_sample_d0b9503f3362,PHYSICAL_SAMPLE,Sheet1,43,ven_c1ab493c45f7,,Wisma sehati,,Tile,,Cement,,,Light grey matt,,,,,,,,SKU eksplisit tidak tersedia,
matcand_sample_0edafe1c6c72,PHYSICAL_SAMPLE,Sheet1,44,ven_c1ab493c45f7,,Wisma sehati,,Tile,,Terazzo,,,White,,,,,,,,SKU eksplisit tidak tersedia,
matcand_sample_be39386890d4,PHYSICAL_SAMPLE,Sheet1,45,ven_c1ab493c45f7,,Wisma sehati,,Tile,,ZH 6497 Gravity,,,Light grey,,,,,,,,SKU eksplisit tidak tersedia,
matcand_sample_a00e62c1d578,PHYSICAL_SAMPLE,Sheet1,46,,,Niro granite,,Tile,,GNL 01 MP,,,,,,,,,,,SKU eksplisit tidak tersedia; Vendor tidak match tepat ke direktori List,
matcand_sample_b6b319bbc851,PHYSICAL_SAMPLE,Sheet1,47,,,Roman granit,,Tile,,GT 602153R,,,Darlington taupe,,,,,,,,SKU eksplisit tidak tersedia; Vendor tidak match tepat ke direktori List,
matcand_sample_35205c819d4d,PHYSICAL_SAMPLE,Sheet1,48,,,Roman,,Tile,,G330504,,,,,,,,,,,SKU eksplisit tidak tersedia; Vendor tidak match tepat ke direktori List,
matcand_sample_ccac96abf6f9,PHYSICAL_SAMPLE,Sheet1,49,ven_c1ab493c45f7,,Wisma sehati,,Tile,,Antique Stone,,,Dark Grey GL Matt,,,,,,,,SKU eksplisit tidak tersedia,
matcand_sample_20c8537bf4d3,PHYSICAL_SAMPLE,Sheet1,50,,,Elegenza,,Tile,,Tovino Grigio,,,,,,,,,,,SKU eksplisit tidak tersedia; Vendor tidak match tepat ke direktori List,
matcand_sample_367c6db15ed2,PHYSICAL_SAMPLE,Sheet1,51,,,Elegenza,,Tile,,Carara Moderne,,,White,,,,,,,,SKU eksplisit tidak tersedia; Vendor tidak match tepat ke direktori List,
matcand_sample_ed40e8a2531a,PHYSICAL_SAMPLE,Sheet1,52,,,Elegenza,,Tile,,Terazo,,,Beige,,,,,,,,SKU eksplisit tidak tersedia; Vendor tidak match tepat ke direktori List,
matcand_sample_8a0639083d23,PHYSICAL_SAMPLE,Sheet1,53,ven_d37f48d80411,,Titanium,,Tile,,Terrazzo Nova,,,White,,,,,,,,SKU eksplisit tidak tersedia,
matcand_sample_35b734a9d7a2,PHYSICAL_SAMPLE,Sheet1,54,ven_d37f48d80411,,Titanium,,Tile,,Terrazzo Milano,,,Grey,,,,,,,,SKU eksplisit tidak tersedia,
matcand_sample_f17d881e4899,PHYSICAL_SAMPLE,Sheet1,55,ven_d37f48d80411,,Titanium,,Tile,,Terrazzo Cement,,,White,,,,,,,,SKU eksplisit tidak tersedia,
matcand_sample_ab9123d07830,PHYSICAL_SAMPLE,Sheet1,56,ven_d37f48d80411,,Titanium,,Tile,,Terrazzo Silkstone,,,White,,,,,,,,SKU eksplisit tidak tersedia,
matcand_sample_564ce13a267f,PHYSICAL_SAMPLE,Sheet1,57,ven_d37f48d80411,,Titanium,,Tile,,Terrazzo Trento,,,Greige,,,,,,,,SKU eksplisit tidak tersedia,
matcand_sample_5620b935a6e1,PHYSICAL_SAMPLE,Sheet1,58,ven_d37f48d80411,,Titanium,,Tile,,Terrazzo Portland,,,Grey,,,,,,,,SKU eksplisit tidak tersedia,
matcand_sample_518d35632a3a,PHYSICAL_SAMPLE,Sheet1,59,ven_d37f48d80411,,Titanium,,Tile,,Terrazzo Pompei,,,White,,,,,,,,SKU eksplisit tidak tersedia,
matcand_sample_3d001f6cee7d,PHYSICAL_SAMPLE,Sheet1,60,ven_b0fbddb4123c,,Infiniti,,Tile,,Terrazzo Venice,,,White Matt,,,,,,,,SKU eksplisit tidak tersedia,
matcand_sample_c86019481ed0,PHYSICAL_SAMPLE,Sheet1,61,ven_b0fbddb4123c,,Infiniti,,Tile,,Terrazzo Venice,,,Brown Matt,,,,,,,,SKU eksplisit tidak tersedia,
matcand_sample_e5f904275baf,PHYSICAL_SAMPLE,Sheet1,62,ven_b0fbddb4123c,,Infiniti,,Tile,,Costa,,,Grey Matt,,,,,,,,SKU eksplisit tidak tersedia,
matcand_sample_87384b6c1282,PHYSICAL_SAMPLE,Sheet1,63,ven_b0fbddb4123c,,Infiniti,,Tile,,Galileo,,,Grey Matt,,,,,,,,SKU eksplisit tidak tersedia,
matcand_sample_e9567c602ad1,PHYSICAL_SAMPLE,Sheet1,64,ven_b0fbddb4123c,,Infiniti,,Tile,,Meteor,,,Grey Matt,,,,,,,,SKU eksplisit tidak tersedia,
matcand_sample_55b88f37cfc2,PHYSICAL_SAMPLE,Sheet1,65,ven_b0fbddb4123c,,Infiniti,,Tile,,Cemento,,,White Matt,,,,,,,,SKU eksplisit tidak tersedia,
matcand_sample_ece6528518e2,PHYSICAL_SAMPLE,Sheet1,66,ven_b0fbddb4123c,,Infiniti,,Tile,,Cemento,,,Grey Matt,,,,,,,,SKU eksplisit tidak tersedia,
matcand_sample_cccfa9fd4305,PHYSICAL_SAMPLE,Sheet1,67,ven_b0fbddb4123c,,Infiniti,,Tile,,Cemento,,,Cream Matt,,,,,,,,SKU eksplisit tidak tersedia,
matcand_sample_815e52fb8b4f,PHYSICAL_SAMPLE,Sheet1,68,ven_b0fbddb4123c,,Infiniti,,Tile,,Terrazzo Venice D.,,,Grey Matt,,,,,,,,SKU eksplisit tidak tersedia,
matcand_sample_c870fb691ef1,PHYSICAL_SAMPLE,Sheet1,69,ven_b0fbddb4123c,,Infiniti,,Tile,,Terrazzo Venice,,,Grey Matt,,,,,,,,SKU eksplisit tidak tersedia,
matcand_sample_6a1e525b3268,PHYSICAL_SAMPLE,Sheet1,70,,,Roman,,Tile,,GT602151R,,,,,,,,,,,SKU eksplisit tidak tersedia; Vendor tidak match tepat ke direktori List,
matcand_sample_2088b7a27f69,PHYSICAL_SAMPLE,Sheet1,71,,,Roman,,Tile,,GT602138R,,,,,,,,,,,SKU eksplisit tidak tersedia; Vendor tidak match tepat ke direktori List,
matcand_sample_7cfa02853bc2,PHYSICAL_SAMPLE,Sheet1,72,,,Roman,,Tile,,G220501 Venere dust,,,,,,,,,,,SKU eksplisit tidak tersedia; Vendor tidak match tepat ke direktori List,
matcand_sample_903719d2ea97,PHYSICAL_SAMPLE,Sheet1,73,,,Roman,,Tile,,GT602153R,,,,,,,,,,,SKU eksplisit tidak tersedia; Vendor tidak match tepat ke direktori List,
matcand_sample_4d57a0a2bba7,PHYSICAL_SAMPLE,Sheet1,74,,,Roman,,Tile,,G224001 Sandstone Bone,,,,,,,,,,,SKU eksplisit tidak tersedia; Vendor tidak match tepat ke direktori List,
matcand_sample_f4596a8800f7,PHYSICAL_SAMPLE,Sheet1,75,,,Roman,,Tile,,GT602154R DMarseille Bone,,,,,,,,,,,SKU eksplisit tidak tersedia; Vendor tidak match tepat ke direktori List,
matcand_sample_2da1ab84b6fa,PHYSICAL_SAMPLE,Sheet1,76,,,Roman,,Tile,,G330800 dLastrico Ash,,,,,,,,,,,SKU eksplisit tidak tersedia; Vendor tidak match tepat ke direktori List,
matcand_sample_b36070b84299,PHYSICAL_SAMPLE,Sheet1,77,,,Roman,,Tile,,GT602600R dTerazzo Bone,,,,,,,,,,,SKU eksplisit tidak tersedia; Vendor tidak match tepat ke direktori List,
matcand_sample_dfb1ecdd3cd7,PHYSICAL_SAMPLE,Sheet1,78,,,Roman,,Tile,,GT602157R dMarseille Coffee,,,,,,,,,,,SKU eksplisit tidak tersedia; Vendor tidak match tepat ke direktori List,
matcand_sample_4e1525a9698e,PHYSICAL_SAMPLE,Sheet1,79,,,Roman,,Tile,,GT602155R dMarseille Beige,,,,,,,,,,,SKU eksplisit tidak tersedia; Vendor tidak match tepat ke direktori List,
matcand_sample_0bf15983f9ff,PHYSICAL_SAMPLE,Sheet1,80,,,Roman,,Tile,,G330801 dLastrico Grey,,,,,,,,,,,SKU eksplisit tidak tersedia; Vendor tidak match tepat ke direktori List,
matcand_sample_61b062036a01,PHYSICAL_SAMPLE,Sheet1,81,,,Roman,,Tile,,GT602156R dMarseille Grey,,,,,,,,,,,SKU eksplisit tidak tersedia; Vendor tidak match tepat ke direktori List,
matcand_sample_d8c16daa4651,PHYSICAL_SAMPLE,Sheet1,82,,,Roman,,Tile,,GT602023R dBali Beige,,,,,,,,,,,SKU eksplisit tidak tersedia; Vendor tidak match tepat ke direktori List,
matcand_sample_35befd45361b,PHYSICAL_SAMPLE,Sheet1,83,,,Roman,,Tile,,GT602602R dTerazzo Charcoal,,,,,,,,,,,SKU eksplisit tidak tersedia; Vendor tidak match tepat ke direktori List,
matcand_sample_88125c9c0a23,PHYSICAL_SAMPLE,Sheet1,84,,,Roman,,Tile,,GT1262003R dConcreto Grigio,,,,,,,,,,,SKU eksplisit tidak tersedia; Vendor tidak match tepat ke direktori List,
matcand_sample_ad30bc96d342,PHYSICAL_SAMPLE,Sheet1,85,,,Roman,,Tile,,GT912237R,,,Mahony pine,,,,,,,,SKU eksplisit tidak tersedia; Vendor tidak match tepat ke direktori List,
matcand_sample_ba1ed6242f2a,PHYSICAL_SAMPLE,Sheet1,86,,,Roman,,Tile,,GT912238R,,,Mahony rosato,,,,,,,,SKU eksplisit tidak tersedia; Vendor tidak match tepat ke direktori List,
matcand_sample_578b2ad0b4e5,PHYSICAL_SAMPLE,Sheet1,87,,,Niro,,Tile,,GCA05,,,,,,,,,,,SKU eksplisit tidak tersedia; Vendor tidak match tepat ke direktori List,
matcand_sample_a9c06cf70c97,PHYSICAL_SAMPLE,Sheet1,88,ven_b8b22aedc372,,Venus,,Tile,,Marble Sand ivory,,,,,,,,,,,SKU eksplisit tidak tersedia,
matcand_sample_8620fda529d6,PHYSICAL_SAMPLE,Sheet1,89,ven_68902a22673b,,DPhaus,,Tile,,Beton Grigio,,,,,,,,,,,SKU eksplisit tidak tersedia,
matcand_sample_0ccf77178f52,PHYSICAL_SAMPLE,Sheet1,90,ven_68902a22673b,,DPhaus,,Tile,,Florence,,,,,,,,,,,SKU eksplisit tidak tersedia,
matcand_sample_feeaf9acf92d,PHYSICAL_SAMPLE,Sheet1,91,ven_68902a22673b,,DPhaus,,Tile,,Engineering Stone W,,,,,,,,,,,SKU eksplisit tidak tersedia,
matcand_sample_f228e8db8147,PHYSICAL_SAMPLE,Sheet1,92,ven_68902a22673b,,DPhaus,,Tile,,Terrazzo Nero,,,,,,,,,,,SKU eksplisit tidak tersedia,
matcand_sample_ebfe5c06c537,PHYSICAL_SAMPLE,Sheet1,93,ven_b8b22aedc372,,Venus,,Tile,,FS0013mc,,,,,,,,,,,SKU eksplisit tidak tersedia,
matcand_sample_d47061ed3da4,PHYSICAL_SAMPLE,Sheet1,94,ven_b8b22aedc372,,Venus,,Tile,,WSSZ009M,,,,,,,,,,,SKU eksplisit tidak tersedia,
matcand_sample_b82c076861ca,PHYSICAL_SAMPLE,Sheet1,95,ven_b8b22aedc372,,Venus,,Tile,,YS60303,,,,,,,,,,,SKU eksplisit tidak tersedia,
matcand_sample_1e3e6283983c,PHYSICAL_SAMPLE,Sheet1,96,ven_b8b22aedc372,,Venus,,Tile,,YS60231,,,,,,,,,,,SKU eksplisit tidak tersedia,
matcand_sample_5139ef8661b4,PHYSICAL_SAMPLE,Sheet1,97,ven_b8b22aedc372,,Venus,,Tile,,YS60232,,,,,,,,,,,SKU eksplisit tidak tersedia,
matcand_sample_1ccb137f99ec,PHYSICAL_SAMPLE,Sheet1,98,ven_b8b22aedc372,,Venus,,Tile,,ICC upstone cloud,,,,,,,,,,,SKU eksplisit tidak tersedia,
matcand_sample_267d6c817724,PHYSICAL_SAMPLE,Sheet1,99;160,ven_68902a22673b,,Dphaus,,Tile,,Terrazo blue chip,,,,,,,,,,,SKU eksplisit tidak tersedia,
matcand_sample_573d887dd20e,PHYSICAL_SAMPLE,Sheet1,100,,,Niro Granite,,Tile,,GTG06 Arini,,,,,,,,,,,SKU eksplisit tidak tersedia; Vendor tidak match tepat ke direktori List,
matcand_sample_483eb52beec1,PHYSICAL_SAMPLE,Sheet1,101,ven_c1ab493c45f7,,Wisma sehati,,Tile,,HY-HG60069,,,,,,,,,,,SKU eksplisit tidak tersedia,
matcand_sample_d953234b32b7,PHYSICAL_SAMPLE,Sheet1,102,ven_c1ab493c45f7,,Wisma sehati,,Tile,,HY-HG60064,,,,,,,,,,,SKU eksplisit tidak tersedia,
matcand_sample_6d5e59f31c64,PHYSICAL_SAMPLE,Sheet1,103,ven_c1ab493c45f7,,Wisma sehati,,Tile,,Elora sand stone,,,beige,,,,,,,,SKU eksplisit tidak tersedia,
matcand_sample_95bfc784b41c,PHYSICAL_SAMPLE,Sheet1,104,ven_c1ab493c45f7,,Wisma sehati,,Tile,,Elora RC36802 cement,,,grey,,,,,,,,SKU eksplisit tidak tersedia,
matcand_sample_569d464a6bf5,PHYSICAL_SAMPLE,Sheet1,105,ven_c1ab493c45f7,,Wisma sehati,,Tile,,Elora K32303 terazo,,,White,,,,,,,,SKU eksplisit tidak tersedia,
matcand_sample_2d0c48b004f2,PHYSICAL_SAMPLE,Sheet1,106,ven_c1ab493c45f7,,Wisma sehati,,Tile,,Elora RC36803 cement,,,Dark grey,,,,,,,,SKU eksplisit tidak tersedia,
matcand_sample_bea37c6311ab,PHYSICAL_SAMPLE,Sheet1,107,ven_c1ab493c45f7,,Wisma sehati,,Tile,,Allia Antique Stone,,,Light Grey,,,,,,,,SKU eksplisit tidak tersedia,
matcand_sample_13ad88fe874e,PHYSICAL_SAMPLE,Sheet1,108,ven_c1ab493c45f7,,Wisma sehati,,Tile,,Allia mz120lismore,,,Light grey,,,,,,,,SKU eksplisit tidak tersedia,
matcand_sample_b02a8affc249,PHYSICAL_SAMPLE,Sheet1,109,ven_c1ab493c45f7,,Wisma sehati,,Tile,,Elora Sand stone,,,Black,,,,,,,,SKU eksplisit tidak tersedia,
matcand_sample_1f6c58155165,PHYSICAL_SAMPLE,Sheet1,110,ven_c1ab493c45f7,,Wisma sehati,,Tile,,Elora sand stone,,,Grey,,,,,,,,SKU eksplisit tidak tersedia,
matcand_sample_895eab7b7125,PHYSICAL_SAMPLE,Sheet1,111,ven_c1ab493c45f7,,Wisma sehati,,Tile,,Rocky,,,Beige,,,,,,,,SKU eksplisit tidak tersedia,
matcand_sample_d3e182587958,PHYSICAL_SAMPLE,Sheet1,112;119,ven_c1ab493c45f7,,Wisma sehati,,Tile,,Galaxy,,,Dark grey,,,,,,,,SKU eksplisit tidak tersedia,
matcand_sample_14e65da7d131,PHYSICAL_SAMPLE,Sheet1,113,ven_c1ab493c45f7,,Wisma sehati,,Tile,,lava,,,Grey matt,,,,,,,,SKU eksplisit tidak tersedia,
matcand_sample_f4050b8e5f30,PHYSICAL_SAMPLE,Sheet1,114,ven_c1ab493c45f7,,Wisma sehati,,Tile,,Turkish sand stone,,,Dark grey,,,,,,,,SKU eksplisit tidak tersedia,
matcand_sample_e56e8ddd88a1,PHYSICAL_SAMPLE,Sheet1,115,ven_c1ab493c45f7,,Wisma sehati,,Tile,,Burlington,,,Black matt,,,,,,,,SKU eksplisit tidak tersedia,
matcand_sample_99fd9063fa87,PHYSICAL_SAMPLE,Sheet1,116,ven_c1ab493c45f7,,Wisma sehati,,Tile,,Elora RC 36862,,,,,,,,,,,SKU eksplisit tidak tersedia,
matcand_sample_699e8c98b137,PHYSICAL_SAMPLE,Sheet1,117,ven_c1ab493c45f7,,Wisma sehati,,Tile,,Kiel,,,Beige,,,,,,,,SKU eksplisit tidak tersedia,
matcand_sample_c296840fd616,PHYSICAL_SAMPLE,Sheet1,118,ven_c1ab493c45f7,,Wisma sehati,,Tile,,Soho Ash 6003,,,,,,,,,,,SKU eksplisit tidak tersedia,
matcand_sample_be3d01054e9f,PHYSICAL_SAMPLE,Sheet1,120,ven_c1ab493c45f7,,Wisma sehati,,Tile,,Allia MCP zh6497 Gravity,,,Light grey,,,,,,,,SKU eksplisit tidak tersedia,
matcand_sample_5278df6cf65a,PHYSICAL_SAMPLE,Sheet1,121,ven_c1ab493c45f7,,Wisma sehati,,Tile,,Opus almond,,,,,,,,,,,SKU eksplisit tidak tersedia,
matcand_sample_619ac43034fc,PHYSICAL_SAMPLE,Sheet1,122,ven_c1ab493c45f7,,Wisma sehati,,Tile,,Elora K32303A terazo,,,Grey,,,,,,,,SKU eksplisit tidak tersedia,
matcand_sample_f27f8450bccc,PHYSICAL_SAMPLE,Sheet1,123;126,ven_c1ab493c45f7,,Wisma sehati,,Tile,,Elora gravel stone,,,Beige,,,,,,,,SKU eksplisit tidak tersedia,
matcand_sample_6635fbc4fe2e,PHYSICAL_SAMPLE,Sheet1,124,ven_c1ab493c45f7,,Wisma sehati,,Tile,,Opus ash GJWOTASN01P,,,,,,,,,,,SKU eksplisit tidak tersedia,
matcand_sample_8e6aa3dfa108,PHYSICAL_SAMPLE,Sheet1,125,ven_c1ab493c45f7,,Wisma sehati,,Tile,,Allia Q9906D,,,,,,,,,,,SKU eksplisit tidak tersedia,
matcand_sample_654031829cc1,PHYSICAL_SAMPLE,Sheet1,127,ven_c1ab493c45f7,,Wisma sehati,,Tile,,Opus Under,,,,,,,,,,,SKU eksplisit tidak tersedia,
matcand_sample_45b5ec720074,PHYSICAL_SAMPLE,Sheet1,128,ven_c1ab493c45f7,,Wisma sehati,,Tile,,Elora stone light grey,,,,,,,,,,,SKU eksplisit tidak tersedia,
matcand_sample_aefd147cc734,PHYSICAL_SAMPLE,Sheet1,129,ven_c1ab493c45f7,,Wisma sehati,,Tile,,Rocky,,,Cream,,,,,,,,SKU eksplisit tidak tersedia,
matcand_sample_5f14c1ef6f98,PHYSICAL_SAMPLE,Sheet1,130,ven_c1ab493c45f7,,Wisma sehati,,Tile,,Elora Gravel stone,,,Dark brown,,,,,,,,SKU eksplisit tidak tersedia,
matcand_sample_8c14cf3b3adb,PHYSICAL_SAMPLE,Sheet1,131,ven_c1ab493c45f7,,Wisma sehati,,Tile,,Elora Stone Age,,,Beige,,,,,,,,SKU eksplisit tidak tersedia,
matcand_sample_db6b6749ca14,PHYSICAL_SAMPLE,Sheet1,132,ven_c1ab493c45f7,,Wisma sehati,,Tile,,Galaxy brown rough,,,,,,,,,,,SKU eksplisit tidak tersedia,
matcand_sample_a39c9db624dc,PHYSICAL_SAMPLE,Sheet1,133,ven_c1ab493c45f7,,Wisma sehati,,Tile,,Impac ivory,,,,,,,,,,,SKU eksplisit tidak tersedia,
matcand_sample_1b52b57f2e2b,PHYSICAL_SAMPLE,Sheet1,134,ven_c1ab493c45f7,,Wisma sehati,,Tile,,lava,,,White matt,,,,,,,,SKU eksplisit tidak tersedia,
matcand_sample_f720d1b630f6,PHYSICAL_SAMPLE,Sheet1,135,ven_c1ab493c45f7,,Wisma sehati,,Tile,,Ice stone brown gizmatt 2.0,,,,,,,,,,,SKU eksplisit tidak tersedia,
matcand_sample_73dcfad2668f,PHYSICAL_SAMPLE,Sheet1,136,,,Niro,,Tile,,GHR 03,,,,,,,,,,,SKU eksplisit tidak tersedia; Vendor tidak match tepat ke direktori List,
matcand_sample_c336b8001428,PHYSICAL_SAMPLE,Sheet1,137,ven_c1ab493c45f7,,Wisma sehati,,Tile,,Allia Q9908D Antique stone,,,Dark grey,,,,,,,,SKU eksplisit tidak tersedia,
matcand_sample_94bb424ccd6e,PHYSICAL_SAMPLE,Sheet1,138,,,Niro,,Tile,,GIP 03,,,,,,,,,,,SKU eksplisit tidak tersedia; Vendor tidak match tepat ke direktori List,
matcand_sample_c657f42c2d75,PHYSICAL_SAMPLE,Sheet1,139,,,Niro,,Tile,,GCA 01 MP,,,,,,,,,,,SKU eksplisit tidak tersedia; Vendor tidak match tepat ke direktori List,
matcand_sample_6101d5bf0a16,PHYSICAL_SAMPLE,Sheet1,140,,,Niro,,Tile,,GHR 05,,,,,,,,,,,SKU eksplisit tidak tersedia; Vendor tidak match tepat ke direktori List,
matcand_sample_a1c8d0f11998,PHYSICAL_SAMPLE,Sheet1,141,,,Niro,,Tile,,GNX 04,,,,,,,,,,,SKU eksplisit tidak tersedia; Vendor tidak match tepat ke direktori List,
matcand_sample_99c9bb8ecb8b,PHYSICAL_SAMPLE,Sheet1,142,,,Niro,,Tile,,GTZ 01,,,,,,,,,,,SKU eksplisit tidak tersedia; Vendor tidak match tepat ke direktori List,
matcand_sample_abfa73dcfa04,PHYSICAL_SAMPLE,Sheet1,143,,,Niro,,Tile,,GTE 05 MP,,,,,,,,,,,SKU eksplisit tidak tersedia; Vendor tidak match tepat ke direktori List,
matcand_sample_0a7e6d683d0a,PHYSICAL_SAMPLE,Sheet1,144,,,Niro,,Tile,,GPB 05,,,,,,,,,,,SKU eksplisit tidak tersedia; Vendor tidak match tepat ke direktori List,
matcand_sample_d65f9977f5d5,PHYSICAL_SAMPLE,Sheet1,145,,,Niro,,Tile,,Clay art GCA04,,,Matt,,,,,,,,SKU eksplisit tidak tersedia; Vendor tidak match tepat ke direktori List,
matcand_sample_3a339e0f3d7b,PHYSICAL_SAMPLE,Sheet1,146,,,Niro,,Tile,,Plar black GPB03 moon rock,,,Matt,,,,,,,,SKU eksplisit tidak tersedia; Vendor tidak match tepat ke direktori List,
matcand_sample_0513101196f6,PHYSICAL_SAMPLE,Sheet1,147,,,Niro,,Tile,,Urbane GUR05 Berlin,,,,,,,,,,,SKU eksplisit tidak tersedia; Vendor tidak match tepat ke direktori List,
matcand_sample_6cf4708aa5c9,PHYSICAL_SAMPLE,Sheet1,148,ven_1ff42278ed14,,Granito,,Tile,,Stardust vesta,,,,,,,,,,,SKU eksplisit tidak tersedia,
matcand_sample_9d82f26df7c8,PHYSICAL_SAMPLE,Sheet1,149,ven_1ff42278ed14,,Granito,,Tile,,Stardust universe,,,,,,,,,,,SKU eksplisit tidak tersedia,
matcand_sample_92392d5ecc29,PHYSICAL_SAMPLE,Sheet1,150,ven_1ff42278ed14,,Granito,,Tile,,Stardust minerva,,,,,,,,,,,SKU eksplisit tidak tersedia,
matcand_sample_7fcde0a4f318,PHYSICAL_SAMPLE,Sheet1,151,ven_1ff42278ed14,,Granito,,Tile,,Stardust moonlight,,,,,,,,,,,SKU eksplisit tidak tersedia,
matcand_sample_e25b80020233,PHYSICAL_SAMPLE,Sheet1,152,ven_1ff42278ed14,,Granito,,Tile,,Stardust Pallas,,,,,,,,,,,SKU eksplisit tidak tersedia,
matcand_sample_af4cd4d8f70c,PHYSICAL_SAMPLE,Sheet1,153,ven_1ff42278ed14,,Granito,,Tile,,Stardust Eris,,,,,,,,,,,SKU eksplisit tidak tersedia,
matcand_sample_c9c265e9f07f,PHYSICAL_SAMPLE,Sheet1,154,ven_1ff42278ed14,,Granito,,Tile,,Stardust Lyra,,,,,,,,,,,SKU eksplisit tidak tersedia,
matcand_sample_fe2f8b8c850e,PHYSICAL_SAMPLE,Sheet1,155;178,,,Niro,,Tile,,GNL 01 mp,,,,,,,,,,,SKU eksplisit tidak tersedia; Vendor tidak match tepat ke direktori List,
matcand_sample_63c234534fef,PHYSICAL_SAMPLE,Sheet1,156,,,Guocera,,Tile,,Sugi grey wood,,,,,,,,,,,SKU eksplisit tidak tersedia; Vendor tidak match tepat ke direktori List,
matcand_sample_74b57a28fc24,PHYSICAL_SAMPLE,Sheet1,157,,,Roman,,Tile,,GT612210R,,,Dalder maple,,,,,,,,SKU eksplisit tidak tersedia; Vendor tidak match tepat ke direktori List,
matcand_sample_21c30a195126,PHYSICAL_SAMPLE,Sheet1,158,,,Roman,,Tile,,Douglas wood,,,,,,,,,,,SKU eksplisit tidak tersedia; Vendor tidak match tepat ke direktori List,
matcand_sample_c7e9e6fc9e43,PHYSICAL_SAMPLE,Sheet1,159,,,Roman,,Tile,,GT912201R,,,Beige,,,,,,,,SKU eksplisit tidak tersedia; Vendor tidak match tepat ke direktori List,
matcand_sample_3efc4409cb82,PHYSICAL_SAMPLE,Sheet1,161,,,Roman,,Tile,,Magnum terrazo,,,White,,,,,,,,SKU eksplisit tidak tersedia; Vendor tidak match tepat ke direktori List,
matcand_sample_8a1c86906df9,PHYSICAL_SAMPLE,Sheet1,162,ven_68902a22673b,,DPhaus,,Tile,,Terrazo palermo,,,,,,,,,,,SKU eksplisit tidak tersedia,
matcand_sample_0dec5032e311,PHYSICAL_SAMPLE,Sheet1,163,ven_68902a22673b,,DPhaus,,Tile,,Trrazo pantone,,,,,,,,,,,SKU eksplisit tidak tersedia,
matcand_sample_bcef1bfdb505,PHYSICAL_SAMPLE,Sheet1,164,,,Roman,,Tile,,GT1225502R,,,,,,,,,,,SKU eksplisit tidak tersedia; Vendor tidak match tepat ke direktori List,
matcand_sample_4d6c45cd3c63,PHYSICAL_SAMPLE,Sheet1,165,ven_68902a22673b,,DPhaus,,Tile,,Teak Chik latte,,,Brown,,,,,,,,SKU eksplisit tidak tersedia,
matcand_sample_f75119e14bdf,PHYSICAL_SAMPLE,Sheet1,166,ven_68902a22673b,,DPhaus,,Tile,,Makore grey wood series,,,Grey,,,,,,,,SKU eksplisit tidak tersedia,
matcand_sample_fe1a38e3b4b4,PHYSICAL_SAMPLE,Sheet1,167,ven_68902a22673b,,DPhaus,,Tile,,Makore coffee,,,grey,,,,,,,,SKU eksplisit tidak tersedia,
matcand_sample_d194176b4151,PHYSICAL_SAMPLE,Sheet1,168,ven_68902a22673b,,DPhaus,,Tile,,Makore coffee,,,,,,,,,,,SKU eksplisit tidak tersedia,
matcand_sample_e84e404edf99,PHYSICAL_SAMPLE,Sheet1,169,ven_68902a22673b,,DPhaus,,Tile,,Makore grey wood series,,,,,,,,,,,SKU eksplisit tidak tersedia,
matcand_sample_06b37cdf1d24,PHYSICAL_SAMPLE,Sheet1,170,,,Roman,,Tile,,GT1225501R,,,,,,,,,,,SKU eksplisit tidak tersedia; Vendor tidak match tepat ke direktori List,
matcand_sample_efed4ef7d31a,PHYSICAL_SAMPLE,Sheet1,171,,,Quadra,,Tile,,Dolomiti Bianco,,,,,,,,,,,SKU eksplisit tidak tersedia; Vendor tidak match tepat ke direktori List,
matcand_sample_5fa355d20c18,PHYSICAL_SAMPLE,Sheet1,172,,,Quadra,,Tile,,Statuario Marmi,,,,,,,,,,,SKU eksplisit tidak tersedia; Vendor tidak match tepat ke direktori List,
matcand_sample_1d4ff15d5444,PHYSICAL_SAMPLE,Sheet1,173,,,Niro,,Tile,,GGE 02 DC,,,,,,,,,,,SKU eksplisit tidak tersedia; Vendor tidak match tepat ke direktori List,
matcand_sample_9e18c57a368e,PHYSICAL_SAMPLE,Sheet1,174,,,Niro,,Tile,,GNT 02 matt,,,,,,,,,,,SKU eksplisit tidak tersedia; Vendor tidak match tepat ke direktori List,
matcand_sample_67e6739bbc80,PHYSICAL_SAMPLE,Sheet1,175,ven_d37f48d80411,,Titanium,,Tile,,Terrazo pompei,,,Grey,,,,,,,,SKU eksplisit tidak tersedia,
matcand_sample_f5a43b8c8cd0,PHYSICAL_SAMPLE,Sheet1,176,,,Elegenza,,Tile,,Nantucket,,,ash white,,,,,,,,SKU eksplisit tidak tersedia; Vendor tidak match tepat ke direktori List,
matcand_sample_a3c67951e17e,PHYSICAL_SAMPLE,Sheet1,177,,,Niro,,Tile,,GCU 03 mp,,,Ash grey,,,,,,,,SKU eksplisit tidak tersedia; Vendor tidak match tepat ke direktori List,
matcand_sample_f4572bf26212,PHYSICAL_SAMPLE,Sheet1,179,,,Niro,,Tile,,Granulo GNL 01 Matt,,,,,,,,,,,SKU eksplisit tidak tersedia; Vendor tidak match tepat ke direktori List,
matcand_sample_a87c120de508,PHYSICAL_SAMPLE,Sheet1,180,,,Niro,,Tile,,Granulo GNL 03,,,Bege,,,,,,,,SKU eksplisit tidak tersedia; Vendor tidak match tepat ke direktori List,
matcand_sample_b34e97f697c3,PHYSICAL_SAMPLE,Sheet1,181,,,Roman,,Tile,,GT602136R,,,Dayton beige,,,,,,,,SKU eksplisit tidak tersedia; Vendor tidak match tepat ke direktori List,
matcand_sample_7bcac91222b3,PHYSICAL_SAMPLE,Sheet1,182,,,Elegenza,,Tile,,Nantucket,,,pine,,,,,,,,SKU eksplisit tidak tersedia; Vendor tidak match tepat ke direktori List,
matcand_sample_03c5fd51d5fe,PHYSICAL_SAMPLE,Sheet1,183,ven_68902a22673b,,DPhaus,,Tile,,Terrazo pantone,,,Lapato,,,,,,,,SKU eksplisit tidak tersedia,
matcand_sample_b353c230dae7,PHYSICAL_SAMPLE,Sheet1,184,ven_c1ab493c45f7,,Wisma sehati,,Tile,,Opus terrazone almond,,,,,,,,,,,SKU eksplisit tidak tersedia,
matcand_sample_c9d03feaa232,PHYSICAL_SAMPLE,Sheet1,185,,,Roman,,Tile,,GT915522R,,,Brown,,,,,,,,SKU eksplisit tidak tersedia; Vendor tidak match tepat ke direktori List,
matcand_sample_11f2313a2f33,PHYSICAL_SAMPLE,Sheet1,186,ven_b8b22aedc372,,Venus,,Tile,,Takko pink ballerina wave glossy,,,Pink,,,,,,,,SKU eksplisit tidak tersedia,
matcand_sample_29b764bf428a,PHYSICAL_SAMPLE,Sheet1,187,ven_b8b22aedc372,,Venus,,Tile,,Takko fancy pistachio wave glossy,,,,,,,,,,,SKU eksplisit tidak tersedia,
matcand_sample_2b19996cdb72,PHYSICAL_SAMPLE,Sheet1,188,ven_b8b22aedc372,,Venus,,Tile,,Takko haze red scarlet glossy,,,,,,,,,,,SKU eksplisit tidak tersedia,
matcand_sample_80bc893c9cd0,PHYSICAL_SAMPLE,Sheet1,189,ven_b8b22aedc372,,Venus,,Tile,,Mosaico terracotta,,,Red,,,,,,,,SKU eksplisit tidak tersedia,
matcand_sample_d55e83b7332e,PHYSICAL_SAMPLE,Sheet1,190,ven_b8b22aedc372,,Venus,,Tile,,Mosaico,,,Green,,,,,,,,SKU eksplisit tidak tersedia,
matcand_sample_257c69436f2e,PHYSICAL_SAMPLE,Sheet1,191,,,,,Sample cat,,Dulux 21BG45/002,,,Alloy Touch,,,,,,,,SKU eksplisit tidak tersedia; Vendor tidak match tepat ke direktori List; Brand kosong,
matcand_sample_b9064b91fe47,PHYSICAL_SAMPLE,Sheet1,192,,,,,Sample cat,,Dulux 50YR75/111,,,Pink Chamagne,,,,,,,,SKU eksplisit tidak tersedia; Vendor tidak match tepat ke direktori List; Brand kosong,
matcand_sample_13e1ce6bff22,PHYSICAL_SAMPLE,Sheet1,193,,,,,Sample cat,,Dulux 51YR83/054,,,French Manicure,,,,,,,,SKU eksplisit tidak tersedia; Vendor tidak match tepat ke direktori List; Brand kosong,
matcand_sample_e0acb0a00d7f,PHYSICAL_SAMPLE,Sheet1,194,,,,,Sample cat,,Dulux 20YY38/225,,,Sable Sands,,,,,,,,SKU eksplisit tidak tersedia; Vendor tidak match tepat ke direktori List; Brand kosong,
matcand_sample_caabd9505aa2,PHYSICAL_SAMPLE,Sheet1,195,,,,,Sample cat,,Black Satin,,,Black Satin,,,,,,,,SKU eksplisit tidak tersedia; Vendor tidak match tepat ke direktori List; Brand kosong,
matcand_sample_35b4b7609e1e,PHYSICAL_SAMPLE,Sheet1,196,,,,,Sample cat,,Dulux 22YR18/488,,,Routelle Red,,,,,,,,SKU eksplisit tidak tersedia; Vendor tidak match tepat ke direktori List; Brand kosong,
matcand_sample_bd35682af717,PHYSICAL_SAMPLE,Sheet1,197,,,,,Sample cat,,,,,Dark Grey,,,,,,,,SKU eksplisit tidak tersedia; Vendor tidak match tepat ke direktori List; Brand kosong; Tipe/seri produk kosong,
matcand_sample_6b85260c49f4,PHYSICAL_SAMPLE,Sheet1,198,ven_b0fbddb4123c,,Infiniti,,Tile,,Concrete stone,,,White,,,,,,,,SKU eksplisit tidak tersedia,
matcand_sample_04da2d57e866,PHYSICAL_SAMPLE,Sheet1,199;215,ven_b0fbddb4123c,,Infiniti,,Tile,,Cemento,,,Dark grey,,,,,,,,SKU eksplisit tidak tersedia,
matcand_sample_7d0e7eba9efa,PHYSICAL_SAMPLE,Sheet1,200,ven_b0fbddb4123c,,Infiniti,,Tile,,Xenith,,,Cream,,,,,,,,SKU eksplisit tidak tersedia,
matcand_sample_1e05e9146cad,PHYSICAL_SAMPLE,Sheet1,201,ven_b0fbddb4123c,,Infiniti,,Tile,,Pietro,,,Brown,,,,,,,,SKU eksplisit tidak tersedia,
matcand_sample_64c7aaa0e3b4,PHYSICAL_SAMPLE,Sheet1,202;219,ven_b0fbddb4123c,,Infiniti,,Tile,,Reggio,,,Grey,,,,,,,,SKU eksplisit tidak tersedia,
matcand_sample_2681b40bb45d,PHYSICAL_SAMPLE,Sheet1,203;208,ven_b0fbddb4123c,,Infiniti,,Tile,,Terrazzo venice,,,Grey,,,,,,,,SKU eksplisit tidak tersedia,
matcand_sample_1b5e191c74d0,PHYSICAL_SAMPLE,Sheet1,204,ven_b0fbddb4123c,,Infiniti,,Tile,,Stone,,,White,,,,,,,,SKU eksplisit tidak tersedia,
matcand_sample_d1a6d3062d62,PHYSICAL_SAMPLE,Sheet1,205,ven_b0fbddb4123c,,Infiniti,,Tile,,Xenit,,,White,,,,,,,,SKU eksplisit tidak tersedia,
matcand_sample_26caed4d1550,PHYSICAL_SAMPLE,Sheet1,206;213,ven_b0fbddb4123c,,Infiniti,,Tile,,Campora,,,Grey,,,,,,,,SKU eksplisit tidak tersedia,
matcand_sample_97875548e6d7,PHYSICAL_SAMPLE,Sheet1,207,ven_b0fbddb4123c,,Infiniti,,Tile,,Botricello,,,Grey,,,,,,,,SKU eksplisit tidak tersedia,
matcand_sample_4ec8db0e0cb2,PHYSICAL_SAMPLE,Sheet1,209,ven_b0fbddb4123c,,Infiniti,,Tile,,Terrazzo Terra,,,White,,,,,,,,SKU eksplisit tidak tersedia,
matcand_sample_e3e8396c627e,PHYSICAL_SAMPLE,Sheet1,210,ven_b0fbddb4123c,,Infiniti,,Tile,,Terrazzo,,,Grey,,,,,,,,SKU eksplisit tidak tersedia,
matcand_sample_0a2a5647468b,PHYSICAL_SAMPLE,Sheet1,211,ven_b0fbddb4123c,,Infiniti,,Tile,,Cemento,,,Black,,,,,,,,SKU eksplisit tidak tersedia,
matcand_sample_c1d672528c77,PHYSICAL_SAMPLE,Sheet1,212,ven_b0fbddb4123c,,Infiniti,,Tile,,Casoria,,,Black,,,,,,,,SKU eksplisit tidak tersedia,
matcand_sample_081c2307455a,PHYSICAL_SAMPLE,Sheet1,214,ven_b0fbddb4123c,,Infiniti,,Tile,,Stone,,,Grey,,,,,,,,SKU eksplisit tidak tersedia,
matcand_sample_fcdc5b619702,PHYSICAL_SAMPLE,Sheet1,216,ven_b0fbddb4123c,,Infiniti,,Tile,,Benevento,,,Grey,,,,,,,,SKU eksplisit tidak tersedia,
matcand_sample_938c7bd465e6,PHYSICAL_SAMPLE,Sheet1,217,ven_b0fbddb4123c,,Infiniti,,Tile,,Rotterdam,,,Cream,,,,,,,,SKU eksplisit tidak tersedia,
matcand_sample_bed9000db938,PHYSICAL_SAMPLE,Sheet1,218,ven_b0fbddb4123c,,Infiniti,,Tile,,Terrazzo venice,,,White,,,,,,,,SKU eksplisit tidak tersedia,
matcand_sample_cbc981a7d3cc,PHYSICAL_SAMPLE,Sheet1,220,ven_b0fbddb4123c,,Infiniti,,Tile,,Cemento,,,Grey,,,,,,,,SKU eksplisit tidak tersedia,
matcand_sample_62b7eab4bf22,PHYSICAL_SAMPLE,Sheet1,221,ven_d37f48d80411,,Titanium,,Tile,,Travertino,,,White,,,,,,,,SKU eksplisit tidak tersedia,
matcand_sample_2f3b3a9d84ce,PHYSICAL_SAMPLE,Sheet1,222,ven_d37f48d80411,,Titanium,,Tile,,Portland,,,Dark grey,,,,,,,,SKU eksplisit tidak tersedia,
matcand_sample_1ca6d62a8738,PHYSICAL_SAMPLE,Sheet1,223,ven_d37f48d80411,,Titanium,,Tile,,Ceppo,,,Dark grey,,,,,,,,SKU eksplisit tidak tersedia,
matcand_sample_e2e06eadfc42,PHYSICAL_SAMPLE,Sheet1,224,ven_d37f48d80411,,Titanium,,Tile,,Malaga grigio,,,,,,,,,,,SKU eksplisit tidak tersedia,
matcand_sample_11dbb63349d4,PHYSICAL_SAMPLE,Sheet1,225,ven_d37f48d80411,,Titanium,,Tile,,Vermont,,,Cream,,,,,,,,SKU eksplisit tidak tersedia,
matcand_sample_3f941b786f6a,PHYSICAL_SAMPLE,Sheet1,226,ven_d37f48d80411,,Titanium,,Tile,,Armani Crema,,,,,,,,,,,SKU eksplisit tidak tersedia,
matcand_sample_c342169f674b,PHYSICAL_SAMPLE,Sheet1,227,ven_dd2051ab9f98,,Bowe,,Wall finish,,Carving WPC,,,,,,,,,,,SKU eksplisit tidak tersedia,
matcand_sample_cb5162ca5fc8,PHYSICAL_SAMPLE,Sheet1,228,ven_dd2051ab9f98,,Bowe,,Wall finish,,Highlight silver,,,,,,,,,,,SKU eksplisit tidak tersedia,
matcand_sample_85ff82e07aea,PHYSICAL_SAMPLE,Sheet1,229,ven_dd2051ab9f98,,Bowe,,Wall finish,,Silver wire,,,,,,,,,,,SKU eksplisit tidak tersedia,
matcand_sample_735455afb710,PHYSICAL_SAMPLE,Sheet1,230,ven_dd2051ab9f98,,Bowe,,Wall finish,,Shining gold,,,,,,,,,,,SKU eksplisit tidak tersedia,
matcand_sample_41672f5a91ec,PHYSICAL_SAMPLE,Sheet1,231,,,Mozza tile,,Wall finish,,Plaza glossy,,,Black,,,,,,,,SKU eksplisit tidak tersedia; Vendor tidak match tepat ke direktori List,
matcand_sample_5d55efff15d5,PHYSICAL_SAMPLE,Sheet1,232,,,Mozza tile,,Wall finish,,Plaza Matte,,,Black,,,,,,,,SKU eksplisit tidak tersedia; Vendor tidak match tepat ke direktori List,
matcand_sample_58f0d892ca21,PHYSICAL_SAMPLE,Sheet1,233,,,Habibat,,Tile,,Cementi d Gris,,,,,,,,,,,SKU eksplisit tidak tersedia; Vendor tidak match tepat ke direktori List,
matcand_sample_e9e55d597ab2,PHYSICAL_SAMPLE,Sheet1,234,,,Habibat,,Tile,,Cementi cream,,,,,,,,,,,SKU eksplisit tidak tersedia; Vendor tidak match tepat ke direktori List,
matcand_sample_bd8ec431476c,PHYSICAL_SAMPLE,Sheet1,235,ven_d37f48d80411,,Titanium,,Tile,,Marlino Bianco,,,,,,,,,,,SKU eksplisit tidak tersedia,
matcand_sample_18fc6ba919cf,PHYSICAL_SAMPLE,Sheet1,236,ven_d37f48d80411,,Titanium,,Tile,,Cement White,,,,,,,,,,,SKU eksplisit tidak tersedia,
matcand_sample_696ca6038390,PHYSICAL_SAMPLE,Sheet1,237,ven_d37f48d80411,,Titanium,,Tile,,Belgium Dark Grey,,,,,,,,,,,SKU eksplisit tidak tersedia,
matcand_sample_f6058e175f68,PHYSICAL_SAMPLE,Sheet1,238,ven_d37f48d80411,,Titanium,,Tile,,Verona Cream,,,,,,,,,,,SKU eksplisit tidak tersedia,
matcand_sample_545edea33799,PHYSICAL_SAMPLE,Sheet1,239,ven_d37f48d80411,,Titanium,,Tile,,Ardesia Grey,,,,,,,,,,,SKU eksplisit tidak tersedia,
matcand_sample_3d741741bdff,PHYSICAL_SAMPLE,Sheet1,240,ven_d37f48d80411,,Titanium,,Tile,,Portland Cream,,,,,,,,,,,SKU eksplisit tidak tersedia,
matcand_sample_43511bbf92f9,PHYSICAL_SAMPLE,Sheet1,241,ven_d37f48d80411,,Titanium,,Tile,,Irish Verde,,,,,,,,,,,SKU eksplisit tidak tersedia,
matcand_sample_bce0fac1a766,PHYSICAL_SAMPLE,Sheet1,242,ven_d37f48d80411,,Titanium,,Tile,,Vermont White,,,,,,,,,,,SKU eksplisit tidak tersedia,
matcand_sample_d4a67ae5ea04,PHYSICAL_SAMPLE,Sheet1,243,ven_d37f48d80411,,Titanium,,Tile,,Marmeta White,,,,,,,,,,,SKU eksplisit tidak tersedia,
matcand_sample_245fe9851dc1,PHYSICAL_SAMPLE,Sheet1,244,ven_d37f48d80411,,Titanium,,Tile,,Frost Bianco,,,,,,,,,,,SKU eksplisit tidak tersedia,
matcand_sample_ff995057271d,PHYSICAL_SAMPLE,Sheet1,245,ven_d37f48d80411,,Titanium,,Tile,,Patagonia dorada,,,,,,,,,,,SKU eksplisit tidak tersedia,
matcand_sample_0998820ac3b4,PHYSICAL_SAMPLE,Sheet1,246,ven_d37f48d80411,,Titanium,,Tile,,Windsor Grey,,,,,,,,,,,SKU eksplisit tidak tersedia,
matcand_sample_30cb2bcc7659,PHYSICAL_SAMPLE,Sheet1,247,ven_b0fbddb4123c,,Infiniti,,Tile,,Xyber Cream,,,,,,,,,,,SKU eksplisit tidak tersedia,
matcand_sample_acb1d3c28965,PHYSICAL_SAMPLE,Sheet1,248,ven_b0fbddb4123c,,Infiniti,,Tile,,Terrazzo White,,,,,,,,,,,SKU eksplisit tidak tersedia,
matcand_sample_ea961324ab23,PHYSICAL_SAMPLE,Sheet1,249,ven_b0fbddb4123c,,Infiniti,,Tile,,Xena Grey,,,,,,,,,,,SKU eksplisit tidak tersedia,
matcand_sample_4eb2ec164e37,PHYSICAL_SAMPLE,Sheet1,250,ven_b0fbddb4123c,,Infiniti,,Tile,,Roque Light Grey,,,,,,,,,,,SKU eksplisit tidak tersedia,
matcand_sample_59465e1083af,PHYSICAL_SAMPLE,Sheet1,251,ven_b0fbddb4123c,,Infiniti,,Tile,,Romania Grey,,,,,,,,,,,SKU eksplisit tidak tersedia,
matcand_sample_88d15bc336ae,PHYSICAL_SAMPLE,Sheet1,252,ven_b0fbddb4123c,,Infiniti,,Tile,,Reynosa Cream,,,,,,,,,,,SKU eksplisit tidak tersedia,
matcand_sample_56a9d906d179,PHYSICAL_SAMPLE,Sheet1,253,ven_b0fbddb4123c,,Infiniti,,Tile,,Royston Grey,,,,,,,,,,,SKU eksplisit tidak tersedia,
matcand_sample_d54025f2bc0b,PHYSICAL_SAMPLE,Sheet1,254,ven_b0fbddb4123c,,Infiniti,,Tile,,Ramsey Grey,,,,,,,,,,,SKU eksplisit tidak tersedia,
matcand_sample_cd929595f597,PHYSICAL_SAMPLE,Sheet1,255,ven_b0fbddb4123c,,Infiniti,,Tile,,Remmy Cream,,,,,,,,,,,SKU eksplisit tidak tersedia,
matcand_sample_0c6c70dc3a33,PHYSICAL_SAMPLE,Sheet1,256,ven_b0fbddb4123c,,Infiniti,,Tile,,Remmy Grey,,,,,,,,,,,SKU eksplisit tidak tersedia,
matcand_sample_5f7490ce14d7,PHYSICAL_SAMPLE,Sheet1,257,ven_b0fbddb4123c,,Infiniti,,Tile,,Rodman Cream,,,,,,,,,,,SKU eksplisit tidak tersedia,
matcand_sample_546d0c1443cd,PHYSICAL_SAMPLE,Sheet1,258,ven_b0fbddb4123c,,Infiniti,,Tile,,Rodman Brown,,,,,,,,,,,SKU eksplisit tidak tersedia,
matcand_sample_4857adac1590,PHYSICAL_SAMPLE,Sheet1,259,ven_b0fbddb4123c,,Infiniti,,Tile,,Reggio Grey,,,,,,,,,,,SKU eksplisit tidak tersedia,
matcand_sample_af6bc55399ee,PHYSICAL_SAMPLE,Sheet1,260,ven_b0fbddb4123c,,Infiniti,,Tile,,Rotterdam Cream,,,,,,,,,,,SKU eksplisit tidak tersedia,
matcand_sample_5d812ebc843e,PHYSICAL_SAMPLE,Sheet1,261,ven_b0fbddb4123c,,Infiniti,,Tile,,Reggio Cream,,,,,,,,,,,SKU eksplisit tidak tersedia,
matcand_sample_8b2ccb92b37a,PHYSICAL_SAMPLE,Sheet1,262;287,ven_b0fbddb4123c,,Infiniti,,Tile,,Russel Grey,,,,,,,,,,,SKU eksplisit tidak tersedia,
matcand_sample_9ef18d8ddaab,PHYSICAL_SAMPLE,Sheet1,263,ven_b0fbddb4123c,,Infiniti,,Tile,,Xena Beige,,,,,,,,,,,SKU eksplisit tidak tersedia,
matcand_sample_26c07e966abb,PHYSICAL_SAMPLE,Sheet1,264,ven_b0fbddb4123c,,Infiniti,,Tile,,Xenith White,,,,,,,,,,,SKU eksplisit tidak tersedia,
matcand_sample_e20758f4d156,PHYSICAL_SAMPLE,Sheet1,265,ven_b0fbddb4123c,,Infiniti,,Tile,,Xenith Cream,,,,,,,,,,,SKU eksplisit tidak tersedia,
matcand_sample_929a0a778c55,PHYSICAL_SAMPLE,Sheet1,266,ven_b0fbddb4123c,,Infiniti,,Tile,,Rugao Grey,,,,,,,,,,,SKU eksplisit tidak tersedia,
matcand_sample_a8accb268531,PHYSICAL_SAMPLE,Sheet1,267,ven_b0fbddb4123c,,Infiniti,,Tile,,Reggio White,,,,,,,,,,,SKU eksplisit tidak tersedia,
matcand_sample_17bc67bb65cb,PHYSICAL_SAMPLE,Sheet1,268,ven_b0fbddb4123c,,Infiniti,,Tile,,Rotterdam Grey,,,,,,,,,,,SKU eksplisit tidak tersedia,
matcand_sample_9c44847d35ec,PHYSICAL_SAMPLE,Sheet1,269,ven_b0fbddb4123c,,Infiniti,,Tile,,Roque Grey,,,,,,,,,,,SKU eksplisit tidak tersedia,
matcand_sample_ec34e392b816,PHYSICAL_SAMPLE,Sheet1,270,ven_b0fbddb4123c,,Infiniti,,Tile,,Travertino Cream,,,,,,,,,,,SKU eksplisit tidak tersedia,
matcand_sample_d70c7ec1db2d,PHYSICAL_SAMPLE,Sheet1,271,ven_b0fbddb4123c,,Infiniti,,Tile,,Dark Grey,,,,,,,,,,,SKU eksplisit tidak tersedia,
matcand_sample_a88d1e75171c,PHYSICAL_SAMPLE,Sheet1,272,ven_b0fbddb4123c,,Infiniti,,Tile,,Terra Cream,,,,,,,,,,,SKU eksplisit tidak tersedia,
matcand_sample_4b2ede332bd0,PHYSICAL_SAMPLE,Sheet1,273,ven_b0fbddb4123c,,Infiniti,,Tile,,Terrazo Venice White,,,,,,,,,,,SKU eksplisit tidak tersedia,
matcand_sample_447f98ccb565,PHYSICAL_SAMPLE,Sheet1,274,ven_b0fbddb4123c,,Infiniti,,Tile,,Moroccan,,,,,,,,,,,SKU eksplisit tidak tersedia,
matcand_sample_4810033bf22d,PHYSICAL_SAMPLE,Sheet1,275,ven_b0fbddb4123c,,Infiniti,,Tile,,Cascadia Natural,,,,,,,,,,,SKU eksplisit tidak tersedia,
matcand_sample_1734d27b4732,PHYSICAL_SAMPLE,Sheet1,276,ven_b0fbddb4123c,,Infiniti,,Tile,,Albacete Cream,,,,,,,,,,,SKU eksplisit tidak tersedia,
matcand_sample_077cd5044cae,PHYSICAL_SAMPLE,Sheet1,277,ven_b0fbddb4123c,,Infiniti,,Tile,,Cronos Grey,,,,,,,,,,,SKU eksplisit tidak tersedia,
matcand_sample_d26ea4d585bf,PHYSICAL_SAMPLE,Sheet1,278,ven_b0fbddb4123c,,Infiniti,,Tile,,Meteor Cream,,,,,,,,,,,SKU eksplisit tidak tersedia,
matcand_sample_e97f35f6e406,PHYSICAL_SAMPLE,Sheet1,279,ven_b0fbddb4123c,,Infiniti,,Tile,,Pietro Black,,,,,,,,,,,SKU eksplisit tidak tersedia,
matcand_sample_ad3aa1341f89,PHYSICAL_SAMPLE,Sheet1,280,ven_b0fbddb4123c,,Infiniti,,Tile,,Pulpis Dark Brown,,,,,,,,,,,SKU eksplisit tidak tersedia,
matcand_sample_af8a8af7ba4d,PHYSICAL_SAMPLE,Sheet1,281,ven_b0fbddb4123c,,Infiniti,,Tile,,Stone White,,,,,,,,,,,SKU eksplisit tidak tersedia,
matcand_sample_5ae289ccc05e,PHYSICAL_SAMPLE,Sheet1,282,ven_b0fbddb4123c,,Infiniti,,Tile,,Nolan Dark Grey,,,,,,,,,,,SKU eksplisit tidak tersedia,
matcand_sample_a6590eeb46d9,PHYSICAL_SAMPLE,Sheet1,283,ven_b0fbddb4123c,,Infiniti,,Tile,,Cromat White,,,,,,,,,,,SKU eksplisit tidak tersedia,
matcand_sample_78fd59f09314,PHYSICAL_SAMPLE,Sheet1,284,ven_b0fbddb4123c,,Infiniti,,Tile,,Montecarlo Grey,,,,,,,,,,,SKU eksplisit tidak tersedia,
matcand_sample_fe69a7e0bba5,PHYSICAL_SAMPLE,Sheet1,285,ven_b0fbddb4123c,,Infiniti,,Tile,,Marfil Cream,,,,,,,,,,,SKU eksplisit tidak tersedia,
matcand_sample_c8fd688990cd,PHYSICAL_SAMPLE,Sheet1,286,ven_b0fbddb4123c,,Infiniti,,Tile,,Olympia Grey,,,,,,,,,,,SKU eksplisit tidak tersedia,
matcand_sample_7691711afe21,PHYSICAL_SAMPLE,Sheet1,288,ven_b0fbddb4123c,,Infiniti,,Tile,,Dark Brown,,,,,,,,,,,SKU eksplisit tidak tersedia,
matcand_sample_41fadb2e0eb8,PHYSICAL_SAMPLE,Sheet1,289,ven_b0fbddb4123c,,Infiniti,,Tile,,Terrazzo Terra,,,Cream,,,,,,,,SKU eksplisit tidak tersedia,
matcand_sample_ce20c63ab0f2,PHYSICAL_SAMPLE,Sheet1,290,ven_b8b22aedc372,,Venus,,Tile,,Rustic,,,Lemon,,,,,,,,SKU eksplisit tidak tersedia,
