severity,entity_type,source_sheet,source_row,source_key,issue_code,issue_detail,suggested_action
BLOCKER,Vendor,List,420,UNV,VENDOR_IDENTITY_UNPROVEN,"Baris hanya menyebut Brand/Company tanpa legal entity, kontak, telepon, alamat, website, atau Instagram.",Konfirmasi supplier/account; jangan otomatis memakai Brand sebagai Vendor.
BLOCKER,Vendor,List,483,Arwana Ceramics,VENDOR_IDENTITY_UNPROVEN,"Baris hanya menyebut Brand/Company tanpa legal entity, kontak, telepon, alamat, website, atau Instagram.",Konfirmasi supplier/account; jangan otomatis memakai Brand sebagai Vendor.
BLOCKER,Vendor,List,484,Roca,VENDOR_IDENTITY_UNPROVEN,"Baris hanya menyebut Brand/Company tanpa legal entity, kontak, telepon, alamat, website, atau Instagram.",Konfirmasi supplier/account; jangan otomatis memakai Brand sebagai Vendor.
WARN,Vendor,List,110;111,Diverso,VENDOR_FIELD_CONFLICT,address memiliki alternatif: Bali,Nilai paling sering lalu paling awal dipakai; review sebelum apply.
WARN,Vendor,List,307;308,Oslo,VENDOR_FIELD_CONFLICT,address memiliki alternatif: Jakarta,Nilai paling sering lalu paling awal dipakai; review sebelum apply.
WARN,Vendor,List,329;330,Prive Furniture,VENDOR_FIELD_CONFLICT,address memiliki alternatif: Jakarta,Nilai paling sering lalu paling awal dipakai; review sebelum apply.
WARN,VendorContact,List,93,Creative Lighting Asia,CONTACT_LABEL_MISSING,"Nomor +85228159168 ada, tetapi nama/label Contact kosong.",Isi nama orang/departemen; importer tidak membuat label palsu.
WARN,VendorLink,List,7,Aetrio,LINK_NOT_HTTP_URL,Drive/folder katalog: KATALOG AETRIO 2025.pdf,Konfirmasi URL lengkap; file/teks relatif tidak diimpor sebagai link.
WARN,VendorLink,List,13,Allurahomefabrics,LINK_NOT_HTTP_URL,Drive/folder katalog: Allurahomefabrics,Konfirmasi URL lengkap; file/teks relatif tidak diimpor sebagai link.
WARN,VendorLink,List,17,Amidoorlight,LINK_NOT_HTTP_URL,Drive/folder katalog: Amidoorlight,Konfirmasi URL lengkap; file/teks relatif tidak diimpor sebagai link.
WARN,VendorLink,List,44,Bata Antasari 34,LINK_NOT_HTTP_URL,Drive/folder katalog: Katalog Antasari Update (3 April).pdf,Konfirmasi URL lengkap; file/teks relatif tidak diimpor sebagai link.
WARN,VendorLink,List,54,Beninca,LINK_NOT_HTTP_URL,Drive/folder katalog: Brochure LCK 2025.pdf,Konfirmasi URL lengkap; file/teks relatif tidak diimpor sebagai link.
WARN,VendorLink,List,56,Beyond Floor,LINK_NOT_HTTP_URL,Drive/folder katalog: Beyond Floor,Konfirmasi URL lengkap; file/teks relatif tidak diimpor sebagai link.
WARN,VendorLink,List,63,Bottega Artisan,LINK_NOT_HTTP_URL,Website: www.bottegaartisan.com,Konfirmasi URL lengkap; file/teks relatif tidak diimpor sebagai link.
WARN,VendorLink,List,69,Brewsuniq Space,LINK_NOT_HTTP_URL,Drive/folder katalog: Brewsuniq Space Catalogue_2024.pdf,Konfirmasi URL lengkap; file/teks relatif tidak diimpor sebagai link.
WARN,VendorLink,List,78,Centralite,LINK_NOT_HTTP_URL,Drive/folder katalog: Centralite,Konfirmasi URL lengkap; file/teks relatif tidak diimpor sebagai link.
WARN,VendorLink,List,114,Dormakaba Group,LINK_NOT_HTTP_URL,Drive/folder katalog: Dormakaba Group,Konfirmasi URL lengkap; file/teks relatif tidak diimpor sebagai link.
WARN,VendorLink,List,129,Evergreen Trees,LINK_NOT_HTTP_URL,Drive/folder katalog: CATALOG EVERGREEN TREES,Konfirmasi URL lengkap; file/teks relatif tidak diimpor sebagai link.
WARN,VendorLink,List,132,Fabrica Indonesia,LINK_NOT_HTTP_URL,Drive/folder katalog: Fabrica,Konfirmasi URL lengkap; file/teks relatif tidak diimpor sebagai link.
WARN,VendorLink,List,154,Germany Brilliant,LINK_NOT_HTTP_URL,Website: Produk Perlengkapan Rumah Terbaik,Konfirmasi URL lengkap; file/teks relatif tidak diimpor sebagai link.
WARN,VendorLink,List,154,Germany Brilliant,LINK_NOT_HTTP_URL,Instagram: Germany Brilliant Official (@gbsanitary1) • Instagram photos and videos,Konfirmasi URL lengkap; file/teks relatif tidak diimpor sebagai link.
WARN,VendorLink,List,162,Green Leaves,LINK_NOT_HTTP_URL,Drive/folder katalog: Green Leaves Carpet,Konfirmasi URL lengkap; file/teks relatif tidak diimpor sebagai link.
WARN,VendorLink,List,197,Inston,LINK_NOT_HTTP_URL,Website: Inston,Konfirmasi URL lengkap; file/teks relatif tidak diimpor sebagai link.
WARN,VendorLink,List,197,Inston,LINK_NOT_HTTP_URL,Drive/folder katalog: Inston - Beton Instan,Konfirmasi URL lengkap; file/teks relatif tidak diimpor sebagai link.
WARN,VendorLink,List,222,Koru,LINK_NOT_HTTP_URL,Drive/folder katalog: Koru,Konfirmasi URL lengkap; file/teks relatif tidak diimpor sebagai link.
WARN,VendorLink,List,223,Koru,LINK_NOT_HTTP_URL,Drive/folder katalog: Koru,Konfirmasi URL lengkap; file/teks relatif tidak diimpor sebagai link.
WARN,VendorLink,List,226,Lalapis,LINK_NOT_HTTP_URL,Product website/katalog: Lalapis panel dekoratif | Lalalamp,Konfirmasi URL lengkap; file/teks relatif tidak diimpor sebagai link.
WARN,VendorLink,List,229,Lantai Kayu Surabaya,LINK_NOT_HTTP_URL,Drive/folder katalog: LANTEKAYU CATALOGUE 2025 (AUGUST 2025).pdf,Konfirmasi URL lengkap; file/teks relatif tidak diimpor sebagai link.
WARN,VendorLink,List,230,Lantekayu,LINK_NOT_HTTP_URL,Product website/katalog: Eurotekno - Catalogues,Konfirmasi URL lengkap; file/teks relatif tidak diimpor sebagai link.
WARN,VendorLink,List,231,Lantekayu,LINK_NOT_HTTP_URL,Drive/folder katalog: LANTEKAYU CATALOGUE 2025 (AUGUST 2025).pdf,Konfirmasi URL lengkap; file/teks relatif tidak diimpor sebagai link.
WARN,VendorLink,List,240,Loom & Stone Indonesia,LINK_NOT_HTTP_URL,Website: loomandstone.id,Konfirmasi URL lengkap; file/teks relatif tidak diimpor sebagai link.
WARN,VendorLink,List,245,Lumo,LINK_NOT_HTTP_URL,Drive/folder katalog: TENSURA CATALOG LUMO bamboo veneer catalog.pdf LUMO CATALOG,Konfirmasi URL lengkap; file/teks relatif tidak diimpor sebagai link.
WARN,VendorLink,List,247,Luxtura - Aplikator Suzuka Indonesia,LINK_NOT_HTTP_URL,Drive/folder katalog: Luxtura - Applicator Texture Paint,Konfirmasi URL lengkap; file/teks relatif tidak diimpor sebagai link.
WARN,VendorLink,List,251,Magnolia V-ga,LINK_NOT_HTTP_URL,Drive/folder katalog: Magnolia Vga,Konfirmasi URL lengkap; file/teks relatif tidak diimpor sebagai link.
WARN,VendorLink,List,256,Marmer X,LINK_NOT_HTTP_URL,Drive/folder katalog: Marmer X,Konfirmasi URL lengkap; file/teks relatif tidak diimpor sebagai link.
WARN,VendorLink,List,270,Miratap,LINK_NOT_HTTP_URL,Drive/folder katalog: Best Selection miratap 2024.pdf,Konfirmasi URL lengkap; file/teks relatif tidak diimpor sebagai link.
WARN,VendorLink,List,283,Morgen,LINK_NOT_HTTP_URL,Drive/folder katalog: Katalog,Konfirmasi URL lengkap; file/teks relatif tidak diimpor sebagai link.
WARN,VendorLink,List,288,MUKA,LINK_NOT_HTTP_URL,Drive/folder katalog: MUKA,Konfirmasi URL lengkap; file/teks relatif tidak diimpor sebagai link.
WARN,VendorLink,List,291,Naura Artificial,LINK_NOT_HTTP_URL,Drive/folder katalog: Naura Artificial,Konfirmasi URL lengkap; file/teks relatif tidak diimpor sebagai link.
WARN,VendorLink,List,300,Olina Furniture,LINK_NOT_HTTP_URL,"Website: Olina Furniture – Reparasi & Custom Sofa, Custom Kursi, Padded Wall, Head Board & Divan, Rottan",Konfirmasi URL lengkap; file/teks relatif tidak diimpor sebagai link.
WARN,VendorLink,List,300,Olina Furniture,LINK_NOT_HTTP_URL,Instagram: Olina,Konfirmasi URL lengkap; file/teks relatif tidak diimpor sebagai link.
WARN,VendorLink,List,331,Prona Max,LINK_NOT_HTTP_URL,Drive/folder katalog: KATALOG PRONA MAX.pdf,Konfirmasi URL lengkap; file/teks relatif tidak diimpor sebagai link.
WARN,VendorLink,List,355,Roxy Glass,LINK_NOT_HTTP_URL,Website: www.roxyglass.com,Konfirmasi URL lengkap; file/teks relatif tidak diimpor sebagai link.
WARN,VendorLink,List,364,Sentra Bata,LINK_NOT_HTTP_URL,Drive/folder katalog: Sentra Bata,Konfirmasi URL lengkap; file/teks relatif tidak diimpor sebagai link.
WARN,VendorLink,List,374,Sisu Home,LINK_NOT_HTTP_URL,Drive/folder katalog: Sisu Home,Konfirmasi URL lengkap; file/teks relatif tidak diimpor sebagai link.
WARN,VendorLink,List,375,Skayu,LINK_NOT_HTTP_URL,Drive/folder katalog: Skayu,Konfirmasi URL lengkap; file/teks relatif tidak diimpor sebagai link.
WARN,VendorLink,List,376,Skywall,LINK_NOT_HTTP_URL,Website: www.langgeng.id,Konfirmasi URL lengkap; file/teks relatif tidak diimpor sebagai link.
WARN,VendorLink,List,377,Sol by pdm,LINK_NOT_HTTP_URL,Drive/folder katalog: SoL_Company Profile 2025_.pdf,Konfirmasi URL lengkap; file/teks relatif tidak diimpor sebagai link.
WARN,VendorLink,List,382,Stark Floor,LINK_NOT_HTTP_URL,Drive/folder katalog: KATALOG WEBSITE,Konfirmasi URL lengkap; file/teks relatif tidak diimpor sebagai link.
WARN,VendorLink,List,406,The New Factory,LINK_NOT_HTTP_URL,Drive/folder katalog: The New Factory,Konfirmasi URL lengkap; file/teks relatif tidak diimpor sebagai link.
WARN,VendorLink,List,473,Sanwacompany,LINK_NOT_HTTP_URL,Website: sanwacompany.id/ao/,Konfirmasi URL lengkap; file/teks relatif tidak diimpor sebagai link.
WARN,VendorLink,List,478,Every collection,LINK_NOT_HTTP_URL,Drive/folder katalog: Katalog,Konfirmasi URL lengkap; file/teks relatif tidak diimpor sebagai link.
WARN,VendorLink,List,479,Inovasi Adiwarna Raya,LINK_NOT_HTTP_URL,Drive/folder katalog: Katalog,Konfirmasi URL lengkap; file/teks relatif tidak diimpor sebagai link.
WARN,VendorLink,List,481,Selia Project,LINK_NOT_HTTP_URL,Drive/folder katalog: Katalog,Konfirmasi URL lengkap; file/teks relatif tidak diimpor sebagai link.
BLOCKER,MaterialCandidate,List,2,matcand_list_r0002,MATERIAL_IDENTITY_INCOMPLETE,SKU eksplisit tidak tersedia; kolom Product adalah family/subkategori dan belum membuktikan nama produk/seri; Brand dan Vendor masih bercampur pada kolom Brand/Company,"Konfirmasi Vendor, Brand, tags, nama produk/seri, dan SKU nyata sebelum memindahkan row ke 04_materials.csv."
BLOCKER,MaterialCandidate,List,3,matcand_list_r0003,MATERIAL_IDENTITY_INCOMPLETE,SKU eksplisit tidak tersedia; kolom Product adalah family/subkategori dan belum membuktikan nama produk/seri; Brand dan Vendor masih bercampur pada kolom Brand/Company,"Konfirmasi Vendor, Brand, tags, nama produk/seri, dan SKU nyata sebelum memindahkan row ke 04_materials.csv."
BLOCKER,MaterialCandidate,List,4,matcand_list_r0004,MATERIAL_IDENTITY_INCOMPLETE,SKU eksplisit tidak tersedia; kolom Product adalah family/subkategori dan belum membuktikan nama produk/seri; Brand dan Vendor masih bercampur pada kolom Brand/Company,"Konfirmasi Vendor, Brand, tags, nama produk/seri, dan SKU nyata sebelum memindahkan row ke 04_materials.csv."
BLOCKER,MaterialCandidate,List,5,matcand_list_r0005,MATERIAL_IDENTITY_INCOMPLETE,SKU eksplisit tidak tersedia; kolom Product adalah family/subkategori dan belum membuktikan nama produk/seri; Brand dan Vendor masih bercampur pada kolom Brand/Company,"Konfirmasi Vendor, Brand, tags, nama produk/seri, dan SKU nyata sebelum memindahkan row ke 04_materials.csv."
BLOCKER,MaterialCandidate,List,6,matcand_list_r0006,MATERIAL_IDENTITY_INCOMPLETE,SKU eksplisit tidak tersedia; kolom Product adalah family/subkategori dan belum membuktikan nama produk/seri; Brand dan Vendor masih bercampur pada kolom Brand/Company,"Konfirmasi Vendor, Brand, tags, nama produk/seri, dan SKU nyata sebelum memindahkan row ke 04_materials.csv."
BLOCKER,MaterialCandidate,List,7,matcand_list_r0007,MATERIAL_IDENTITY_INCOMPLETE,SKU eksplisit tidak tersedia; kolom Product adalah family/subkategori dan belum membuktikan nama produk/seri; Brand dan Vendor masih bercampur pada kolom Brand/Company,"Konfirmasi Vendor, Brand, tags, nama produk/seri, dan SKU nyata sebelum memindahkan row ke 04_materials.csv."
BLOCKER,MaterialCandidate,List,8,matcand_list_r0008,MATERIAL_IDENTITY_INCOMPLETE,SKU eksplisit tidak tersedia; kolom Product adalah family/subkategori dan belum membuktikan nama produk/seri; Brand dan Vendor masih bercampur pada kolom Brand/Company,"Konfirmasi Vendor, Brand, tags, nama produk/seri, dan SKU nyata sebelum memindahkan row ke 04_materials.csv."
BLOCKER,MaterialCandidate,List,9,matcand_list_r0009,MATERIAL_IDENTITY_INCOMPLETE,SKU eksplisit tidak tersedia; kolom Product adalah family/subkategori dan belum membuktikan nama produk/seri; Brand dan Vendor masih bercampur pada kolom Brand/Company,"Konfirmasi Vendor, Brand, tags, nama produk/seri, dan SKU nyata sebelum memindahkan row ke 04_materials.csv."
BLOCKER,MaterialCandidate,List,10,matcand_list_r0010,MATERIAL_IDENTITY_INCOMPLETE,SKU eksplisit tidak tersedia; kolom Product adalah family/subkategori dan belum membuktikan nama produk/seri; Brand dan Vendor masih bercampur pada kolom Brand/Company,"Konfirmasi Vendor, Brand, tags, nama produk/seri, dan SKU nyata sebelum memindahkan row ke 04_materials.csv."
BLOCKER,MaterialCandidate,List,11,matcand_list_r0011,MATERIAL_IDENTITY_INCOMPLETE,SKU eksplisit tidak tersedia; kolom Product adalah family/subkategori dan belum membuktikan nama produk/seri; Brand dan Vendor masih bercampur pada kolom Brand/Company,"Konfirmasi Vendor, Brand, tags, nama produk/seri, dan SKU nyata sebelum memindahkan row ke 04_materials.csv."
BLOCKER,MaterialCandidate,List,12,matcand_list_r0012,MATERIAL_IDENTITY_INCOMPLETE,SKU eksplisit tidak tersedia; kolom Product adalah family/subkategori dan belum membuktikan nama produk/seri; Brand dan Vendor masih bercampur pada kolom Brand/Company,"Konfirmasi Vendor, Brand, tags, nama produk/seri, dan SKU nyata sebelum memindahkan row ke 04_materials.csv."
BLOCKER,MaterialCandidate,List,13,matcand_list_r0013,MATERIAL_IDENTITY_INCOMPLETE,SKU eksplisit tidak tersedia; kolom Product adalah family/subkategori dan belum membuktikan nama produk/seri; Brand dan Vendor masih bercampur pada kolom Brand/Company,"Konfirmasi Vendor, Brand, tags, nama produk/seri, dan SKU nyata sebelum memindahkan row ke 04_materials.csv."
BLOCKER,MaterialCandidate,List,14,matcand_list_r0014,MATERIAL_IDENTITY_INCOMPLETE,SKU eksplisit tidak tersedia; kolom Product adalah family/subkategori dan belum membuktikan nama produk/seri; Brand dan Vendor masih bercampur pada kolom Brand/Company,"Konfirmasi Vendor, Brand, tags, nama produk/seri, dan SKU nyata sebelum memindahkan row ke 04_materials.csv."
BLOCKER,MaterialCandidate,List,15,matcand_list_r0015,MATERIAL_IDENTITY_INCOMPLETE,SKU eksplisit tidak tersedia; kolom Product adalah family/subkategori dan belum membuktikan nama produk/seri; Brand dan Vendor masih bercampur pada kolom Brand/Company,"Konfirmasi Vendor, Brand, tags, nama produk/seri, dan SKU nyata sebelum memindahkan row ke 04_materials.csv."
BLOCKER,MaterialCandidate,List,16,matcand_list_r0016,MATERIAL_IDENTITY_INCOMPLETE,SKU eksplisit tidak tersedia; kolom Product adalah family/subkategori dan belum membuktikan nama produk/seri; Brand dan Vendor masih bercampur pada kolom Brand/Company,"Konfirmasi Vendor, Brand, tags, nama produk/seri, dan SKU nyata sebelum memindahkan row ke 04_materials.csv."
BLOCKER,MaterialCandidate,List,17,matcand_list_r0017,MATERIAL_IDENTITY_INCOMPLETE,SKU eksplisit tidak tersedia; kolom Product adalah family/subkategori dan belum membuktikan nama produk/seri; Brand dan Vendor masih bercampur pada kolom Brand/Company,"Konfirmasi Vendor, Brand, tags, nama produk/seri, dan SKU nyata sebelum memindahkan row ke 04_materials.csv."
BLOCKER,MaterialCandidate,List,18,matcand_list_r0018,MATERIAL_IDENTITY_INCOMPLETE,SKU eksplisit tidak tersedia; kolom Product adalah family/subkategori dan belum membuktikan nama produk/seri; Brand dan Vendor masih bercampur pada kolom Brand/Company,"Konfirmasi Vendor, Brand, tags, nama produk/seri, dan SKU nyata sebelum memindahkan row ke 04_materials.csv."
BLOCKER,MaterialCandidate,List,19,matcand_list_r0019,MATERIAL_IDENTITY_INCOMPLETE,SKU eksplisit tidak tersedia; kolom Product adalah family/subkategori dan belum membuktikan nama produk/seri; Brand dan Vendor masih bercampur pada kolom Brand/Company,"Konfirmasi Vendor, Brand, tags, nama produk/seri, dan SKU nyata sebelum memindahkan row ke 04_materials.csv."
BLOCKER,MaterialCandidate,List,20,matcand_list_r0020,MATERIAL_IDENTITY_INCOMPLETE,SKU eksplisit tidak tersedia; kolom Product adalah family/subkategori dan belum membuktikan nama produk/seri; Brand dan Vendor masih bercampur pada kolom Brand/Company,"Konfirmasi Vendor, Brand, tags, nama produk/seri, dan SKU nyata sebelum memindahkan row ke 04_materials.csv."
BLOCKER,MaterialCandidate,List,21,matcand_list_r0021,MATERIAL_IDENTITY_INCOMPLETE,SKU eksplisit tidak tersedia; kolom Product adalah family/subkategori dan belum membuktikan nama produk/seri; Brand dan Vendor masih bercampur pada kolom Brand/Company,"Konfirmasi Vendor, Brand, tags, nama produk/seri, dan SKU nyata sebelum memindahkan row ke 04_materials.csv."
BLOCKER,MaterialCandidate,List,22,matcand_list_r0022,MATERIAL_IDENTITY_INCOMPLETE,SKU eksplisit tidak tersedia; kolom Product adalah family/subkategori dan belum membuktikan nama produk/seri; Brand dan Vendor masih bercampur pada kolom Brand/Company,"Konfirmasi Vendor, Brand, tags, nama produk/seri, dan SKU nyata sebelum memindahkan row ke 04_materials.csv."
BLOCKER,MaterialCandidate,List,23,matcand_list_r0023,MATERIAL_IDENTITY_INCOMPLETE,SKU eksplisit tidak tersedia; kolom Product adalah family/subkategori dan belum membuktikan nama produk/seri; Brand dan Vendor masih bercampur pada kolom Brand/Company,"Konfirmasi Vendor, Brand, tags, nama produk/seri, dan SKU nyata sebelum memindahkan row ke 04_materials.csv."
BLOCKER,MaterialCandidate,List,24,matcand_list_r0024,MATERIAL_IDENTITY_INCOMPLETE,SKU eksplisit tidak tersedia; kolom Product adalah family/subkategori dan belum membuktikan nama produk/seri; Brand dan Vendor masih bercampur pada kolom Brand/Company,"Konfirmasi Vendor, Brand, tags, nama produk/seri, dan SKU nyata sebelum memindahkan row ke 04_materials.csv."
BLOCKER,MaterialCandidate,List,25,matcand_list_r0025,MATERIAL_IDENTITY_INCOMPLETE,SKU eksplisit tidak tersedia; kolom Product adalah family/subkategori dan belum membuktikan nama produk/seri; Brand dan Vendor masih bercampur pada kolom Brand/Company,"Konfirmasi Vendor, Brand, tags, nama produk/seri, dan SKU nyata sebelum memindahkan row ke 04_materials.csv."
BLOCKER,MaterialCandidate,List,26,matcand_list_r0026,MATERIAL_IDENTITY_INCOMPLETE,SKU eksplisit tidak tersedia; kolom Product adalah family/subkategori dan belum membuktikan nama produk/seri; Brand dan Vendor masih bercampur pada kolom Brand/Company,"Konfirmasi Vendor, Brand, tags, nama produk/seri, dan SKU nyata sebelum memindahkan row ke 04_materials.csv."
BLOCKER,MaterialCandidate,List,27,matcand_list_r0027,MATERIAL_IDENTITY_INCOMPLETE,SKU eksplisit tidak tersedia; kolom Product adalah family/subkategori dan belum membuktikan nama produk/seri; Brand dan Vendor masih bercampur pada kolom Brand/Company,"Konfirmasi Vendor, Brand, tags, nama produk/seri, dan SKU nyata sebelum memindahkan row ke 04_materials.csv."
BLOCKER,MaterialCandidate,List,28,matcand_list_r0028,MATERIAL_IDENTITY_INCOMPLETE,SKU eksplisit tidak tersedia; kolom Product adalah family/subkategori dan belum membuktikan nama produk/seri; Brand dan Vendor masih bercampur pada kolom Brand/Company,"Konfirmasi Vendor, Brand, tags, nama produk/seri, dan SKU nyata sebelum memindahkan row ke 04_materials.csv."
BLOCKER,MaterialCandidate,List,29,matcand_list_r0029,MATERIAL_IDENTITY_INCOMPLETE,SKU eksplisit tidak tersedia; kolom Product adalah family/subkategori dan belum membuktikan nama produk/seri; Brand dan Vendor masih bercampur pada kolom Brand/Company,"Konfirmasi Vendor, Brand, tags, nama produk/seri, dan SKU nyata sebelum memindahkan row ke 04_materials.csv."
BLOCKER,MaterialCandidate,List,30,matcand_list_r0030,MATERIAL_IDENTITY_INCOMPLETE,SKU eksplisit tidak tersedia; kolom Product adalah family/subkategori dan belum membuktikan nama produk/seri; Brand dan Vendor masih bercampur pada kolom Brand/Company,"Konfirmasi Vendor, Brand, tags, nama produk/seri, dan SKU nyata sebelum memindahkan row ke 04_materials.csv."
BLOCKER,MaterialCandidate,List,31,matcand_list_r0031,MATERIAL_IDENTITY_INCOMPLETE,SKU eksplisit tidak tersedia; kolom Product adalah family/subkategori dan belum membuktikan nama produk/seri; Brand dan Vendor masih bercampur pada kolom Brand/Company,"Konfirmasi Vendor, Brand, tags, nama produk/seri, dan SKU nyata sebelum memindahkan row ke 04_materials.csv."
BLOCKER,MaterialCandidate,List,32,matcand_list_r0032,MATERIAL_IDENTITY_INCOMPLETE,SKU eksplisit tidak tersedia; kolom Product adalah family/subkategori dan belum membuktikan nama produk/seri; Brand dan Vendor masih bercampur pada kolom Brand/Company,"Konfirmasi Vendor, Brand, tags, nama produk/seri, dan SKU nyata sebelum memindahkan row ke 04_materials.csv."
BLOCKER,MaterialCandidate,List,33,matcand_list_r0033,MATERIAL_IDENTITY_INCOMPLETE,SKU eksplisit tidak tersedia; kolom Product adalah family/subkategori dan belum membuktikan nama produk/seri; Brand dan Vendor masih bercampur pada kolom Brand/Company,"Konfirmasi Vendor, Brand, tags, nama produk/seri, dan SKU nyata sebelum memindahkan row ke 04_materials.csv."
BLOCKER,MaterialCandidate,List,34,matcand_list_r0034,MATERIAL_IDENTITY_INCOMPLETE,SKU eksplisit tidak tersedia; kolom Product adalah family/subkategori dan belum membuktikan nama produk/seri; Brand dan Vendor masih bercampur pada kolom Brand/Company,"Konfirmasi Vendor, Brand, tags, nama produk/seri, dan SKU nyata sebelum memindahkan row ke 04_materials.csv."
BLOCKER,MaterialCandidate,List,35,matcand_list_r0035,MATERIAL_IDENTITY_INCOMPLETE,SKU eksplisit tidak tersedia; kolom Product adalah family/subkategori dan belum membuktikan nama produk/seri; Brand dan Vendor masih bercampur pada kolom Brand/Company,"Konfirmasi Vendor, Brand, tags, nama produk/seri, dan SKU nyata sebelum memindahkan row ke 04_materials.csv."
BLOCKER,MaterialCandidate,List,36,matcand_list_r0036,MATERIAL_IDENTITY_INCOMPLETE,SKU eksplisit tidak tersedia; kolom Product adalah family/subkategori dan belum membuktikan nama produk/seri; Brand dan Vendor masih bercampur pada kolom Brand/Company,"Konfirmasi Vendor, Brand, tags, nama produk/seri, dan SKU nyata sebelum memindahkan row ke 04_materials.csv."
BLOCKER,MaterialCandidate,List,37,matcand_list_r0037,MATERIAL_IDENTITY_INCOMPLETE,SKU eksplisit tidak tersedia; kolom Product adalah family/subkategori dan belum membuktikan nama produk/seri; Brand dan Vendor masih bercampur pada kolom Brand/Company,"Konfirmasi Vendor, Brand, tags, nama produk/seri, dan SKU nyata sebelum memindahkan row ke 04_materials.csv."
BLOCKER,MaterialCandidate,List,38,matcand_list_r0038,MATERIAL_IDENTITY_INCOMPLETE,SKU eksplisit tidak tersedia; kolom Product adalah family/subkategori dan belum membuktikan nama produk/seri; Brand dan Vendor masih bercampur pada kolom Brand/Company,"Konfirmasi Vendor, Brand, tags, nama produk/seri, dan SKU nyata sebelum memindahkan row ke 04_materials.csv."
BLOCKER,MaterialCandidate,List,39,matcand_list_r0039,MATERIAL_IDENTITY_INCOMPLETE,SKU eksplisit tidak tersedia; kolom Product adalah family/subkategori dan belum membuktikan nama produk/seri; Brand dan Vendor masih bercampur pada kolom Brand/Company,"Konfirmasi Vendor, Brand, tags, nama produk/seri, dan SKU nyata sebelum memindahkan row ke 04_materials.csv."
BLOCKER,MaterialCandidate,List,40,matcand_list_r0040,MATERIAL_IDENTITY_INCOMPLETE,SKU eksplisit tidak tersedia; kolom Product adalah family/subkategori dan belum membuktikan nama produk/seri; Brand dan Vendor masih bercampur pada kolom Brand/Company,"Konfirmasi Vendor, Brand, tags, nama produk/seri, dan SKU nyata sebelum memindahkan row ke 04_materials.csv."
BLOCKER,MaterialCandidate,List,41,matcand_list_r0041,MATERIAL_IDENTITY_INCOMPLETE,SKU eksplisit tidak tersedia; kolom Product adalah family/subkategori dan belum membuktikan nama produk/seri; Brand dan Vendor masih bercampur pada kolom Brand/Company,"Konfirmasi Vendor, Brand, tags, nama produk/seri, dan SKU nyata sebelum memindahkan row ke 04_materials.csv."
BLOCKER,MaterialCandidate,List,42,matcand_list_r0042,MATERIAL_IDENTITY_INCOMPLETE,SKU eksplisit tidak tersedia; kolom Product adalah family/subkategori dan belum membuktikan nama produk/seri; Brand dan Vendor masih bercampur pada kolom Brand/Company,"Konfirmasi Vendor, Brand, tags, nama produk/seri, dan SKU nyata sebelum memindahkan row ke 04_materials.csv."
BLOCKER,MaterialCandidate,List,43,matcand_list_r0043,MATERIAL_IDENTITY_INCOMPLETE,SKU eksplisit tidak tersedia; kolom Product adalah family/subkategori dan belum membuktikan nama produk/seri; Brand dan Vendor masih bercampur pada kolom Brand/Company,"Konfirmasi Vendor, Brand, tags, nama produk/seri, dan SKU nyata sebelum memindahkan row ke 04_materials.csv."
BLOCKER,MaterialCandidate,List,44,matcand_list_r0044,MATERIAL_IDENTITY_INCOMPLETE,SKU eksplisit tidak tersedia; kolom Product adalah family/subkategori dan belum membuktikan nama produk/seri; Brand dan Vendor masih bercampur pada kolom Brand/Company,"Konfirmasi Vendor, Brand, tags, nama produk/seri, dan SKU nyata sebelum memindahkan row ke 04_materials.csv."
BLOCKER,MaterialCandidate,List,45,matcand_list_r0045,MATERIAL_IDENTITY_INCOMPLETE,SKU eksplisit tidak tersedia; kolom Product adalah family/subkategori dan belum membuktikan nama produk/seri; Brand dan Vendor masih bercampur pada kolom Brand/Company,"Konfirmasi Vendor, Brand, tags, nama produk/seri, dan SKU nyata sebelum memindahkan row ke 04_materials.csv."
BLOCKER,MaterialCandidate,List,46,matcand_list_r0046,MATERIAL_IDENTITY_INCOMPLETE,SKU eksplisit tidak tersedia; kolom Product adalah family/subkategori dan belum membuktikan nama produk/seri; Brand dan Vendor masih bercampur pada kolom Brand/Company,"Konfirmasi Vendor, Brand, tags, nama produk/seri, dan SKU nyata sebelum memindahkan row ke 04_materials.csv."
BLOCKER,MaterialCandidate,List,47,matcand_list_r0047,MATERIAL_IDENTITY_INCOMPLETE,SKU eksplisit tidak tersedia; kolom Product adalah family/subkategori dan belum membuktikan nama produk/seri; Brand dan Vendor masih bercampur pada kolom Brand/Company,"Konfirmasi Vendor, Brand, tags, nama produk/seri, dan SKU nyata sebelum memindahkan row ke 04_materials.csv."
BLOCKER,MaterialCandidate,List,48,matcand_list_r0048,MATERIAL_IDENTITY_INCOMPLETE,SKU eksplisit tidak tersedia; kolom Product adalah family/subkategori dan belum membuktikan nama produk/seri; Brand dan Vendor masih bercampur pada kolom Brand/Company,"Konfirmasi Vendor, Brand, tags, nama produk/seri, dan SKU nyata sebelum memindahkan row ke 04_materials.csv."
BLOCKER,MaterialCandidate,List,49,matcand_list_r0049,MATERIAL_IDENTITY_INCOMPLETE,SKU eksplisit tidak tersedia; kolom Product adalah family/subkategori dan belum membuktikan nama produk/seri; Brand dan Vendor masih bercampur pada kolom Brand/Company,"Konfirmasi Vendor, Brand, tags, nama produk/seri, dan SKU nyata sebelum memindahkan row ke 04_materials.csv."
BLOCKER,MaterialCandidate,List,50,matcand_list_r0050,MATERIAL_IDENTITY_INCOMPLETE,SKU eksplisit tidak tersedia; kolom Product adalah family/subkategori dan belum membuktikan nama produk/seri; Brand dan Vendor masih bercampur pada kolom Brand/Company,"Konfirmasi Vendor, Brand, tags, nama produk/seri, dan SKU nyata sebelum memindahkan row ke 04_materials.csv."
BLOCKER,MaterialCandidate,List,51,matcand_list_r0051,MATERIAL_IDENTITY_INCOMPLETE,SKU eksplisit tidak tersedia; kolom Product adalah family/subkategori dan belum membuktikan nama produk/seri; Brand dan Vendor masih bercampur pada kolom Brand/Company,"Konfirmasi Vendor, Brand, tags, nama produk/seri, dan SKU nyata sebelum memindahkan row ke 04_materials.csv."
BLOCKER,MaterialCandidate,List,52,matcand_list_r0052,MATERIAL_IDENTITY_INCOMPLETE,SKU eksplisit tidak tersedia; kolom Product adalah family/subkategori dan belum membuktikan nama produk/seri; Brand dan Vendor masih bercampur pada kolom Brand/Company,"Konfirmasi Vendor, Brand, tags, nama produk/seri, dan SKU nyata sebelum memindahkan row ke 04_materials.csv."
BLOCKER,MaterialCandidate,List,53,matcand_list_r0053,MATERIAL_IDENTITY_INCOMPLETE,SKU eksplisit tidak tersedia; kolom Product adalah family/subkategori dan belum membuktikan nama produk/seri; Brand dan Vendor masih bercampur pada kolom Brand/Company,"Konfirmasi Vendor, Brand, tags, nama produk/seri, dan SKU nyata sebelum memindahkan row ke 04_materials.csv."
BLOCKER,MaterialCandidate,List,54,matcand_list_r0054,MATERIAL_IDENTITY_INCOMPLETE,SKU eksplisit tidak tersedia; kolom Product adalah family/subkategori dan belum membuktikan nama produk/seri; Brand dan Vendor masih bercampur pada kolom Brand/Company,"Konfirmasi Vendor, Brand, tags, nama produk/seri, dan SKU nyata sebelum memindahkan row ke 04_materials.csv."
BLOCKER,MaterialCandidate,List,55,matcand_list_r0055,MATERIAL_IDENTITY_INCOMPLETE,SKU eksplisit tidak tersedia; kolom Product adalah family/subkategori dan belum membuktikan nama produk/seri; Brand dan Vendor masih bercampur pada kolom Brand/Company,"Konfirmasi Vendor, Brand, tags, nama produk/seri, dan SKU nyata sebelum memindahkan row ke 04_materials.csv."
BLOCKER,MaterialCandidate,List,56,matcand_list_r0056,MATERIAL_IDENTITY_INCOMPLETE,SKU eksplisit tidak tersedia; kolom Product adalah family/subkategori dan belum membuktikan nama produk/seri; Brand dan Vendor masih bercampur pada kolom Brand/Company,"Konfirmasi Vendor, Brand, tags, nama produk/seri, dan SKU nyata sebelum memindahkan row ke 04_materials.csv."
BLOCKER,MaterialCandidate,List,57,matcand_list_r0057,MATERIAL_IDENTITY_INCOMPLETE,SKU eksplisit tidak tersedia; kolom Product adalah family/subkategori dan belum membuktikan nama produk/seri; Brand dan Vendor masih bercampur pada kolom Brand/Company,"Konfirmasi Vendor, Brand, tags, nama produk/seri, dan SKU nyata sebelum memindahkan row ke 04_materials.csv."
BLOCKER,MaterialCandidate,List,58,matcand_list_r0058,MATERIAL_IDENTITY_INCOMPLETE,SKU eksplisit tidak tersedia; kolom Product adalah family/subkategori dan belum membuktikan nama produk/seri; Brand dan Vendor masih bercampur pada kolom Brand/Company,"Konfirmasi Vendor, Brand, tags, nama produk/seri, dan SKU nyata sebelum memindahkan row ke 04_materials.csv."
BLOCKER,MaterialCandidate,List,59,matcand_list_r0059,MATERIAL_IDENTITY_INCOMPLETE,SKU eksplisit tidak tersedia; kolom Product adalah family/subkategori dan belum membuktikan nama produk/seri; Brand dan Vendor masih bercampur pada kolom Brand/Company,"Konfirmasi Vendor, Brand, tags, nama produk/seri, dan SKU nyata sebelum memindahkan row ke 04_materials.csv."
BLOCKER,MaterialCandidate,List,60,matcand_list_r0060,MATERIAL_IDENTITY_INCOMPLETE,SKU eksplisit tidak tersedia; kolom Product adalah family/subkategori dan belum membuktikan nama produk/seri; Brand dan Vendor masih bercampur pada kolom Brand/Company,"Konfirmasi Vendor, Brand, tags, nama produk/seri, dan SKU nyata sebelum memindahkan row ke 04_materials.csv."
BLOCKER,MaterialCandidate,List,61,matcand_list_r0061,MATERIAL_IDENTITY_INCOMPLETE,SKU eksplisit tidak tersedia; kolom Product adalah family/subkategori dan belum membuktikan nama produk/seri; Brand dan Vendor masih bercampur pada kolom Brand/Company,"Konfirmasi Vendor, Brand, tags, nama produk/seri, dan SKU nyata sebelum memindahkan row ke 04_materials.csv."
BLOCKER,MaterialCandidate,List,62,matcand_list_r0062,MATERIAL_IDENTITY_INCOMPLETE,SKU eksplisit tidak tersedia; kolom Product adalah family/subkategori dan belum membuktikan nama produk/seri; Brand dan Vendor masih bercampur pada kolom Brand/Company,"Konfirmasi Vendor, Brand, tags, nama produk/seri, dan SKU nyata sebelum memindahkan row ke 04_materials.csv."
BLOCKER,MaterialCandidate,List,63,matcand_list_r0063,MATERIAL_IDENTITY_INCOMPLETE,SKU eksplisit tidak tersedia; kolom Product adalah family/subkategori dan belum membuktikan nama produk/seri; Brand dan Vendor masih bercampur pada kolom Brand/Company,"Konfirmasi Vendor, Brand, tags, nama produk/seri, dan SKU nyata sebelum memindahkan row ke 04_materials.csv."
BLOCKER,MaterialCandidate,List,64,matcand_list_r0064,MATERIAL_IDENTITY_INCOMPLETE,SKU eksplisit tidak tersedia; kolom Product adalah family/subkategori dan belum membuktikan nama produk/seri; Brand dan Vendor masih bercampur pada kolom Brand/Company,"Konfirmasi Vendor, Brand, tags, nama produk/seri, dan SKU nyata sebelum memindahkan row ke 04_materials.csv."
BLOCKER,MaterialCandidate,List,65,matcand_list_r0065,MATERIAL_IDENTITY_INCOMPLETE,SKU eksplisit tidak tersedia; kolom Product adalah family/subkategori dan belum membuktikan nama produk/seri; Brand dan Vendor masih bercampur pada kolom Brand/Company,"Konfirmasi Vendor, Brand, tags, nama produk/seri, dan SKU nyata sebelum memindahkan row ke 04_materials.csv."
BLOCKER,MaterialCandidate,List,66,matcand_list_r0066,MATERIAL_IDENTITY_INCOMPLETE,SKU eksplisit tidak tersedia; kolom Product adalah family/subkategori dan belum membuktikan nama produk/seri; Brand dan Vendor masih bercampur pada kolom Brand/Company,"Konfirmasi Vendor, Brand, tags, nama produk/seri, dan SKU nyata sebelum memindahkan row ke 04_materials.csv."
BLOCKER,MaterialCandidate,List,67,matcand_list_r0067,MATERIAL_IDENTITY_INCOMPLETE,SKU eksplisit tidak tersedia; kolom Product adalah family/subkategori dan belum membuktikan nama produk/seri; Brand dan Vendor masih bercampur pada kolom Brand/Company,"Konfirmasi Vendor, Brand, tags, nama produk/seri, dan SKU nyata sebelum memindahkan row ke 04_materials.csv."
BLOCKER,MaterialCandidate,List,68,matcand_list_r0068,MATERIAL_IDENTITY_INCOMPLETE,SKU eksplisit tidak tersedia; kolom Product adalah family/subkategori dan belum membuktikan nama produk/seri; Brand dan Vendor masih bercampur pada kolom Brand/Company,"Konfirmasi Vendor, Brand, tags, nama produk/seri, dan SKU nyata sebelum memindahkan row ke 04_materials.csv."
BLOCKER,MaterialCandidate,List,69,matcand_list_r0069,MATERIAL_IDENTITY_INCOMPLETE,SKU eksplisit tidak tersedia; kolom Product adalah family/subkategori dan belum membuktikan nama produk/seri; Brand dan Vendor masih bercampur pada kolom Brand/Company,"Konfirmasi Vendor, Brand, tags, nama produk/seri, dan SKU nyata sebelum memindahkan row ke 04_materials.csv."
BLOCKER,MaterialCandidate,List,70,matcand_list_r0070,MATERIAL_IDENTITY_INCOMPLETE,SKU eksplisit tidak tersedia; kolom Product adalah family/subkategori dan belum membuktikan nama produk/seri; Brand dan Vendor masih bercampur pada kolom Brand/Company,"Konfirmasi Vendor, Brand, tags, nama produk/seri, dan SKU nyata sebelum memindahkan row ke 04_materials.csv."
BLOCKER,MaterialCandidate,List,71,matcand_list_r0071,MATERIAL_IDENTITY_INCOMPLETE,SKU eksplisit tidak tersedia; kolom Product adalah family/subkategori dan belum membuktikan nama produk/seri; Brand dan Vendor masih bercampur pada kolom Brand/Company,"Konfirmasi Vendor, Brand, tags, nama produk/seri, dan SKU nyata sebelum memindahkan row ke 04_materials.csv."
BLOCKER,MaterialCandidate,List,72,matcand_list_r0072,MATERIAL_IDENTITY_INCOMPLETE,SKU eksplisit tidak tersedia; kolom Product adalah family/subkategori dan belum membuktikan nama produk/seri; Brand dan Vendor masih bercampur pada kolom Brand/Company,"Konfirmasi Vendor, Brand, tags, nama produk/seri, dan SKU nyata sebelum memindahkan row ke 04_materials.csv."
BLOCKER,MaterialCandidate,List,73,matcand_list_r0073,MATERIAL_IDENTITY_INCOMPLETE,SKU eksplisit tidak tersedia; kolom Product adalah family/subkategori dan belum membuktikan nama produk/seri; Brand dan Vendor masih bercampur pada kolom Brand/Company,"Konfirmasi Vendor, Brand, tags, nama produk/seri, dan SKU nyata sebelum memindahkan row ke 04_materials.csv."
BLOCKER,MaterialCandidate,List,74,matcand_list_r0074,MATERIAL_IDENTITY_INCOMPLETE,SKU eksplisit tidak tersedia; kolom Product adalah family/subkategori dan belum membuktikan nama produk/seri; Brand dan Vendor masih bercampur pada kolom Brand/Company,"Konfirmasi Vendor, Brand, tags, nama produk/seri, dan SKU nyata sebelum memindahkan row ke 04_materials.csv."
BLOCKER,MaterialCandidate,List,75,matcand_list_r0075,MATERIAL_IDENTITY_INCOMPLETE,SKU eksplisit tidak tersedia; kolom Product adalah family/subkategori dan belum membuktikan nama produk/seri; Brand dan Vendor masih bercampur pada kolom Brand/Company,"Konfirmasi Vendor, Brand, tags, nama produk/seri, dan SKU nyata sebelum memindahkan row ke 04_materials.csv."
BLOCKER,MaterialCandidate,List,76,matcand_list_r0076,MATERIAL_IDENTITY_INCOMPLETE,SKU eksplisit tidak tersedia; kolom Product adalah family/subkategori dan belum membuktikan nama produk/seri; Brand dan Vendor masih bercampur pada kolom Brand/Company,"Konfirmasi Vendor, Brand, tags, nama produk/seri, dan SKU nyata sebelum memindahkan row ke 04_materials.csv."
BLOCKER,MaterialCandidate,List,77,matcand_list_r0077,MATERIAL_IDENTITY_INCOMPLETE,SKU eksplisit tidak tersedia; kolom Product adalah family/subkategori dan belum membuktikan nama produk/seri; Brand dan Vendor masih bercampur pada kolom Brand/Company,"Konfirmasi Vendor, Brand, tags, nama produk/seri, dan SKU nyata sebelum memindahkan row ke 04_materials.csv."
BLOCKER,MaterialCandidate,List,78,matcand_list_r0078,MATERIAL_IDENTITY_INCOMPLETE,SKU eksplisit tidak tersedia; kolom Product adalah family/subkategori dan belum membuktikan nama produk/seri; Brand dan Vendor masih bercampur pada kolom Brand/Company,"Konfirmasi Vendor, Brand, tags, nama produk/seri, dan SKU nyata sebelum memindahkan row ke 04_materials.csv."
BLOCKER,MaterialCandidate,List,79,matcand_list_r0079,MATERIAL_IDENTITY_INCOMPLETE,SKU eksplisit tidak tersedia; kolom Product adalah family/subkategori dan belum membuktikan nama produk/seri; Brand dan Vendor masih bercampur pada kolom Brand/Company,"Konfirmasi Vendor, Brand, tags, nama produk/seri, dan SKU nyata sebelum memindahkan row ke 04_materials.csv."
BLOCKER,MaterialCandidate,List,80,matcand_list_r0080,MATERIAL_IDENTITY_INCOMPLETE,SKU eksplisit tidak tersedia; kolom Product adalah family/subkategori dan belum membuktikan nama produk/seri; Brand dan Vendor masih bercampur pada kolom Brand/Company,"Konfirmasi Vendor, Brand, tags, nama produk/seri, dan SKU nyata sebelum memindahkan row ke 04_materials.csv."
BLOCKER,MaterialCandidate,List,81,matcand_list_r0081,MATERIAL_IDENTITY_INCOMPLETE,SKU eksplisit tidak tersedia; kolom Product adalah family/subkategori dan belum membuktikan nama produk/seri; Brand dan Vendor masih bercampur pada kolom Brand/Company,"Konfirmasi Vendor, Brand, tags, nama produk/seri, dan SKU nyata sebelum memindahkan row ke 04_materials.csv."
BLOCKER,MaterialCandidate,List,82,matcand_list_r0082,MATERIAL_IDENTITY_INCOMPLETE,SKU eksplisit tidak tersedia; kolom Product adalah family/subkategori dan belum membuktikan nama produk/seri; Brand dan Vendor masih bercampur pada kolom Brand/Company,"Konfirmasi Vendor, Brand, tags, nama produk/seri, dan SKU nyata sebelum memindahkan row ke 04_materials.csv."
BLOCKER,MaterialCandidate,List,83,matcand_list_r0083,MATERIAL_IDENTITY_INCOMPLETE,SKU eksplisit tidak tersedia; kolom Product adalah family/subkategori dan belum membuktikan nama produk/seri; Brand dan Vendor masih bercampur pada kolom Brand/Company,"Konfirmasi Vendor, Brand, tags, nama produk/seri, dan SKU nyata sebelum memindahkan row ke 04_materials.csv."
BLOCKER,MaterialCandidate,List,84,matcand_list_r0084,MATERIAL_IDENTITY_INCOMPLETE,SKU eksplisit tidak tersedia; kolom Product adalah family/subkategori dan belum membuktikan nama produk/seri; Brand dan Vendor masih bercampur pada kolom Brand/Company,"Konfirmasi Vendor, Brand, tags, nama produk/seri, dan SKU nyata sebelum memindahkan row ke 04_materials.csv."
BLOCKER,MaterialCandidate,List,85,matcand_list_r0085,MATERIAL_IDENTITY_INCOMPLETE,SKU eksplisit tidak tersedia; kolom Product adalah family/subkategori dan belum membuktikan nama produk/seri; Brand dan Vendor masih bercampur pada kolom Brand/Company,"Konfirmasi Vendor, Brand, tags, nama produk/seri, dan SKU nyata sebelum memindahkan row ke 04_materials.csv."
BLOCKER,MaterialCandidate,List,86,matcand_list_r0086,MATERIAL_IDENTITY_INCOMPLETE,SKU eksplisit tidak tersedia; kolom Product adalah family/subkategori dan belum membuktikan nama produk/seri; Brand dan Vendor masih bercampur pada kolom Brand/Company,"Konfirmasi Vendor, Brand, tags, nama produk/seri, dan SKU nyata sebelum memindahkan row ke 04_materials.csv."
BLOCKER,MaterialCandidate,List,87,matcand_list_r0087,MATERIAL_IDENTITY_INCOMPLETE,SKU eksplisit tidak tersedia; kolom Product adalah family/subkategori dan belum membuktikan nama produk/seri; Brand dan Vendor masih bercampur pada kolom Brand/Company,"Konfirmasi Vendor, Brand, tags, nama produk/seri, dan SKU nyata sebelum memindahkan row ke 04_materials.csv."
BLOCKER,MaterialCandidate,List,88,matcand_list_r0088,MATERIAL_IDENTITY_INCOMPLETE,SKU eksplisit tidak tersedia; kolom Product adalah family/subkategori dan belum membuktikan nama produk/seri; Brand dan Vendor masih bercampur pada kolom Brand/Company,"Konfirmasi Vendor, Brand, tags, nama produk/seri, dan SKU nyata sebelum memindahkan row ke 04_materials.csv."
BLOCKER,MaterialCandidate,List,89,matcand_list_r0089,MATERIAL_IDENTITY_INCOMPLETE,SKU eksplisit tidak tersedia; kolom Product adalah family/subkategori dan belum membuktikan nama produk/seri; Brand dan Vendor masih bercampur pada kolom Brand/Company,"Konfirmasi Vendor, Brand, tags, nama produk/seri, dan SKU nyata sebelum memindahkan row ke 04_materials.csv."
BLOCKER,MaterialCandidate,List,90,matcand_list_r0090,MATERIAL_IDENTITY_INCOMPLETE,SKU eksplisit tidak tersedia; kolom Product adalah family/subkategori dan belum membuktikan nama produk/seri; Brand dan Vendor masih bercampur pada kolom Brand/Company,"Konfirmasi Vendor, Brand, tags, nama produk/seri, dan SKU nyata sebelum memindahkan row ke 04_materials.csv."
BLOCKER,MaterialCandidate,List,91,matcand_list_r0091,MATERIAL_IDENTITY_INCOMPLETE,SKU eksplisit tidak tersedia; kolom Product adalah family/subkategori dan belum membuktikan nama produk/seri; Brand dan Vendor masih bercampur pada kolom Brand/Company,"Konfirmasi Vendor, Brand, tags, nama produk/seri, dan SKU nyata sebelum memindahkan row ke 04_materials.csv."
BLOCKER,MaterialCandidate,List,92,matcand_list_r0092,MATERIAL_IDENTITY_INCOMPLETE,SKU eksplisit tidak tersedia; kolom Product adalah family/subkategori dan belum membuktikan nama produk/seri; Brand dan Vendor masih bercampur pada kolom Brand/Company,"Konfirmasi Vendor, Brand, tags, nama produk/seri, dan SKU nyata sebelum memindahkan row ke 04_materials.csv."
BLOCKER,MaterialCandidate,List,93,matcand_list_r0093,MATERIAL_IDENTITY_INCOMPLETE,SKU eksplisit tidak tersedia; kolom Product adalah family/subkategori dan belum membuktikan nama produk/seri; Brand dan Vendor masih bercampur pada kolom Brand/Company,"Konfirmasi Vendor, Brand, tags, nama produk/seri, dan SKU nyata sebelum memindahkan row ke 04_materials.csv."
BLOCKER,MaterialCandidate,List,94,matcand_list_r0094,MATERIAL_IDENTITY_INCOMPLETE,SKU eksplisit tidak tersedia; kolom Product adalah family/subkategori dan belum membuktikan nama produk/seri; Brand dan Vendor masih bercampur pada kolom Brand/Company,"Konfirmasi Vendor, Brand, tags, nama produk/seri, dan SKU nyata sebelum memindahkan row ke 04_materials.csv."
BLOCKER,MaterialCandidate,List,95,matcand_list_r0095,MATERIAL_IDENTITY_INCOMPLETE,SKU eksplisit tidak tersedia; kolom Product adalah family/subkategori dan belum membuktikan nama produk/seri; Brand dan Vendor masih bercampur pada kolom Brand/Company,"Konfirmasi Vendor, Brand, tags, nama produk/seri, dan SKU nyata sebelum memindahkan row ke 04_materials.csv."
BLOCKER,MaterialCandidate,List,96,matcand_list_r0096,MATERIAL_IDENTITY_INCOMPLETE,SKU eksplisit tidak tersedia; kolom Product adalah family/subkategori dan belum membuktikan nama produk/seri; Brand dan Vendor masih bercampur pada kolom Brand/Company,"Konfirmasi Vendor, Brand, tags, nama produk/seri, dan SKU nyata sebelum memindahkan row ke 04_materials.csv."
BLOCKER,MaterialCandidate,List,97,matcand_list_r0097,MATERIAL_IDENTITY_INCOMPLETE,SKU eksplisit tidak tersedia; kolom Product adalah family/subkategori dan belum membuktikan nama produk/seri; Brand dan Vendor masih bercampur pada kolom Brand/Company,"Konfirmasi Vendor, Brand, tags, nama produk/seri, dan SKU nyata sebelum memindahkan row ke 04_materials.csv."
BLOCKER,MaterialCandidate,List,98,matcand_list_r0098,MATERIAL_IDENTITY_INCOMPLETE,SKU eksplisit tidak tersedia; kolom Product adalah family/subkategori dan belum membuktikan nama produk/seri; Brand dan Vendor masih bercampur pada kolom Brand/Company,"Konfirmasi Vendor, Brand, tags, nama produk/seri, dan SKU nyata sebelum memindahkan row ke 04_materials.csv."
BLOCKER,MaterialCandidate,List,99,matcand_list_r0099,MATERIAL_IDENTITY_INCOMPLETE,SKU eksplisit tidak tersedia; kolom Product adalah family/subkategori dan belum membuktikan nama produk/seri; Brand dan Vendor masih bercampur pada kolom Brand/Company,"Konfirmasi Vendor, Brand, tags, nama produk/seri, dan SKU nyata sebelum memindahkan row ke 04_materials.csv."
BLOCKER,MaterialCandidate,List,100,matcand_list_r0100,MATERIAL_IDENTITY_INCOMPLETE,SKU eksplisit tidak tersedia; kolom Product adalah family/subkategori dan belum membuktikan nama produk/seri; Brand dan Vendor masih bercampur pada kolom Brand/Company,"Konfirmasi Vendor, Brand, tags, nama produk/seri, dan SKU nyata sebelum memindahkan row ke 04_materials.csv."
BLOCKER,MaterialCandidate,List,101,matcand_list_r0101,MATERIAL_IDENTITY_INCOMPLETE,SKU eksplisit tidak tersedia; kolom Product adalah family/subkategori dan belum membuktikan nama produk/seri; Brand dan Vendor masih bercampur pada kolom Brand/Company,"Konfirmasi Vendor, Brand, tags, nama produk/seri, dan SKU nyata sebelum memindahkan row ke 04_materials.csv."
BLOCKER,MaterialCandidate,List,102,matcand_list_r0102,MATERIAL_IDENTITY_INCOMPLETE,SKU eksplisit tidak tersedia; kolom Product adalah family/subkategori dan belum membuktikan nama produk/seri; Brand dan Vendor masih bercampur pada kolom Brand/Company,"Konfirmasi Vendor, Brand, tags, nama produk/seri, dan SKU nyata sebelum memindahkan row ke 04_materials.csv."
BLOCKER,MaterialCandidate,List,103,matcand_list_r0103,MATERIAL_IDENTITY_INCOMPLETE,SKU eksplisit tidak tersedia; kolom Product adalah family/subkategori dan belum membuktikan nama produk/seri; Brand dan Vendor masih bercampur pada kolom Brand/Company,"Konfirmasi Vendor, Brand, tags, nama produk/seri, dan SKU nyata sebelum memindahkan row ke 04_materials.csv."
BLOCKER,MaterialCandidate,List,104,matcand_list_r0104,MATERIAL_IDENTITY_INCOMPLETE,SKU eksplisit tidak tersedia; kolom Product adalah family/subkategori dan belum membuktikan nama produk/seri; Brand dan Vendor masih bercampur pada kolom Brand/Company,"Konfirmasi Vendor, Brand, tags, nama produk/seri, dan SKU nyata sebelum memindahkan row ke 04_materials.csv."
BLOCKER,MaterialCandidate,List,105,matcand_list_r0105,MATERIAL_IDENTITY_INCOMPLETE,SKU eksplisit tidak tersedia; kolom Product adalah family/subkategori dan belum membuktikan nama produk/seri; Brand dan Vendor masih bercampur pada kolom Brand/Company,"Konfirmasi Vendor, Brand, tags, nama produk/seri, dan SKU nyata sebelum memindahkan row ke 04_materials.csv."
BLOCKER,MaterialCandidate,List,106,matcand_list_r0106,MATERIAL_IDENTITY_INCOMPLETE,SKU eksplisit tidak tersedia; kolom Product adalah family/subkategori dan belum membuktikan nama produk/seri; Brand dan Vendor masih bercampur pada kolom Brand/Company,"Konfirmasi Vendor, Brand, tags, nama produk/seri, dan SKU nyata sebelum memindahkan row ke 04_materials.csv."
BLOCKER,MaterialCandidate,List,107,matcand_list_r0107,MATERIAL_IDENTITY_INCOMPLETE,SKU eksplisit tidak tersedia; kolom Product adalah family/subkategori dan belum membuktikan nama produk/seri; Brand dan Vendor masih bercampur pada kolom Brand/Company,"Konfirmasi Vendor, Brand, tags, nama produk/seri, dan SKU nyata sebelum memindahkan row ke 04_materials.csv."
BLOCKER,MaterialCandidate,List,108,matcand_list_r0108,MATERIAL_IDENTITY_INCOMPLETE,SKU eksplisit tidak tersedia; kolom Product adalah family/subkategori dan belum membuktikan nama produk/seri; Brand dan Vendor masih bercampur pada kolom Brand/Company,"Konfirmasi Vendor, Brand, tags, nama produk/seri, dan SKU nyata sebelum memindahkan row ke 04_materials.csv."
BLOCKER,MaterialCandidate,List,109,matcand_list_r0109,MATERIAL_IDENTITY_INCOMPLETE,SKU eksplisit tidak tersedia; kolom Product adalah family/subkategori dan belum membuktikan nama produk/seri; Brand dan Vendor masih bercampur pada kolom Brand/Company,"Konfirmasi Vendor, Brand, tags, nama produk/seri, dan SKU nyata sebelum memindahkan row ke 04_materials.csv."
BLOCKER,MaterialCandidate,List,110,matcand_list_r0110,MATERIAL_IDENTITY_INCOMPLETE,SKU eksplisit tidak tersedia; kolom Product adalah family/subkategori dan belum membuktikan nama produk/seri; Brand dan Vendor masih bercampur pada kolom Brand/Company,"Konfirmasi Vendor, Brand, tags, nama produk/seri, dan SKU nyata sebelum memindahkan row ke 04_materials.csv."
BLOCKER,MaterialCandidate,List,111,matcand_list_r0111,MATERIAL_IDENTITY_INCOMPLETE,SKU eksplisit tidak tersedia; kolom Product adalah family/subkategori dan belum membuktikan nama produk/seri; Brand dan Vendor masih bercampur pada kolom Brand/Company,"Konfirmasi Vendor, Brand, tags, nama produk/seri, dan SKU nyata sebelum memindahkan row ke 04_materials.csv."
BLOCKER,MaterialCandidate,List,112,matcand_list_r0112,MATERIAL_IDENTITY_INCOMPLETE,SKU eksplisit tidak tersedia; kolom Product adalah family/subkategori dan belum membuktikan nama produk/seri; Brand dan Vendor masih bercampur pada kolom Brand/Company,"Konfirmasi Vendor, Brand, tags, nama produk/seri, dan SKU nyata sebelum memindahkan row ke 04_materials.csv."
BLOCKER,MaterialCandidate,List,113,matcand_list_r0113,MATERIAL_IDENTITY_INCOMPLETE,SKU eksplisit tidak tersedia; kolom Product adalah family/subkategori dan belum membuktikan nama produk/seri; Brand dan Vendor masih bercampur pada kolom Brand/Company,"Konfirmasi Vendor, Brand, tags, nama produk/seri, dan SKU nyata sebelum memindahkan row ke 04_materials.csv."
BLOCKER,MaterialCandidate,List,114,matcand_list_r0114,MATERIAL_IDENTITY_INCOMPLETE,SKU eksplisit tidak tersedia; kolom Product adalah family/subkategori dan belum membuktikan nama produk/seri; Brand dan Vendor masih bercampur pada kolom Brand/Company,"Konfirmasi Vendor, Brand, tags, nama produk/seri, dan SKU nyata sebelum memindahkan row ke 04_materials.csv."
BLOCKER,MaterialCandidate,List,115,matcand_list_r0115,MATERIAL_IDENTITY_INCOMPLETE,SKU eksplisit tidak tersedia; kolom Product adalah family/subkategori dan belum membuktikan nama produk/seri; Brand dan Vendor masih bercampur pada kolom Brand/Company,"Konfirmasi Vendor, Brand, tags, nama produk/seri, dan SKU nyata sebelum memindahkan row ke 04_materials.csv."
BLOCKER,MaterialCandidate,List,116,matcand_list_r0116,MATERIAL_IDENTITY_INCOMPLETE,SKU eksplisit tidak tersedia; kolom Product adalah family/subkategori dan belum membuktikan nama produk/seri; Brand dan Vendor masih bercampur pada kolom Brand/Company,"Konfirmasi Vendor, Brand, tags, nama produk/seri, dan SKU nyata sebelum memindahkan row ke 04_materials.csv."
BLOCKER,MaterialCandidate,List,117,matcand_list_r0117,MATERIAL_IDENTITY_INCOMPLETE,SKU eksplisit tidak tersedia; kolom Product adalah family/subkategori dan belum membuktikan nama produk/seri; Brand dan Vendor masih bercampur pada kolom Brand/Company,"Konfirmasi Vendor, Brand, tags, nama produk/seri, dan SKU nyata sebelum memindahkan row ke 04_materials.csv."
BLOCKER,MaterialCandidate,List,118,matcand_list_r0118,MATERIAL_IDENTITY_INCOMPLETE,SKU eksplisit tidak tersedia; kolom Product adalah family/subkategori dan belum membuktikan nama produk/seri; Brand dan Vendor masih bercampur pada kolom Brand/Company,"Konfirmasi Vendor, Brand, tags, nama produk/seri, dan SKU nyata sebelum memindahkan row ke 04_materials.csv."
BLOCKER,MaterialCandidate,List,119,matcand_list_r0119,MATERIAL_IDENTITY_INCOMPLETE,SKU eksplisit tidak tersedia; kolom Product adalah family/subkategori dan belum membuktikan nama produk/seri; Brand dan Vendor masih bercampur pada kolom Brand/Company,"Konfirmasi Vendor, Brand, tags, nama produk/seri, dan SKU nyata sebelum memindahkan row ke 04_materials.csv."
BLOCKER,MaterialCandidate,List,120,matcand_list_r0120,MATERIAL_IDENTITY_INCOMPLETE,SKU eksplisit tidak tersedia; kolom Product adalah family/subkategori dan belum membuktikan nama produk/seri; Brand dan Vendor masih bercampur pada kolom Brand/Company,"Konfirmasi Vendor, Brand, tags, nama produk/seri, dan SKU nyata sebelum memindahkan row ke 04_materials.csv."
BLOCKER,MaterialCandidate,List,121,matcand_list_r0121,MATERIAL_IDENTITY_INCOMPLETE,SKU eksplisit tidak tersedia; kolom Product adalah family/subkategori dan belum membuktikan nama produk/seri; Brand dan Vendor masih bercampur pada kolom Brand/Company,"Konfirmasi Vendor, Brand, tags, nama produk/seri, dan SKU nyata sebelum memindahkan row ke 04_materials.csv."
BLOCKER,MaterialCandidate,List,122,matcand_list_r0122,MATERIAL_IDENTITY_INCOMPLETE,SKU eksplisit tidak tersedia; kolom Product adalah family/subkategori dan belum membuktikan nama produk/seri; Brand dan Vendor masih bercampur pada kolom Brand/Company,"Konfirmasi Vendor, Brand, tags, nama produk/seri, dan SKU nyata sebelum memindahkan row ke 04_materials.csv."
BLOCKER,MaterialCandidate,List,123,matcand_list_r0123,MATERIAL_IDENTITY_INCOMPLETE,SKU eksplisit tidak tersedia; kolom Product adalah family/subkategori dan belum membuktikan nama produk/seri; Brand dan Vendor masih bercampur pada kolom Brand/Company,"Konfirmasi Vendor, Brand, tags, nama produk/seri, dan SKU nyata sebelum memindahkan row ke 04_materials.csv."
BLOCKER,MaterialCandidate,List,124,matcand_list_r0124,MATERIAL_IDENTITY_INCOMPLETE,SKU eksplisit tidak tersedia; kolom Product adalah family/subkategori dan belum membuktikan nama produk/seri; Brand dan Vendor masih bercampur pada kolom Brand/Company,"Konfirmasi Vendor, Brand, tags, nama produk/seri, dan SKU nyata sebelum memindahkan row ke 04_materials.csv."
BLOCKER,MaterialCandidate,List,125,matcand_list_r0125,MATERIAL_IDENTITY_INCOMPLETE,SKU eksplisit tidak tersedia; kolom Product adalah family/subkategori dan belum membuktikan nama produk/seri; Brand dan Vendor masih bercampur pada kolom Brand/Company,"Konfirmasi Vendor, Brand, tags, nama produk/seri, dan SKU nyata sebelum memindahkan row ke 04_materials.csv."
BLOCKER,MaterialCandidate,List,126,matcand_list_r0126,MATERIAL_IDENTITY_INCOMPLETE,SKU eksplisit tidak tersedia; kolom Product adalah family/subkategori dan belum membuktikan nama produk/seri; Brand dan Vendor masih bercampur pada kolom Brand/Company,"Konfirmasi Vendor, Brand, tags, nama produk/seri, dan SKU nyata sebelum memindahkan row ke 04_materials.csv."
BLOCKER,MaterialCandidate,List,127,matcand_list_r0127,MATERIAL_IDENTITY_INCOMPLETE,SKU eksplisit tidak tersedia; kolom Product adalah family/subkategori dan belum membuktikan nama produk/seri; Brand dan Vendor masih bercampur pada kolom Brand/Company,"Konfirmasi Vendor, Brand, tags, nama produk/seri, dan SKU nyata sebelum memindahkan row ke 04_materials.csv."
BLOCKER,MaterialCandidate,List,128,matcand_list_r0128,MATERIAL_IDENTITY_INCOMPLETE,SKU eksplisit tidak tersedia; kolom Product adalah family/subkategori dan belum membuktikan nama produk/seri; Brand dan Vendor masih bercampur pada kolom Brand/Company,"Konfirmasi Vendor, Brand, tags, nama produk/seri, dan SKU nyata sebelum memindahkan row ke 04_materials.csv."
BLOCKER,MaterialCandidate,List,129,matcand_list_r0129,MATERIAL_IDENTITY_INCOMPLETE,SKU eksplisit tidak tersedia; kolom Product adalah family/subkategori dan belum membuktikan nama produk/seri; Brand dan Vendor masih bercampur pada kolom Brand/Company,"Konfirmasi Vendor, Brand, tags, nama produk/seri, dan SKU nyata sebelum memindahkan row ke 04_materials.csv."
BLOCKER,MaterialCandidate,List,130,matcand_list_r0130,MATERIAL_IDENTITY_INCOMPLETE,SKU eksplisit tidak tersedia; kolom Product adalah family/subkategori dan belum membuktikan nama produk/seri; Brand dan Vendor masih bercampur pada kolom Brand/Company,"Konfirmasi Vendor, Brand, tags, nama produk/seri, dan SKU nyata sebelum memindahkan row ke 04_materials.csv."
BLOCKER,MaterialCandidate,List,131,matcand_list_r0131,MATERIAL_IDENTITY_INCOMPLETE,SKU eksplisit tidak tersedia; kolom Product adalah family/subkategori dan belum membuktikan nama produk/seri; Brand dan Vendor masih bercampur pada kolom Brand/Company,"Konfirmasi Vendor, Brand, tags, nama produk/seri, dan SKU nyata sebelum memindahkan row ke 04_materials.csv."
BLOCKER,MaterialCandidate,List,132,matcand_list_r0132,MATERIAL_IDENTITY_INCOMPLETE,SKU eksplisit tidak tersedia; kolom Product adalah family/subkategori dan belum membuktikan nama produk/seri; Brand dan Vendor masih bercampur pada kolom Brand/Company,"Konfirmasi Vendor, Brand, tags, nama produk/seri, dan SKU nyata sebelum memindahkan row ke 04_materials.csv."
BLOCKER,MaterialCandidate,List,133,matcand_list_r0133,MATERIAL_IDENTITY_INCOMPLETE,SKU eksplisit tidak tersedia; kolom Product adalah family/subkategori dan belum membuktikan nama produk/seri; Brand dan Vendor masih bercampur pada kolom Brand/Company,"Konfirmasi Vendor, Brand, tags, nama produk/seri, dan SKU nyata sebelum memindahkan row ke 04_materials.csv."
BLOCKER,MaterialCandidate,List,134,matcand_list_r0134,MATERIAL_IDENTITY_INCOMPLETE,SKU eksplisit tidak tersedia; kolom Product adalah family/subkategori dan belum membuktikan nama produk/seri; Brand dan Vendor masih bercampur pada kolom Brand/Company,"Konfirmasi Vendor, Brand, tags, nama produk/seri, dan SKU nyata sebelum memindahkan row ke 04_materials.csv."
BLOCKER,MaterialCandidate,List,135,matcand_list_r0135,MATERIAL_IDENTITY_INCOMPLETE,SKU eksplisit tidak tersedia; kolom Product adalah family/subkategori dan belum membuktikan nama produk/seri; Brand dan Vendor masih bercampur pada kolom Brand/Company,"Konfirmasi Vendor, Brand, tags, nama produk/seri, dan SKU nyata sebelum memindahkan row ke 04_materials.csv."
BLOCKER,MaterialCandidate,List,136,matcand_list_r0136,MATERIAL_IDENTITY_INCOMPLETE,SKU eksplisit tidak tersedia; kolom Product adalah family/subkategori dan belum membuktikan nama produk/seri; Brand dan Vendor masih bercampur pada kolom Brand/Company,"Konfirmasi Vendor, Brand, tags, nama produk/seri, dan SKU nyata sebelum memindahkan row ke 04_materials.csv."
BLOCKER,MaterialCandidate,List,137,matcand_list_r0137,MATERIAL_IDENTITY_INCOMPLETE,SKU eksplisit tidak tersedia; kolom Product adalah family/subkategori dan belum membuktikan nama produk/seri; Brand dan Vendor masih bercampur pada kolom Brand/Company,"Konfirmasi Vendor, Brand, tags, nama produk/seri, dan SKU nyata sebelum memindahkan row ke 04_materials.csv."
BLOCKER,MaterialCandidate,List,138,matcand_list_r0138,MATERIAL_IDENTITY_INCOMPLETE,SKU eksplisit tidak tersedia; kolom Product adalah family/subkategori dan belum membuktikan nama produk/seri; Brand dan Vendor masih bercampur pada kolom Brand/Company,"Konfirmasi Vendor, Brand, tags, nama produk/seri, dan SKU nyata sebelum memindahkan row ke 04_materials.csv."
BLOCKER,MaterialCandidate,List,139,matcand_list_r0139,MATERIAL_IDENTITY_INCOMPLETE,SKU eksplisit tidak tersedia; kolom Product adalah family/subkategori dan belum membuktikan nama produk/seri; Brand dan Vendor masih bercampur pada kolom Brand/Company,"Konfirmasi Vendor, Brand, tags, nama produk/seri, dan SKU nyata sebelum memindahkan row ke 04_materials.csv."
BLOCKER,MaterialCandidate,List,140,matcand_list_r0140,MATERIAL_IDENTITY_INCOMPLETE,SKU eksplisit tidak tersedia; kolom Product adalah family/subkategori dan belum membuktikan nama produk/seri; Brand dan Vendor masih bercampur pada kolom Brand/Company,"Konfirmasi Vendor, Brand, tags, nama produk/seri, dan SKU nyata sebelum memindahkan row ke 04_materials.csv."
BLOCKER,MaterialCandidate,List,141,matcand_list_r0141,MATERIAL_IDENTITY_INCOMPLETE,SKU eksplisit tidak tersedia; kolom Product adalah family/subkategori dan belum membuktikan nama produk/seri; Brand dan Vendor masih bercampur pada kolom Brand/Company,"Konfirmasi Vendor, Brand, tags, nama produk/seri, dan SKU nyata sebelum memindahkan row ke 04_materials.csv."
BLOCKER,MaterialCandidate,List,142,matcand_list_r0142,MATERIAL_IDENTITY_INCOMPLETE,SKU eksplisit tidak tersedia; kolom Product adalah family/subkategori dan belum membuktikan nama produk/seri; Brand dan Vendor masih bercampur pada kolom Brand/Company,"Konfirmasi Vendor, Brand, tags, nama produk/seri, dan SKU nyata sebelum memindahkan row ke 04_materials.csv."
BLOCKER,MaterialCandidate,List,143,matcand_list_r0143,MATERIAL_IDENTITY_INCOMPLETE,SKU eksplisit tidak tersedia; kolom Product adalah family/subkategori dan belum membuktikan nama produk/seri; Brand dan Vendor masih bercampur pada kolom Brand/Company,"Konfirmasi Vendor, Brand, tags, nama produk/seri, dan SKU nyata sebelum memindahkan row ke 04_materials.csv."
BLOCKER,MaterialCandidate,List,144,matcand_list_r0144,MATERIAL_IDENTITY_INCOMPLETE,SKU eksplisit tidak tersedia; kolom Product adalah family/subkategori dan belum membuktikan nama produk/seri; Brand dan Vendor masih bercampur pada kolom Brand/Company,"Konfirmasi Vendor, Brand, tags, nama produk/seri, dan SKU nyata sebelum memindahkan row ke 04_materials.csv."
BLOCKER,MaterialCandidate,List,145,matcand_list_r0145,MATERIAL_IDENTITY_INCOMPLETE,SKU eksplisit tidak tersedia; kolom Product adalah family/subkategori dan belum membuktikan nama produk/seri; Brand dan Vendor masih bercampur pada kolom Brand/Company,"Konfirmasi Vendor, Brand, tags, nama produk/seri, dan SKU nyata sebelum memindahkan row ke 04_materials.csv."
BLOCKER,MaterialCandidate,List,146,matcand_list_r0146,MATERIAL_IDENTITY_INCOMPLETE,SKU eksplisit tidak tersedia; kolom Product adalah family/subkategori dan belum membuktikan nama produk/seri; Brand dan Vendor masih bercampur pada kolom Brand/Company,"Konfirmasi Vendor, Brand, tags, nama produk/seri, dan SKU nyata sebelum memindahkan row ke 04_materials.csv."
BLOCKER,MaterialCandidate,List,147,matcand_list_r0147,MATERIAL_IDENTITY_INCOMPLETE,SKU eksplisit tidak tersedia; kolom Product adalah family/subkategori dan belum membuktikan nama produk/seri; Brand dan Vendor masih bercampur pada kolom Brand/Company,"Konfirmasi Vendor, Brand, tags, nama produk/seri, dan SKU nyata sebelum memindahkan row ke 04_materials.csv."
BLOCKER,MaterialCandidate,List,148,matcand_list_r0148,MATERIAL_IDENTITY_INCOMPLETE,SKU eksplisit tidak tersedia; kolom Product adalah family/subkategori dan belum membuktikan nama produk/seri; Brand dan Vendor masih bercampur pada kolom Brand/Company,"Konfirmasi Vendor, Brand, tags, nama produk/seri, dan SKU nyata sebelum memindahkan row ke 04_materials.csv."
BLOCKER,MaterialCandidate,List,149,matcand_list_r0149,MATERIAL_IDENTITY_INCOMPLETE,SKU eksplisit tidak tersedia; kolom Product adalah family/subkategori dan belum membuktikan nama produk/seri; Brand dan Vendor masih bercampur pada kolom Brand/Company,"Konfirmasi Vendor, Brand, tags, nama produk/seri, dan SKU nyata sebelum memindahkan row ke 04_materials.csv."
BLOCKER,MaterialCandidate,List,150,matcand_list_r0150,MATERIAL_IDENTITY_INCOMPLETE,SKU eksplisit tidak tersedia; kolom Product adalah family/subkategori dan belum membuktikan nama produk/seri; Brand dan Vendor masih bercampur pada kolom Brand/Company,"Konfirmasi Vendor, Brand, tags, nama produk/seri, dan SKU nyata sebelum memindahkan row ke 04_materials.csv."
BLOCKER,MaterialCandidate,List,151,matcand_list_r0151,MATERIAL_IDENTITY_INCOMPLETE,SKU eksplisit tidak tersedia; kolom Product adalah family/subkategori dan belum membuktikan nama produk/seri; Brand dan Vendor masih bercampur pada kolom Brand/Company,"Konfirmasi Vendor, Brand, tags, nama produk/seri, dan SKU nyata sebelum memindahkan row ke 04_materials.csv."
BLOCKER,MaterialCandidate,List,152,matcand_list_r0152,MATERIAL_IDENTITY_INCOMPLETE,SKU eksplisit tidak tersedia; kolom Product adalah family/subkategori dan belum membuktikan nama produk/seri; Brand dan Vendor masih bercampur pada kolom Brand/Company,"Konfirmasi Vendor, Brand, tags, nama produk/seri, dan SKU nyata sebelum memindahkan row ke 04_materials.csv."
BLOCKER,MaterialCandidate,List,153,matcand_list_r0153,MATERIAL_IDENTITY_INCOMPLETE,SKU eksplisit tidak tersedia; kolom Product adalah family/subkategori dan belum membuktikan nama produk/seri; Brand dan Vendor masih bercampur pada kolom Brand/Company,"Konfirmasi Vendor, Brand, tags, nama produk/seri, dan SKU nyata sebelum memindahkan row ke 04_materials.csv."
BLOCKER,MaterialCandidate,List,154,matcand_list_r0154,MATERIAL_IDENTITY_INCOMPLETE,SKU eksplisit tidak tersedia; kolom Product adalah family/subkategori dan belum membuktikan nama produk/seri; Brand dan Vendor masih bercampur pada kolom Brand/Company,"Konfirmasi Vendor, Brand, tags, nama produk/seri, dan SKU nyata sebelum memindahkan row ke 04_materials.csv."
BLOCKER,MaterialCandidate,List,155,matcand_list_r0155,MATERIAL_IDENTITY_INCOMPLETE,SKU eksplisit tidak tersedia; kolom Product adalah family/subkategori dan belum membuktikan nama produk/seri; Brand dan Vendor masih bercampur pada kolom Brand/Company,"Konfirmasi Vendor, Brand, tags, nama produk/seri, dan SKU nyata sebelum memindahkan row ke 04_materials.csv."
BLOCKER,MaterialCandidate,List,156,matcand_list_r0156,MATERIAL_IDENTITY_INCOMPLETE,SKU eksplisit tidak tersedia; kolom Product adalah family/subkategori dan belum membuktikan nama produk/seri; Brand dan Vendor masih bercampur pada kolom Brand/Company,"Konfirmasi Vendor, Brand, tags, nama produk/seri, dan SKU nyata sebelum memindahkan row ke 04_materials.csv."
BLOCKER,MaterialCandidate,List,157,matcand_list_r0157,MATERIAL_IDENTITY_INCOMPLETE,SKU eksplisit tidak tersedia; kolom Product adalah family/subkategori dan belum membuktikan nama produk/seri; Brand dan Vendor masih bercampur pada kolom Brand/Company,"Konfirmasi Vendor, Brand, tags, nama produk/seri, dan SKU nyata sebelum memindahkan row ke 04_materials.csv."
BLOCKER,MaterialCandidate,List,158,matcand_list_r0158,MATERIAL_IDENTITY_INCOMPLETE,SKU eksplisit tidak tersedia; kolom Product adalah family/subkategori dan belum membuktikan nama produk/seri; Brand dan Vendor masih bercampur pada kolom Brand/Company,"Konfirmasi Vendor, Brand, tags, nama produk/seri, dan SKU nyata sebelum memindahkan row ke 04_materials.csv."
BLOCKER,MaterialCandidate,List,159,matcand_list_r0159,MATERIAL_IDENTITY_INCOMPLETE,SKU eksplisit tidak tersedia; kolom Product adalah family/subkategori dan belum membuktikan nama produk/seri; Brand dan Vendor masih bercampur pada kolom Brand/Company,"Konfirmasi Vendor, Brand, tags, nama produk/seri, dan SKU nyata sebelum memindahkan row ke 04_materials.csv."
BLOCKER,MaterialCandidate,List,160,matcand_list_r0160,MATERIAL_IDENTITY_INCOMPLETE,SKU eksplisit tidak tersedia; kolom Product adalah family/subkategori dan belum membuktikan nama produk/seri; Brand dan Vendor masih bercampur pada kolom Brand/Company,"Konfirmasi Vendor, Brand, tags, nama produk/seri, dan SKU nyata sebelum memindahkan row ke 04_materials.csv."
BLOCKER,MaterialCandidate,List,161,matcand_list_r0161,MATERIAL_IDENTITY_INCOMPLETE,SKU eksplisit tidak tersedia; kolom Product adalah family/subkategori dan belum membuktikan nama produk/seri; Brand dan Vendor masih bercampur pada kolom Brand/Company,"Konfirmasi Vendor, Brand, tags, nama produk/seri, dan SKU nyata sebelum memindahkan row ke 04_materials.csv."
BLOCKER,MaterialCandidate,List,162,matcand_list_r0162,MATERIAL_IDENTITY_INCOMPLETE,SKU eksplisit tidak tersedia; kolom Product adalah family/subkategori dan belum membuktikan nama produk/seri; Brand dan Vendor masih bercampur pada kolom Brand/Company,"Konfirmasi Vendor, Brand, tags, nama produk/seri, dan SKU nyata sebelum memindahkan row ke 04_materials.csv."
BLOCKER,MaterialCandidate,List,163,matcand_list_r0163,MATERIAL_IDENTITY_INCOMPLETE,SKU eksplisit tidak tersedia; kolom Product adalah family/subkategori dan belum membuktikan nama produk/seri; Brand dan Vendor masih bercampur pada kolom Brand/Company,"Konfirmasi Vendor, Brand, tags, nama produk/seri, dan SKU nyata sebelum memindahkan row ke 04_materials.csv."
BLOCKER,MaterialCandidate,List,164,matcand_list_r0164,MATERIAL_IDENTITY_INCOMPLETE,SKU eksplisit tidak tersedia; kolom Product adalah family/subkategori dan belum membuktikan nama produk/seri; Brand dan Vendor masih bercampur pada kolom Brand/Company,"Konfirmasi Vendor, Brand, tags, nama produk/seri, dan SKU nyata sebelum memindahkan row ke 04_materials.csv."
BLOCKER,MaterialCandidate,List,165,matcand_list_r0165,MATERIAL_IDENTITY_INCOMPLETE,SKU eksplisit tidak tersedia; kolom Product adalah family/subkategori dan belum membuktikan nama produk/seri; Brand dan Vendor masih bercampur pada kolom Brand/Company,"Konfirmasi Vendor, Brand, tags, nama produk/seri, dan SKU nyata sebelum memindahkan row ke 04_materials.csv."
BLOCKER,MaterialCandidate,List,166,matcand_list_r0166,MATERIAL_IDENTITY_INCOMPLETE,SKU eksplisit tidak tersedia; kolom Product adalah family/subkategori dan belum membuktikan nama produk/seri; Brand dan Vendor masih bercampur pada kolom Brand/Company,"Konfirmasi Vendor, Brand, tags, nama produk/seri, dan SKU nyata sebelum memindahkan row ke 04_materials.csv."
BLOCKER,MaterialCandidate,List,167,matcand_list_r0167,MATERIAL_IDENTITY_INCOMPLETE,SKU eksplisit tidak tersedia; kolom Product adalah family/subkategori dan belum membuktikan nama produk/seri; Brand dan Vendor masih bercampur pada kolom Brand/Company,"Konfirmasi Vendor, Brand, tags, nama produk/seri, dan SKU nyata sebelum memindahkan row ke 04_materials.csv."
BLOCKER,MaterialCandidate,List,168,matcand_list_r0168,MATERIAL_IDENTITY_INCOMPLETE,SKU eksplisit tidak tersedia; kolom Product adalah family/subkategori dan belum membuktikan nama produk/seri; Brand dan Vendor masih bercampur pada kolom Brand/Company,"Konfirmasi Vendor, Brand, tags, nama produk/seri, dan SKU nyata sebelum memindahkan row ke 04_materials.csv."
BLOCKER,MaterialCandidate,List,169,matcand_list_r0169,MATERIAL_IDENTITY_INCOMPLETE,SKU eksplisit tidak tersedia; kolom Product adalah family/subkategori dan belum membuktikan nama produk/seri; Brand dan Vendor masih bercampur pada kolom Brand/Company,"Konfirmasi Vendor, Brand, tags, nama produk/seri, dan SKU nyata sebelum memindahkan row ke 04_materials.csv."
BLOCKER,MaterialCandidate,List,170,matcand_list_r0170,MATERIAL_IDENTITY_INCOMPLETE,SKU eksplisit tidak tersedia; kolom Product adalah family/subkategori dan belum membuktikan nama produk/seri; Brand dan Vendor masih bercampur pada kolom Brand/Company,"Konfirmasi Vendor, Brand, tags, nama produk/seri, dan SKU nyata sebelum memindahkan row ke 04_materials.csv."
BLOCKER,MaterialCandidate,List,171,matcand_list_r0171,MATERIAL_IDENTITY_INCOMPLETE,SKU eksplisit tidak tersedia; kolom Product adalah family/subkategori dan belum membuktikan nama produk/seri; Brand dan Vendor masih bercampur pada kolom Brand/Company,"Konfirmasi Vendor, Brand, tags, nama produk/seri, dan SKU nyata sebelum memindahkan row ke 04_materials.csv."
BLOCKER,MaterialCandidate,List,172,matcand_list_r0172,MATERIAL_IDENTITY_INCOMPLETE,SKU eksplisit tidak tersedia; kolom Product adalah family/subkategori dan belum membuktikan nama produk/seri; Brand dan Vendor masih bercampur pada kolom Brand/Company,"Konfirmasi Vendor, Brand, tags, nama produk/seri, dan SKU nyata sebelum memindahkan row ke 04_materials.csv."
BLOCKER,MaterialCandidate,List,173,matcand_list_r0173,MATERIAL_IDENTITY_INCOMPLETE,SKU eksplisit tidak tersedia; kolom Product adalah family/subkategori dan belum membuktikan nama produk/seri; Brand dan Vendor masih bercampur pada kolom Brand/Company,"Konfirmasi Vendor, Brand, tags, nama produk/seri, dan SKU nyata sebelum memindahkan row ke 04_materials.csv."
BLOCKER,MaterialCandidate,List,174,matcand_list_r0174,MATERIAL_IDENTITY_INCOMPLETE,SKU eksplisit tidak tersedia; kolom Product adalah family/subkategori dan belum membuktikan nama produk/seri; Brand dan Vendor masih bercampur pada kolom Brand/Company,"Konfirmasi Vendor, Brand, tags, nama produk/seri, dan SKU nyata sebelum memindahkan row ke 04_materials.csv."
BLOCKER,MaterialCandidate,List,175,matcand_list_r0175,MATERIAL_IDENTITY_INCOMPLETE,SKU eksplisit tidak tersedia; kolom Product adalah family/subkategori dan belum membuktikan nama produk/seri; Brand dan Vendor masih bercampur pada kolom Brand/Company,"Konfirmasi Vendor, Brand, tags, nama produk/seri, dan SKU nyata sebelum memindahkan row ke 04_materials.csv."
BLOCKER,MaterialCandidate,List,176,matcand_list_r0176,MATERIAL_IDENTITY_INCOMPLETE,SKU eksplisit tidak tersedia; kolom Product adalah family/subkategori dan belum membuktikan nama produk/seri; Brand dan Vendor masih bercampur pada kolom Brand/Company,"Konfirmasi Vendor, Brand, tags, nama produk/seri, dan SKU nyata sebelum memindahkan row ke 04_materials.csv."
BLOCKER,MaterialCandidate,List,177,matcand_list_r0177,MATERIAL_IDENTITY_INCOMPLETE,SKU eksplisit tidak tersedia; kolom Product adalah family/subkategori dan belum membuktikan nama produk/seri; Brand dan Vendor masih bercampur pada kolom Brand/Company,"Konfirmasi Vendor, Brand, tags, nama produk/seri, dan SKU nyata sebelum memindahkan row ke 04_materials.csv."
BLOCKER,MaterialCandidate,List,178,matcand_list_r0178,MATERIAL_IDENTITY_INCOMPLETE,SKU eksplisit tidak tersedia; kolom Product adalah family/subkategori dan belum membuktikan nama produk/seri; Brand dan Vendor masih bercampur pada kolom Brand/Company,"Konfirmasi Vendor, Brand, tags, nama produk/seri, dan SKU nyata sebelum memindahkan row ke 04_materials.csv."
BLOCKER,MaterialCandidate,List,179,matcand_list_r0179,MATERIAL_IDENTITY_INCOMPLETE,SKU eksplisit tidak tersedia; kolom Product adalah family/subkategori dan belum membuktikan nama produk/seri; Brand dan Vendor masih bercampur pada kolom Brand/Company,"Konfirmasi Vendor, Brand, tags, nama produk/seri, dan SKU nyata sebelum memindahkan row ke 04_materials.csv."
BLOCKER,MaterialCandidate,List,180,matcand_list_r0180,MATERIAL_IDENTITY_INCOMPLETE,SKU eksplisit tidak tersedia; kolom Product adalah family/subkategori dan belum membuktikan nama produk/seri; Brand dan Vendor masih bercampur pada kolom Brand/Company,"Konfirmasi Vendor, Brand, tags, nama produk/seri, dan SKU nyata sebelum memindahkan row ke 04_materials.csv."
BLOCKER,MaterialCandidate,List,181,matcand_list_r0181,MATERIAL_IDENTITY_INCOMPLETE,SKU eksplisit tidak tersedia; kolom Product adalah family/subkategori dan belum membuktikan nama produk/seri; Brand dan Vendor masih bercampur pada kolom Brand/Company,"Konfirmasi Vendor, Brand, tags, nama produk/seri, dan SKU nyata sebelum memindahkan row ke 04_materials.csv."
BLOCKER,MaterialCandidate,List,182,matcand_list_r0182,MATERIAL_IDENTITY_INCOMPLETE,SKU eksplisit tidak tersedia; kolom Product adalah family/subkategori dan belum membuktikan nama produk/seri; Brand dan Vendor masih bercampur pada kolom Brand/Company,"Konfirmasi Vendor, Brand, tags, nama produk/seri, dan SKU nyata sebelum memindahkan row ke 04_materials.csv."
BLOCKER,MaterialCandidate,List,183,matcand_list_r0183,MATERIAL_IDENTITY_INCOMPLETE,SKU eksplisit tidak tersedia; kolom Product adalah family/subkategori dan belum membuktikan nama produk/seri; Brand dan Vendor masih bercampur pada kolom Brand/Company,"Konfirmasi Vendor, Brand, tags, nama produk/seri, dan SKU nyata sebelum memindahkan row ke 04_materials.csv."
BLOCKER,MaterialCandidate,List,184,matcand_list_r0184,MATERIAL_IDENTITY_INCOMPLETE,SKU eksplisit tidak tersedia; kolom Product adalah family/subkategori dan belum membuktikan nama produk/seri; Brand dan Vendor masih bercampur pada kolom Brand/Company,"Konfirmasi Vendor, Brand, tags, nama produk/seri, dan SKU nyata sebelum memindahkan row ke 04_materials.csv."
BLOCKER,MaterialCandidate,List,185,matcand_list_r0185,MATERIAL_IDENTITY_INCOMPLETE,SKU eksplisit tidak tersedia; kolom Product adalah family/subkategori dan belum membuktikan nama produk/seri; Brand dan Vendor masih bercampur pada kolom Brand/Company,"Konfirmasi Vendor, Brand, tags, nama produk/seri, dan SKU nyata sebelum memindahkan row ke 04_materials.csv."
BLOCKER,MaterialCandidate,List,186,matcand_list_r0186,MATERIAL_IDENTITY_INCOMPLETE,SKU eksplisit tidak tersedia; kolom Product adalah family/subkategori dan belum membuktikan nama produk/seri; Brand dan Vendor masih bercampur pada kolom Brand/Company,"Konfirmasi Vendor, Brand, tags, nama produk/seri, dan SKU nyata sebelum memindahkan row ke 04_materials.csv."
BLOCKER,MaterialCandidate,List,187,matcand_list_r0187,MATERIAL_IDENTITY_INCOMPLETE,SKU eksplisit tidak tersedia; kolom Product adalah family/subkategori dan belum membuktikan nama produk/seri; Brand dan Vendor masih bercampur pada kolom Brand/Company,"Konfirmasi Vendor, Brand, tags, nama produk/seri, dan SKU nyata sebelum memindahkan row ke 04_materials.csv."
BLOCKER,MaterialCandidate,List,188,matcand_list_r0188,MATERIAL_IDENTITY_INCOMPLETE,SKU eksplisit tidak tersedia; kolom Product adalah family/subkategori dan belum membuktikan nama produk/seri; Brand dan Vendor masih bercampur pada kolom Brand/Company,"Konfirmasi Vendor, Brand, tags, nama produk/seri, dan SKU nyata sebelum memindahkan row ke 04_materials.csv."
BLOCKER,MaterialCandidate,List,189,matcand_list_r0189,MATERIAL_IDENTITY_INCOMPLETE,SKU eksplisit tidak tersedia; kolom Product adalah family/subkategori dan belum membuktikan nama produk/seri; Brand dan Vendor masih bercampur pada kolom Brand/Company,"Konfirmasi Vendor, Brand, tags, nama produk/seri, dan SKU nyata sebelum memindahkan row ke 04_materials.csv."
BLOCKER,MaterialCandidate,List,190,matcand_list_r0190,MATERIAL_IDENTITY_INCOMPLETE,SKU eksplisit tidak tersedia; kolom Product adalah family/subkategori dan belum membuktikan nama produk/seri; Brand dan Vendor masih bercampur pada kolom Brand/Company,"Konfirmasi Vendor, Brand, tags, nama produk/seri, dan SKU nyata sebelum memindahkan row ke 04_materials.csv."
BLOCKER,MaterialCandidate,List,191,matcand_list_r0191,MATERIAL_IDENTITY_INCOMPLETE,SKU eksplisit tidak tersedia; kolom Product adalah family/subkategori dan belum membuktikan nama produk/seri; Brand dan Vendor masih bercampur pada kolom Brand/Company,"Konfirmasi Vendor, Brand, tags, nama produk/seri, dan SKU nyata sebelum memindahkan row ke 04_materials.csv."
BLOCKER,MaterialCandidate,List,192,matcand_list_r0192,MATERIAL_IDENTITY_INCOMPLETE,SKU eksplisit tidak tersedia; kolom Product adalah family/subkategori dan belum membuktikan nama produk/seri; Brand dan Vendor masih bercampur pada kolom Brand/Company,"Konfirmasi Vendor, Brand, tags, nama produk/seri, dan SKU nyata sebelum memindahkan row ke 04_materials.csv."
BLOCKER,MaterialCandidate,List,193,matcand_list_r0193,MATERIAL_IDENTITY_INCOMPLETE,SKU eksplisit tidak tersedia; kolom Product adalah family/subkategori dan belum membuktikan nama produk/seri; Brand dan Vendor masih bercampur pada kolom Brand/Company,"Konfirmasi Vendor, Brand, tags, nama produk/seri, dan SKU nyata sebelum memindahkan row ke 04_materials.csv."
BLOCKER,MaterialCandidate,List,194,matcand_list_r0194,MATERIAL_IDENTITY_INCOMPLETE,SKU eksplisit tidak tersedia; kolom Product adalah family/subkategori dan belum membuktikan nama produk/seri; Brand dan Vendor masih bercampur pada kolom Brand/Company,"Konfirmasi Vendor, Brand, tags, nama produk/seri, dan SKU nyata sebelum memindahkan row ke 04_materials.csv."
BLOCKER,MaterialCandidate,List,195,matcand_list_r0195,MATERIAL_IDENTITY_INCOMPLETE,SKU eksplisit tidak tersedia; kolom Product adalah family/subkategori dan belum membuktikan nama produk/seri; Brand dan Vendor masih bercampur pada kolom Brand/Company,"Konfirmasi Vendor, Brand, tags, nama produk/seri, dan SKU nyata sebelum memindahkan row ke 04_materials.csv."
BLOCKER,MaterialCandidate,List,196,matcand_list_r0196,MATERIAL_IDENTITY_INCOMPLETE,SKU eksplisit tidak tersedia; kolom Product adalah family/subkategori dan belum membuktikan nama produk/seri; Brand dan Vendor masih bercampur pada kolom Brand/Company,"Konfirmasi Vendor, Brand, tags, nama produk/seri, dan SKU nyata sebelum memindahkan row ke 04_materials.csv."
BLOCKER,MaterialCandidate,List,197,matcand_list_r0197,MATERIAL_IDENTITY_INCOMPLETE,SKU eksplisit tidak tersedia; kolom Product adalah family/subkategori dan belum membuktikan nama produk/seri; Brand dan Vendor masih bercampur pada kolom Brand/Company,"Konfirmasi Vendor, Brand, tags, nama produk/seri, dan SKU nyata sebelum memindahkan row ke 04_materials.csv."
BLOCKER,MaterialCandidate,List,198,matcand_list_r0198,MATERIAL_IDENTITY_INCOMPLETE,SKU eksplisit tidak tersedia; kolom Product adalah family/subkategori dan belum membuktikan nama produk/seri; Brand dan Vendor masih bercampur pada kolom Brand/Company,"Konfirmasi Vendor, Brand, tags, nama produk/seri, dan SKU nyata sebelum memindahkan row ke 04_materials.csv."
BLOCKER,MaterialCandidate,List,199,matcand_list_r0199,MATERIAL_IDENTITY_INCOMPLETE,SKU eksplisit tidak tersedia; kolom Product adalah family/subkategori dan belum membuktikan nama produk/seri; Brand dan Vendor masih bercampur pada kolom Brand/Company,"Konfirmasi Vendor, Brand, tags, nama produk/seri, dan SKU nyata sebelum memindahkan row ke 04_materials.csv."
BLOCKER,MaterialCandidate,List,200,matcand_list_r0200,MATERIAL_IDENTITY_INCOMPLETE,SKU eksplisit tidak tersedia; kolom Product adalah family/subkategori dan belum membuktikan nama produk/seri; Brand dan Vendor masih bercampur pada kolom Brand/Company,"Konfirmasi Vendor, Brand, tags, nama produk/seri, dan SKU nyata sebelum memindahkan row ke 04_materials.csv."
BLOCKER,MaterialCandidate,List,201,matcand_list_r0201,MATERIAL_IDENTITY_INCOMPLETE,SKU eksplisit tidak tersedia; kolom Product adalah family/subkategori dan belum membuktikan nama produk/seri; Brand dan Vendor masih bercampur pada kolom Brand/Company,"Konfirmasi Vendor, Brand, tags, nama produk/seri, dan SKU nyata sebelum memindahkan row ke 04_materials.csv."
BLOCKER,MaterialCandidate,List,202,matcand_list_r0202,MATERIAL_IDENTITY_INCOMPLETE,SKU eksplisit tidak tersedia; kolom Product adalah family/subkategori dan belum membuktikan nama produk/seri; Brand dan Vendor masih bercampur pada kolom Brand/Company,"Konfirmasi Vendor, Brand, tags, nama produk/seri, dan SKU nyata sebelum memindahkan row ke 04_materials.csv."
BLOCKER,MaterialCandidate,List,203,matcand_list_r0203,MATERIAL_IDENTITY_INCOMPLETE,SKU eksplisit tidak tersedia; kolom Product adalah family/subkategori dan belum membuktikan nama produk/seri; Brand dan Vendor masih bercampur pada kolom Brand/Company,"Konfirmasi Vendor, Brand, tags, nama produk/seri, dan SKU nyata sebelum memindahkan row ke 04_materials.csv."
BLOCKER,MaterialCandidate,List,204,matcand_list_r0204,MATERIAL_IDENTITY_INCOMPLETE,SKU eksplisit tidak tersedia; kolom Product adalah family/subkategori dan belum membuktikan nama produk/seri; Brand dan Vendor masih bercampur pada kolom Brand/Company,"Konfirmasi Vendor, Brand, tags, nama produk/seri, dan SKU nyata sebelum memindahkan row ke 04_materials.csv."
BLOCKER,MaterialCandidate,List,205,matcand_list_r0205,MATERIAL_IDENTITY_INCOMPLETE,SKU eksplisit tidak tersedia; kolom Product adalah family/subkategori dan belum membuktikan nama produk/seri; Brand dan Vendor masih bercampur pada kolom Brand/Company,"Konfirmasi Vendor, Brand, tags, nama produk/seri, dan SKU nyata sebelum memindahkan row ke 04_materials.csv."
BLOCKER,MaterialCandidate,List,206,matcand_list_r0206,MATERIAL_IDENTITY_INCOMPLETE,SKU eksplisit tidak tersedia; kolom Product adalah family/subkategori dan belum membuktikan nama produk/seri; Brand dan Vendor masih bercampur pada kolom Brand/Company,"Konfirmasi Vendor, Brand, tags, nama produk/seri, dan SKU nyata sebelum memindahkan row ke 04_materials.csv."
BLOCKER,MaterialCandidate,List,207,matcand_list_r0207,MATERIAL_IDENTITY_INCOMPLETE,SKU eksplisit tidak tersedia; kolom Product adalah family/subkategori dan belum membuktikan nama produk/seri; Brand dan Vendor masih bercampur pada kolom Brand/Company,"Konfirmasi Vendor, Brand, tags, nama produk/seri, dan SKU nyata sebelum memindahkan row ke 04_materials.csv."
BLOCKER,MaterialCandidate,List,208,matcand_list_r0208,MATERIAL_IDENTITY_INCOMPLETE,SKU eksplisit tidak tersedia; kolom Product adalah family/subkategori dan belum membuktikan nama produk/seri; Brand dan Vendor masih bercampur pada kolom Brand/Company,"Konfirmasi Vendor, Brand, tags, nama produk/seri, dan SKU nyata sebelum memindahkan row ke 04_materials.csv."
BLOCKER,MaterialCandidate,List,209,matcand_list_r0209,MATERIAL_IDENTITY_INCOMPLETE,SKU eksplisit tidak tersedia; kolom Product adalah family/subkategori dan belum membuktikan nama produk/seri; Brand dan Vendor masih bercampur pada kolom Brand/Company,"Konfirmasi Vendor, Brand, tags, nama produk/seri, dan SKU nyata sebelum memindahkan row ke 04_materials.csv."
BLOCKER,MaterialCandidate,List,210,matcand_list_r0210,MATERIAL_IDENTITY_INCOMPLETE,SKU eksplisit tidak tersedia; kolom Product adalah family/subkategori dan belum membuktikan nama produk/seri; Brand dan Vendor masih bercampur pada kolom Brand/Company,"Konfirmasi Vendor, Brand, tags, nama produk/seri, dan SKU nyata sebelum memindahkan row ke 04_materials.csv."
BLOCKER,MaterialCandidate,List,211,matcand_list_r0211,MATERIAL_IDENTITY_INCOMPLETE,SKU eksplisit tidak tersedia; kolom Product adalah family/subkategori dan belum membuktikan nama produk/seri; Brand dan Vendor masih bercampur pada kolom Brand/Company,"Konfirmasi Vendor, Brand, tags, nama produk/seri, dan SKU nyata sebelum memindahkan row ke 04_materials.csv."
BLOCKER,MaterialCandidate,List,212,matcand_list_r0212,MATERIAL_IDENTITY_INCOMPLETE,SKU eksplisit tidak tersedia; kolom Product adalah family/subkategori dan belum membuktikan nama produk/seri; Brand dan Vendor masih bercampur pada kolom Brand/Company,"Konfirmasi Vendor, Brand, tags, nama produk/seri, dan SKU nyata sebelum memindahkan row ke 04_materials.csv."
BLOCKER,MaterialCandidate,List,213,matcand_list_r0213,MATERIAL_IDENTITY_INCOMPLETE,SKU eksplisit tidak tersedia; kolom Product adalah family/subkategori dan belum membuktikan nama produk/seri; Brand dan Vendor masih bercampur pada kolom Brand/Company,"Konfirmasi Vendor, Brand, tags, nama produk/seri, dan SKU nyata sebelum memindahkan row ke 04_materials.csv."
BLOCKER,MaterialCandidate,List,214,matcand_list_r0214,MATERIAL_IDENTITY_INCOMPLETE,SKU eksplisit tidak tersedia; kolom Product adalah family/subkategori dan belum membuktikan nama produk/seri; Brand dan Vendor masih bercampur pada kolom Brand/Company,"Konfirmasi Vendor, Brand, tags, nama produk/seri, dan SKU nyata sebelum memindahkan row ke 04_materials.csv."
BLOCKER,MaterialCandidate,List,215,matcand_list_r0215,MATERIAL_IDENTITY_INCOMPLETE,SKU eksplisit tidak tersedia; kolom Product adalah family/subkategori dan belum membuktikan nama produk/seri; Brand dan Vendor masih bercampur pada kolom Brand/Company,"Konfirmasi Vendor, Brand, tags, nama produk/seri, dan SKU nyata sebelum memindahkan row ke 04_materials.csv."
BLOCKER,MaterialCandidate,List,216,matcand_list_r0216,MATERIAL_IDENTITY_INCOMPLETE,SKU eksplisit tidak tersedia; kolom Product adalah family/subkategori dan belum membuktikan nama produk/seri; Brand dan Vendor masih bercampur pada kolom Brand/Company,"Konfirmasi Vendor, Brand, tags, nama produk/seri, dan SKU nyata sebelum memindahkan row ke 04_materials.csv."
BLOCKER,MaterialCandidate,List,217,matcand_list_r0217,MATERIAL_IDENTITY_INCOMPLETE,SKU eksplisit tidak tersedia; kolom Product adalah family/subkategori dan belum membuktikan nama produk/seri; Brand dan Vendor masih bercampur pada kolom Brand/Company,"Konfirmasi Vendor, Brand, tags, nama produk/seri, dan SKU nyata sebelum memindahkan row ke 04_materials.csv."
BLOCKER,MaterialCandidate,List,218,matcand_list_r0218,MATERIAL_IDENTITY_INCOMPLETE,SKU eksplisit tidak tersedia; kolom Product adalah family/subkategori dan belum membuktikan nama produk/seri; Brand dan Vendor masih bercampur pada kolom Brand/Company,"Konfirmasi Vendor, Brand, tags, nama produk/seri, dan SKU nyata sebelum memindahkan row ke 04_materials.csv."
BLOCKER,MaterialCandidate,List,219,matcand_list_r0219,MATERIAL_IDENTITY_INCOMPLETE,SKU eksplisit tidak tersedia; kolom Product adalah family/subkategori dan belum membuktikan nama produk/seri; Brand dan Vendor masih bercampur pada kolom Brand/Company,"Konfirmasi Vendor, Brand, tags, nama produk/seri, dan SKU nyata sebelum memindahkan row ke 04_materials.csv."
BLOCKER,MaterialCandidate,List,220,matcand_list_r0220,MATERIAL_IDENTITY_INCOMPLETE,SKU eksplisit tidak tersedia; kolom Product adalah family/subkategori dan belum membuktikan nama produk/seri; Brand dan Vendor masih bercampur pada kolom Brand/Company,"Konfirmasi Vendor, Brand, tags, nama produk/seri, dan SKU nyata sebelum memindahkan row ke 04_materials.csv."
BLOCKER,MaterialCandidate,List,221,matcand_list_r0221,MATERIAL_IDENTITY_INCOMPLETE,SKU eksplisit tidak tersedia; kolom Product adalah family/subkategori dan belum membuktikan nama produk/seri; Brand dan Vendor masih bercampur pada kolom Brand/Company,"Konfirmasi Vendor, Brand, tags, nama produk/seri, dan SKU nyata sebelum memindahkan row ke 04_materials.csv."
BLOCKER,MaterialCandidate,List,222,matcand_list_r0222,MATERIAL_IDENTITY_INCOMPLETE,SKU eksplisit tidak tersedia; kolom Product adalah family/subkategori dan belum membuktikan nama produk/seri; Brand dan Vendor masih bercampur pada kolom Brand/Company,"Konfirmasi Vendor, Brand, tags, nama produk/seri, dan SKU nyata sebelum memindahkan row ke 04_materials.csv."
BLOCKER,MaterialCandidate,List,223,matcand_list_r0223,MATERIAL_IDENTITY_INCOMPLETE,SKU eksplisit tidak tersedia; kolom Product adalah family/subkategori dan belum membuktikan nama produk/seri; Brand dan Vendor masih bercampur pada kolom Brand/Company,"Konfirmasi Vendor, Brand, tags, nama produk/seri, dan SKU nyata sebelum memindahkan row ke 04_materials.csv."
BLOCKER,MaterialCandidate,List,224,matcand_list_r0224,MATERIAL_IDENTITY_INCOMPLETE,SKU eksplisit tidak tersedia; kolom Product adalah family/subkategori dan belum membuktikan nama produk/seri; Brand dan Vendor masih bercampur pada kolom Brand/Company,"Konfirmasi Vendor, Brand, tags, nama produk/seri, dan SKU nyata sebelum memindahkan row ke 04_materials.csv."
BLOCKER,MaterialCandidate,List,225,matcand_list_r0225,MATERIAL_IDENTITY_INCOMPLETE,SKU eksplisit tidak tersedia; kolom Product adalah family/subkategori dan belum membuktikan nama produk/seri; Brand dan Vendor masih bercampur pada kolom Brand/Company,"Konfirmasi Vendor, Brand, tags, nama produk/seri, dan SKU nyata sebelum memindahkan row ke 04_materials.csv."
BLOCKER,MaterialCandidate,List,226,matcand_list_r0226,MATERIAL_IDENTITY_INCOMPLETE,SKU eksplisit tidak tersedia; kolom Product adalah family/subkategori dan belum membuktikan nama produk/seri; Brand dan Vendor masih bercampur pada kolom Brand/Company,"Konfirmasi Vendor, Brand, tags, nama produk/seri, dan SKU nyata sebelum memindahkan row ke 04_materials.csv."
BLOCKER,MaterialCandidate,List,227,matcand_list_r0227,MATERIAL_IDENTITY_INCOMPLETE,SKU eksplisit tidak tersedia; kolom Product adalah family/subkategori dan belum membuktikan nama produk/seri; Brand dan Vendor masih bercampur pada kolom Brand/Company,"Konfirmasi Vendor, Brand, tags, nama produk/seri, dan SKU nyata sebelum memindahkan row ke 04_materials.csv."
BLOCKER,MaterialCandidate,List,228,matcand_list_r0228,MATERIAL_IDENTITY_INCOMPLETE,SKU eksplisit tidak tersedia; kolom Product adalah family/subkategori dan belum membuktikan nama produk/seri; Brand dan Vendor masih bercampur pada kolom Brand/Company,"Konfirmasi Vendor, Brand, tags, nama produk/seri, dan SKU nyata sebelum memindahkan row ke 04_materials.csv."
BLOCKER,MaterialCandidate,List,229,matcand_list_r0229,MATERIAL_IDENTITY_INCOMPLETE,SKU eksplisit tidak tersedia; kolom Product adalah family/subkategori dan belum membuktikan nama produk/seri; Brand dan Vendor masih bercampur pada kolom Brand/Company,"Konfirmasi Vendor, Brand, tags, nama produk/seri, dan SKU nyata sebelum memindahkan row ke 04_materials.csv."
BLOCKER,MaterialCandidate,List,230,matcand_list_r0230,MATERIAL_IDENTITY_INCOMPLETE,SKU eksplisit tidak tersedia; kolom Product adalah family/subkategori dan belum membuktikan nama produk/seri; Brand dan Vendor masih bercampur pada kolom Brand/Company,"Konfirmasi Vendor, Brand, tags, nama produk/seri, dan SKU nyata sebelum memindahkan row ke 04_materials.csv."
BLOCKER,MaterialCandidate,List,231,matcand_list_r0231,MATERIAL_IDENTITY_INCOMPLETE,SKU eksplisit tidak tersedia; kolom Product adalah family/subkategori dan belum membuktikan nama produk/seri; Brand dan Vendor masih bercampur pada kolom Brand/Company,"Konfirmasi Vendor, Brand, tags, nama produk/seri, dan SKU nyata sebelum memindahkan row ke 04_materials.csv."
BLOCKER,MaterialCandidate,List,232,matcand_list_r0232,MATERIAL_IDENTITY_INCOMPLETE,SKU eksplisit tidak tersedia; kolom Product adalah family/subkategori dan belum membuktikan nama produk/seri; Brand dan Vendor masih bercampur pada kolom Brand/Company,"Konfirmasi Vendor, Brand, tags, nama produk/seri, dan SKU nyata sebelum memindahkan row ke 04_materials.csv."
BLOCKER,MaterialCandidate,List,233,matcand_list_r0233,MATERIAL_IDENTITY_INCOMPLETE,SKU eksplisit tidak tersedia; kolom Product adalah family/subkategori dan belum membuktikan nama produk/seri; Brand dan Vendor masih bercampur pada kolom Brand/Company,"Konfirmasi Vendor, Brand, tags, nama produk/seri, dan SKU nyata sebelum memindahkan row ke 04_materials.csv."
BLOCKER,MaterialCandidate,List,234,matcand_list_r0234,MATERIAL_IDENTITY_INCOMPLETE,SKU eksplisit tidak tersedia; kolom Product adalah family/subkategori dan belum membuktikan nama produk/seri; Brand dan Vendor masih bercampur pada kolom Brand/Company,"Konfirmasi Vendor, Brand, tags, nama produk/seri, dan SKU nyata sebelum memindahkan row ke 04_materials.csv."
BLOCKER,MaterialCandidate,List,235,matcand_list_r0235,MATERIAL_IDENTITY_INCOMPLETE,SKU eksplisit tidak tersedia; kolom Product adalah family/subkategori dan belum membuktikan nama produk/seri; Brand dan Vendor masih bercampur pada kolom Brand/Company,"Konfirmasi Vendor, Brand, tags, nama produk/seri, dan SKU nyata sebelum memindahkan row ke 04_materials.csv."
BLOCKER,MaterialCandidate,List,236,matcand_list_r0236,MATERIAL_IDENTITY_INCOMPLETE,SKU eksplisit tidak tersedia; kolom Product adalah family/subkategori dan belum membuktikan nama produk/seri; Brand dan Vendor masih bercampur pada kolom Brand/Company,"Konfirmasi Vendor, Brand, tags, nama produk/seri, dan SKU nyata sebelum memindahkan row ke 04_materials.csv."
BLOCKER,MaterialCandidate,List,237,matcand_list_r0237,MATERIAL_IDENTITY_INCOMPLETE,SKU eksplisit tidak tersedia; kolom Product adalah family/subkategori dan belum membuktikan nama produk/seri; Brand dan Vendor masih bercampur pada kolom Brand/Company,"Konfirmasi Vendor, Brand, tags, nama produk/seri, dan SKU nyata sebelum memindahkan row ke 04_materials.csv."
BLOCKER,MaterialCandidate,List,238,matcand_list_r0238,MATERIAL_IDENTITY_INCOMPLETE,SKU eksplisit tidak tersedia; kolom Product adalah family/subkategori dan belum membuktikan nama produk/seri; Brand dan Vendor masih bercampur pada kolom Brand/Company,"Konfirmasi Vendor, Brand, tags, nama produk/seri, dan SKU nyata sebelum memindahkan row ke 04_materials.csv."
BLOCKER,MaterialCandidate,List,239,matcand_list_r0239,MATERIAL_IDENTITY_INCOMPLETE,SKU eksplisit tidak tersedia; kolom Product adalah family/subkategori dan belum membuktikan nama produk/seri; Brand dan Vendor masih bercampur pada kolom Brand/Company,"Konfirmasi Vendor, Brand, tags, nama produk/seri, dan SKU nyata sebelum memindahkan row ke 04_materials.csv."
BLOCKER,MaterialCandidate,List,240,matcand_list_r0240,MATERIAL_IDENTITY_INCOMPLETE,SKU eksplisit tidak tersedia; kolom Product adalah family/subkategori dan belum membuktikan nama produk/seri; Brand dan Vendor masih bercampur pada kolom Brand/Company,"Konfirmasi Vendor, Brand, tags, nama produk/seri, dan SKU nyata sebelum memindahkan row ke 04_materials.csv."
BLOCKER,MaterialCandidate,List,241,matcand_list_r0241,MATERIAL_IDENTITY_INCOMPLETE,SKU eksplisit tidak tersedia; kolom Product adalah family/subkategori dan belum membuktikan nama produk/seri; Brand dan Vendor masih bercampur pada kolom Brand/Company,"Konfirmasi Vendor, Brand, tags, nama produk/seri, dan SKU nyata sebelum memindahkan row ke 04_materials.csv."
BLOCKER,MaterialCandidate,List,242,matcand_list_r0242,MATERIAL_IDENTITY_INCOMPLETE,SKU eksplisit tidak tersedia; kolom Product adalah family/subkategori dan belum membuktikan nama produk/seri; Brand dan Vendor masih bercampur pada kolom Brand/Company,"Konfirmasi Vendor, Brand, tags, nama produk/seri, dan SKU nyata sebelum memindahkan row ke 04_materials.csv."
BLOCKER,MaterialCandidate,List,243,matcand_list_r0243,MATERIAL_IDENTITY_INCOMPLETE,SKU eksplisit tidak tersedia; kolom Product adalah family/subkategori dan belum membuktikan nama produk/seri; Brand dan Vendor masih bercampur pada kolom Brand/Company,"Konfirmasi Vendor, Brand, tags, nama produk/seri, dan SKU nyata sebelum memindahkan row ke 04_materials.csv."
BLOCKER,MaterialCandidate,List,244,matcand_list_r0244,MATERIAL_IDENTITY_INCOMPLETE,SKU eksplisit tidak tersedia; kolom Product adalah family/subkategori dan belum membuktikan nama produk/seri; Brand dan Vendor masih bercampur pada kolom Brand/Company,"Konfirmasi Vendor, Brand, tags, nama produk/seri, dan SKU nyata sebelum memindahkan row ke 04_materials.csv."
BLOCKER,MaterialCandidate,List,245,matcand_list_r0245,MATERIAL_IDENTITY_INCOMPLETE,SKU eksplisit tidak tersedia; kolom Product adalah family/subkategori dan belum membuktikan nama produk/seri; Brand dan Vendor masih bercampur pada kolom Brand/Company,"Konfirmasi Vendor, Brand, tags, nama produk/seri, dan SKU nyata sebelum memindahkan row ke 04_materials.csv."
BLOCKER,MaterialCandidate,List,246,matcand_list_r0246,MATERIAL_IDENTITY_INCOMPLETE,SKU eksplisit tidak tersedia; kolom Product adalah family/subkategori dan belum membuktikan nama produk/seri; Brand dan Vendor masih bercampur pada kolom Brand/Company,"Konfirmasi Vendor, Brand, tags, nama produk/seri, dan SKU nyata sebelum memindahkan row ke 04_materials.csv."
BLOCKER,MaterialCandidate,List,247,matcand_list_r0247,MATERIAL_IDENTITY_INCOMPLETE,SKU eksplisit tidak tersedia; kolom Product adalah family/subkategori dan belum membuktikan nama produk/seri; Brand dan Vendor masih bercampur pada kolom Brand/Company,"Konfirmasi Vendor, Brand, tags, nama produk/seri, dan SKU nyata sebelum memindahkan row ke 04_materials.csv."
BLOCKER,MaterialCandidate,List,248,matcand_list_r0248,MATERIAL_IDENTITY_INCOMPLETE,SKU eksplisit tidak tersedia; kolom Product adalah family/subkategori dan belum membuktikan nama produk/seri; Brand dan Vendor masih bercampur pada kolom Brand/Company,"Konfirmasi Vendor, Brand, tags, nama produk/seri, dan SKU nyata sebelum memindahkan row ke 04_materials.csv."
BLOCKER,MaterialCandidate,List,249,matcand_list_r0249,MATERIAL_IDENTITY_INCOMPLETE,SKU eksplisit tidak tersedia; kolom Product adalah family/subkategori dan belum membuktikan nama produk/seri; Brand dan Vendor masih bercampur pada kolom Brand/Company,"Konfirmasi Vendor, Brand, tags, nama produk/seri, dan SKU nyata sebelum memindahkan row ke 04_materials.csv."
BLOCKER,MaterialCandidate,List,250,matcand_list_r0250,MATERIAL_IDENTITY_INCOMPLETE,SKU eksplisit tidak tersedia; kolom Product adalah family/subkategori dan belum membuktikan nama produk/seri; Brand dan Vendor masih bercampur pada kolom Brand/Company,"Konfirmasi Vendor, Brand, tags, nama produk/seri, dan SKU nyata sebelum memindahkan row ke 04_materials.csv."
BLOCKER,MaterialCandidate,List,251,matcand_list_r0251,MATERIAL_IDENTITY_INCOMPLETE,SKU eksplisit tidak tersedia; kolom Product adalah family/subkategori dan belum membuktikan nama produk/seri; Brand dan Vendor masih bercampur pada kolom Brand/Company,"Konfirmasi Vendor, Brand, tags, nama produk/seri, dan SKU nyata sebelum memindahkan row ke 04_materials.csv."
BLOCKER,MaterialCandidate,List,252,matcand_list_r0252,MATERIAL_IDENTITY_INCOMPLETE,SKU eksplisit tidak tersedia; kolom Product adalah family/subkategori dan belum membuktikan nama produk/seri; Brand dan Vendor masih bercampur pada kolom Brand/Company,"Konfirmasi Vendor, Brand, tags, nama produk/seri, dan SKU nyata sebelum memindahkan row ke 04_materials.csv."
BLOCKER,MaterialCandidate,List,253,matcand_list_r0253,MATERIAL_IDENTITY_INCOMPLETE,SKU eksplisit tidak tersedia; kolom Product adalah family/subkategori dan belum membuktikan nama produk/seri; Brand dan Vendor masih bercampur pada kolom Brand/Company,"Konfirmasi Vendor, Brand, tags, nama produk/seri, dan SKU nyata sebelum memindahkan row ke 04_materials.csv."
BLOCKER,MaterialCandidate,List,254,matcand_list_r0254,MATERIAL_IDENTITY_INCOMPLETE,SKU eksplisit tidak tersedia; kolom Product adalah family/subkategori dan belum membuktikan nama produk/seri; Brand dan Vendor masih bercampur pada kolom Brand/Company,"Konfirmasi Vendor, Brand, tags, nama produk/seri, dan SKU nyata sebelum memindahkan row ke 04_materials.csv."
BLOCKER,MaterialCandidate,List,255,matcand_list_r0255,MATERIAL_IDENTITY_INCOMPLETE,SKU eksplisit tidak tersedia; kolom Product adalah family/subkategori dan belum membuktikan nama produk/seri; Brand dan Vendor masih bercampur pada kolom Brand/Company,"Konfirmasi Vendor, Brand, tags, nama produk/seri, dan SKU nyata sebelum memindahkan row ke 04_materials.csv."
BLOCKER,MaterialCandidate,List,256,matcand_list_r0256,MATERIAL_IDENTITY_INCOMPLETE,SKU eksplisit tidak tersedia; kolom Product adalah family/subkategori dan belum membuktikan nama produk/seri; Brand dan Vendor masih bercampur pada kolom Brand/Company,"Konfirmasi Vendor, Brand, tags, nama produk/seri, dan SKU nyata sebelum memindahkan row ke 04_materials.csv."
BLOCKER,MaterialCandidate,List,257,matcand_list_r0257,MATERIAL_IDENTITY_INCOMPLETE,SKU eksplisit tidak tersedia; kolom Product adalah family/subkategori dan belum membuktikan nama produk/seri; Brand dan Vendor masih bercampur pada kolom Brand/Company,"Konfirmasi Vendor, Brand, tags, nama produk/seri, dan SKU nyata sebelum memindahkan row ke 04_materials.csv."
BLOCKER,MaterialCandidate,List,258,matcand_list_r0258,MATERIAL_IDENTITY_INCOMPLETE,SKU eksplisit tidak tersedia; kolom Product adalah family/subkategori dan belum membuktikan nama produk/seri; Brand dan Vendor masih bercampur pada kolom Brand/Company,"Konfirmasi Vendor, Brand, tags, nama produk/seri, dan SKU nyata sebelum memindahkan row ke 04_materials.csv."
BLOCKER,MaterialCandidate,List,259,matcand_list_r0259,MATERIAL_IDENTITY_INCOMPLETE,SKU eksplisit tidak tersedia; kolom Product adalah family/subkategori dan belum membuktikan nama produk/seri; Brand dan Vendor masih bercampur pada kolom Brand/Company,"Konfirmasi Vendor, Brand, tags, nama produk/seri, dan SKU nyata sebelum memindahkan row ke 04_materials.csv."
BLOCKER,MaterialCandidate,List,260,matcand_list_r0260,MATERIAL_IDENTITY_INCOMPLETE,SKU eksplisit tidak tersedia; kolom Product adalah family/subkategori dan belum membuktikan nama produk/seri; Brand dan Vendor masih bercampur pada kolom Brand/Company,"Konfirmasi Vendor, Brand, tags, nama produk/seri, dan SKU nyata sebelum memindahkan row ke 04_materials.csv."
BLOCKER,MaterialCandidate,List,261,matcand_list_r0261,MATERIAL_IDENTITY_INCOMPLETE,SKU eksplisit tidak tersedia; kolom Product adalah family/subkategori dan belum membuktikan nama produk/seri; Brand dan Vendor masih bercampur pada kolom Brand/Company,"Konfirmasi Vendor, Brand, tags, nama produk/seri, dan SKU nyata sebelum memindahkan row ke 04_materials.csv."
BLOCKER,MaterialCandidate,List,262,matcand_list_r0262,MATERIAL_IDENTITY_INCOMPLETE,SKU eksplisit tidak tersedia; kolom Product adalah family/subkategori dan belum membuktikan nama produk/seri; Brand dan Vendor masih bercampur pada kolom Brand/Company,"Konfirmasi Vendor, Brand, tags, nama produk/seri, dan SKU nyata sebelum memindahkan row ke 04_materials.csv."
BLOCKER,MaterialCandidate,List,263,matcand_list_r0263,MATERIAL_IDENTITY_INCOMPLETE,SKU eksplisit tidak tersedia; kolom Product adalah family/subkategori dan belum membuktikan nama produk/seri; Brand dan Vendor masih bercampur pada kolom Brand/Company,"Konfirmasi Vendor, Brand, tags, nama produk/seri, dan SKU nyata sebelum memindahkan row ke 04_materials.csv."
BLOCKER,MaterialCandidate,List,264,matcand_list_r0264,MATERIAL_IDENTITY_INCOMPLETE,SKU eksplisit tidak tersedia; kolom Product adalah family/subkategori dan belum membuktikan nama produk/seri; Brand dan Vendor masih bercampur pada kolom Brand/Company,"Konfirmasi Vendor, Brand, tags, nama produk/seri, dan SKU nyata sebelum memindahkan row ke 04_materials.csv."
BLOCKER,MaterialCandidate,List,265,matcand_list_r0265,MATERIAL_IDENTITY_INCOMPLETE,SKU eksplisit tidak tersedia; kolom Product adalah family/subkategori dan belum membuktikan nama produk/seri; Brand dan Vendor masih bercampur pada kolom Brand/Company,"Konfirmasi Vendor, Brand, tags, nama produk/seri, dan SKU nyata sebelum memindahkan row ke 04_materials.csv."
BLOCKER,MaterialCandidate,List,266,matcand_list_r0266,MATERIAL_IDENTITY_INCOMPLETE,SKU eksplisit tidak tersedia; kolom Product adalah family/subkategori dan belum membuktikan nama produk/seri; Brand dan Vendor masih bercampur pada kolom Brand/Company,"Konfirmasi Vendor, Brand, tags, nama produk/seri, dan SKU nyata sebelum memindahkan row ke 04_materials.csv."
BLOCKER,MaterialCandidate,List,267,matcand_list_r0267,MATERIAL_IDENTITY_INCOMPLETE,SKU eksplisit tidak tersedia; kolom Product adalah family/subkategori dan belum membuktikan nama produk/seri; Brand dan Vendor masih bercampur pada kolom Brand/Company,"Konfirmasi Vendor, Brand, tags, nama produk/seri, dan SKU nyata sebelum memindahkan row ke 04_materials.csv."
BLOCKER,MaterialCandidate,List,268,matcand_list_r0268,MATERIAL_IDENTITY_INCOMPLETE,SKU eksplisit tidak tersedia; kolom Product adalah family/subkategori dan belum membuktikan nama produk/seri; Brand dan Vendor masih bercampur pada kolom Brand/Company,"Konfirmasi Vendor, Brand, tags, nama produk/seri, dan SKU nyata sebelum memindahkan row ke 04_materials.csv."
BLOCKER,MaterialCandidate,List,269,matcand_list_r0269,MATERIAL_IDENTITY_INCOMPLETE,SKU eksplisit tidak tersedia; kolom Product adalah family/subkategori dan belum membuktikan nama produk/seri; Brand dan Vendor masih bercampur pada kolom Brand/Company,"Konfirmasi Vendor, Brand, tags, nama produk/seri, dan SKU nyata sebelum memindahkan row ke 04_materials.csv."
BLOCKER,MaterialCandidate,List,270,matcand_list_r0270,MATERIAL_IDENTITY_INCOMPLETE,SKU eksplisit tidak tersedia; kolom Product adalah family/subkategori dan belum membuktikan nama produk/seri; Brand dan Vendor masih bercampur pada kolom Brand/Company,"Konfirmasi Vendor, Brand, tags, nama produk/seri, dan SKU nyata sebelum memindahkan row ke 04_materials.csv."
BLOCKER,MaterialCandidate,List,271,matcand_list_r0271,MATERIAL_IDENTITY_INCOMPLETE,SKU eksplisit tidak tersedia; kolom Product adalah family/subkategori dan belum membuktikan nama produk/seri; Brand dan Vendor masih bercampur pada kolom Brand/Company,"Konfirmasi Vendor, Brand, tags, nama produk/seri, dan SKU nyata sebelum memindahkan row ke 04_materials.csv."
BLOCKER,MaterialCandidate,List,272,matcand_list_r0272,MATERIAL_IDENTITY_INCOMPLETE,SKU eksplisit tidak tersedia; kolom Product adalah family/subkategori dan belum membuktikan nama produk/seri; Brand dan Vendor masih bercampur pada kolom Brand/Company,"Konfirmasi Vendor, Brand, tags, nama produk/seri, dan SKU nyata sebelum memindahkan row ke 04_materials.csv."
BLOCKER,MaterialCandidate,List,273,matcand_list_r0273,MATERIAL_IDENTITY_INCOMPLETE,SKU eksplisit tidak tersedia; kolom Product adalah family/subkategori dan belum membuktikan nama produk/seri; Brand dan Vendor masih bercampur pada kolom Brand/Company,"Konfirmasi Vendor, Brand, tags, nama produk/seri, dan SKU nyata sebelum memindahkan row ke 04_materials.csv."
BLOCKER,MaterialCandidate,List,274,matcand_list_r0274,MATERIAL_IDENTITY_INCOMPLETE,SKU eksplisit tidak tersedia; kolom Product adalah family/subkategori dan belum membuktikan nama produk/seri; Brand dan Vendor masih bercampur pada kolom Brand/Company,"Konfirmasi Vendor, Brand, tags, nama produk/seri, dan SKU nyata sebelum memindahkan row ke 04_materials.csv."
BLOCKER,MaterialCandidate,List,275,matcand_list_r0275,MATERIAL_IDENTITY_INCOMPLETE,SKU eksplisit tidak tersedia; kolom Product adalah family/subkategori dan belum membuktikan nama produk/seri; Brand dan Vendor masih bercampur pada kolom Brand/Company,"Konfirmasi Vendor, Brand, tags, nama produk/seri, dan SKU nyata sebelum memindahkan row ke 04_materials.csv."
BLOCKER,MaterialCandidate,List,276,matcand_list_r0276,MATERIAL_IDENTITY_INCOMPLETE,SKU eksplisit tidak tersedia; kolom Product adalah family/subkategori dan belum membuktikan nama produk/seri; Brand dan Vendor masih bercampur pada kolom Brand/Company,"Konfirmasi Vendor, Brand, tags, nama produk/seri, dan SKU nyata sebelum memindahkan row ke 04_materials.csv."
BLOCKER,MaterialCandidate,List,277,matcand_list_r0277,MATERIAL_IDENTITY_INCOMPLETE,SKU eksplisit tidak tersedia; kolom Product adalah family/subkategori dan belum membuktikan nama produk/seri; Brand dan Vendor masih bercampur pada kolom Brand/Company,"Konfirmasi Vendor, Brand, tags, nama produk/seri, dan SKU nyata sebelum memindahkan row ke 04_materials.csv."
BLOCKER,MaterialCandidate,List,278,matcand_list_r0278,MATERIAL_IDENTITY_INCOMPLETE,SKU eksplisit tidak tersedia; kolom Product adalah family/subkategori dan belum membuktikan nama produk/seri; Brand dan Vendor masih bercampur pada kolom Brand/Company,"Konfirmasi Vendor, Brand, tags, nama produk/seri, dan SKU nyata sebelum memindahkan row ke 04_materials.csv."
BLOCKER,MaterialCandidate,List,279,matcand_list_r0279,MATERIAL_IDENTITY_INCOMPLETE,SKU eksplisit tidak tersedia; kolom Product adalah family/subkategori dan belum membuktikan nama produk/seri; Brand dan Vendor masih bercampur pada kolom Brand/Company,"Konfirmasi Vendor, Brand, tags, nama produk/seri, dan SKU nyata sebelum memindahkan row ke 04_materials.csv."
BLOCKER,MaterialCandidate,List,280,matcand_list_r0280,MATERIAL_IDENTITY_INCOMPLETE,SKU eksplisit tidak tersedia; kolom Product adalah family/subkategori dan belum membuktikan nama produk/seri; Brand dan Vendor masih bercampur pada kolom Brand/Company,"Konfirmasi Vendor, Brand, tags, nama produk/seri, dan SKU nyata sebelum memindahkan row ke 04_materials.csv."
BLOCKER,MaterialCandidate,List,281,matcand_list_r0281,MATERIAL_IDENTITY_INCOMPLETE,SKU eksplisit tidak tersedia; kolom Product adalah family/subkategori dan belum membuktikan nama produk/seri; Brand dan Vendor masih bercampur pada kolom Brand/Company,"Konfirmasi Vendor, Brand, tags, nama produk/seri, dan SKU nyata sebelum memindahkan row ke 04_materials.csv."
BLOCKER,MaterialCandidate,List,282,matcand_list_r0282,MATERIAL_IDENTITY_INCOMPLETE,SKU eksplisit tidak tersedia; kolom Product adalah family/subkategori dan belum membuktikan nama produk/seri; Brand dan Vendor masih bercampur pada kolom Brand/Company,"Konfirmasi Vendor, Brand, tags, nama produk/seri, dan SKU nyata sebelum memindahkan row ke 04_materials.csv."
BLOCKER,MaterialCandidate,List,283,matcand_list_r0283,MATERIAL_IDENTITY_INCOMPLETE,SKU eksplisit tidak tersedia; kolom Product adalah family/subkategori dan belum membuktikan nama produk/seri; Brand dan Vendor masih bercampur pada kolom Brand/Company,"Konfirmasi Vendor, Brand, tags, nama produk/seri, dan SKU nyata sebelum memindahkan row ke 04_materials.csv."
BLOCKER,MaterialCandidate,List,284,matcand_list_r0284,MATERIAL_IDENTITY_INCOMPLETE,SKU eksplisit tidak tersedia; kolom Product adalah family/subkategori dan belum membuktikan nama produk/seri; Brand dan Vendor masih bercampur pada kolom Brand/Company,"Konfirmasi Vendor, Brand, tags, nama produk/seri, dan SKU nyata sebelum memindahkan row ke 04_materials.csv."
BLOCKER,MaterialCandidate,List,285,matcand_list_r0285,MATERIAL_IDENTITY_INCOMPLETE,SKU eksplisit tidak tersedia; kolom Product adalah family/subkategori dan belum membuktikan nama produk/seri; Brand dan Vendor masih bercampur pada kolom Brand/Company,"Konfirmasi Vendor, Brand, tags, nama produk/seri, dan SKU nyata sebelum memindahkan row ke 04_materials.csv."
BLOCKER,MaterialCandidate,List,286,matcand_list_r0286,MATERIAL_IDENTITY_INCOMPLETE,SKU eksplisit tidak tersedia; kolom Product adalah family/subkategori dan belum membuktikan nama produk/seri; Brand dan Vendor masih bercampur pada kolom Brand/Company,"Konfirmasi Vendor, Brand, tags, nama produk/seri, dan SKU nyata sebelum memindahkan row ke 04_materials.csv."
BLOCKER,MaterialCandidate,List,287,matcand_list_r0287,MATERIAL_IDENTITY_INCOMPLETE,SKU eksplisit tidak tersedia; kolom Product adalah family/subkategori dan belum membuktikan nama produk/seri; Brand dan Vendor masih bercampur pada kolom Brand/Company,"Konfirmasi Vendor, Brand, tags, nama produk/seri, dan SKU nyata sebelum memindahkan row ke 04_materials.csv."
BLOCKER,MaterialCandidate,List,288,matcand_list_r0288,MATERIAL_IDENTITY_INCOMPLETE,SKU eksplisit tidak tersedia; kolom Product adalah family/subkategori dan belum membuktikan nama produk/seri; Brand dan Vendor masih bercampur pada kolom Brand/Company,"Konfirmasi Vendor, Brand, tags, nama produk/seri, dan SKU nyata sebelum memindahkan row ke 04_materials.csv."
BLOCKER,MaterialCandidate,List,289,matcand_list_r0289,MATERIAL_IDENTITY_INCOMPLETE,SKU eksplisit tidak tersedia; kolom Product adalah family/subkategori dan belum membuktikan nama produk/seri; Brand dan Vendor masih bercampur pada kolom Brand/Company,"Konfirmasi Vendor, Brand, tags, nama produk/seri, dan SKU nyata sebelum memindahkan row ke 04_materials.csv."
BLOCKER,MaterialCandidate,List,290,matcand_list_r0290,MATERIAL_IDENTITY_INCOMPLETE,SKU eksplisit tidak tersedia; kolom Product adalah family/subkategori dan belum membuktikan nama produk/seri; Brand dan Vendor masih bercampur pada kolom Brand/Company,"Konfirmasi Vendor, Brand, tags, nama produk/seri, dan SKU nyata sebelum memindahkan row ke 04_materials.csv."
BLOCKER,MaterialCandidate,List,291,matcand_list_r0291,MATERIAL_IDENTITY_INCOMPLETE,SKU eksplisit tidak tersedia; kolom Product adalah family/subkategori dan belum membuktikan nama produk/seri; Brand dan Vendor masih bercampur pada kolom Brand/Company,"Konfirmasi Vendor, Brand, tags, nama produk/seri, dan SKU nyata sebelum memindahkan row ke 04_materials.csv."
BLOCKER,MaterialCandidate,List,292,matcand_list_r0292,MATERIAL_IDENTITY_INCOMPLETE,SKU eksplisit tidak tersedia; kolom Product adalah family/subkategori dan belum membuktikan nama produk/seri; Brand dan Vendor masih bercampur pada kolom Brand/Company,"Konfirmasi Vendor, Brand, tags, nama produk/seri, dan SKU nyata sebelum memindahkan row ke 04_materials.csv."
BLOCKER,MaterialCandidate,List,293,matcand_list_r0293,MATERIAL_IDENTITY_INCOMPLETE,SKU eksplisit tidak tersedia; kolom Product adalah family/subkategori dan belum membuktikan nama produk/seri; Brand dan Vendor masih bercampur pada kolom Brand/Company,"Konfirmasi Vendor, Brand, tags, nama produk/seri, dan SKU nyata sebelum memindahkan row ke 04_materials.csv."
BLOCKER,MaterialCandidate,List,294,matcand_list_r0294,MATERIAL_IDENTITY_INCOMPLETE,SKU eksplisit tidak tersedia; kolom Product adalah family/subkategori dan belum membuktikan nama produk/seri; Brand dan Vendor masih bercampur pada kolom Brand/Company,"Konfirmasi Vendor, Brand, tags, nama produk/seri, dan SKU nyata sebelum memindahkan row ke 04_materials.csv."
BLOCKER,MaterialCandidate,List,295,matcand_list_r0295,MATERIAL_IDENTITY_INCOMPLETE,SKU eksplisit tidak tersedia; kolom Product adalah family/subkategori dan belum membuktikan nama produk/seri; Brand dan Vendor masih bercampur pada kolom Brand/Company,"Konfirmasi Vendor, Brand, tags, nama produk/seri, dan SKU nyata sebelum memindahkan row ke 04_materials.csv."
BLOCKER,MaterialCandidate,List,296,matcand_list_r0296,MATERIAL_IDENTITY_INCOMPLETE,SKU eksplisit tidak tersedia; kolom Product adalah family/subkategori dan belum membuktikan nama produk/seri; Brand dan Vendor masih bercampur pada kolom Brand/Company,"Konfirmasi Vendor, Brand, tags, nama produk/seri, dan SKU nyata sebelum memindahkan row ke 04_materials.csv."
BLOCKER,MaterialCandidate,List,297,matcand_list_r0297,MATERIAL_IDENTITY_INCOMPLETE,SKU eksplisit tidak tersedia; kolom Product adalah family/subkategori dan belum membuktikan nama produk/seri; Brand dan Vendor masih bercampur pada kolom Brand/Company,"Konfirmasi Vendor, Brand, tags, nama produk/seri, dan SKU nyata sebelum memindahkan row ke 04_materials.csv."
BLOCKER,MaterialCandidate,List,298,matcand_list_r0298,MATERIAL_IDENTITY_INCOMPLETE,SKU eksplisit tidak tersedia; kolom Product adalah family/subkategori dan belum membuktikan nama produk/seri; Brand dan Vendor masih bercampur pada kolom Brand/Company,"Konfirmasi Vendor, Brand, tags, nama produk/seri, dan SKU nyata sebelum memindahkan row ke 04_materials.csv."
BLOCKER,MaterialCandidate,List,299,matcand_list_r0299,MATERIAL_IDENTITY_INCOMPLETE,SKU eksplisit tidak tersedia; kolom Product adalah family/subkategori dan belum membuktikan nama produk/seri; Brand dan Vendor masih bercampur pada kolom Brand/Company,"Konfirmasi Vendor, Brand, tags, nama produk/seri, dan SKU nyata sebelum memindahkan row ke 04_materials.csv."
BLOCKER,MaterialCandidate,List,300,matcand_list_r0300,MATERIAL_IDENTITY_INCOMPLETE,SKU eksplisit tidak tersedia; kolom Product adalah family/subkategori dan belum membuktikan nama produk/seri; Brand dan Vendor masih bercampur pada kolom Brand/Company,"Konfirmasi Vendor, Brand, tags, nama produk/seri, dan SKU nyata sebelum memindahkan row ke 04_materials.csv."
BLOCKER,MaterialCandidate,List,301,matcand_list_r0301,MATERIAL_IDENTITY_INCOMPLETE,SKU eksplisit tidak tersedia; kolom Product adalah family/subkategori dan belum membuktikan nama produk/seri; Brand dan Vendor masih bercampur pada kolom Brand/Company,"Konfirmasi Vendor, Brand, tags, nama produk/seri, dan SKU nyata sebelum memindahkan row ke 04_materials.csv."
BLOCKER,MaterialCandidate,List,302,matcand_list_r0302,MATERIAL_IDENTITY_INCOMPLETE,SKU eksplisit tidak tersedia; kolom Product adalah family/subkategori dan belum membuktikan nama produk/seri; Brand dan Vendor masih bercampur pada kolom Brand/Company,"Konfirmasi Vendor, Brand, tags, nama produk/seri, dan SKU nyata sebelum memindahkan row ke 04_materials.csv."
BLOCKER,MaterialCandidate,List,303,matcand_list_r0303,MATERIAL_IDENTITY_INCOMPLETE,SKU eksplisit tidak tersedia; kolom Product adalah family/subkategori dan belum membuktikan nama produk/seri; Brand dan Vendor masih bercampur pada kolom Brand/Company,"Konfirmasi Vendor, Brand, tags, nama produk/seri, dan SKU nyata sebelum memindahkan row ke 04_materials.csv."
BLOCKER,MaterialCandidate,List,304,matcand_list_r0304,MATERIAL_IDENTITY_INCOMPLETE,SKU eksplisit tidak tersedia; kolom Product adalah family/subkategori dan belum membuktikan nama produk/seri; Brand dan Vendor masih bercampur pada kolom Brand/Company,"Konfirmasi Vendor, Brand, tags, nama produk/seri, dan SKU nyata sebelum memindahkan row ke 04_materials.csv."
BLOCKER,MaterialCandidate,List,305,matcand_list_r0305,MATERIAL_IDENTITY_INCOMPLETE,SKU eksplisit tidak tersedia; kolom Product adalah family/subkategori dan belum membuktikan nama produk/seri; Brand dan Vendor masih bercampur pada kolom Brand/Company,"Konfirmasi Vendor, Brand, tags, nama produk/seri, dan SKU nyata sebelum memindahkan row ke 04_materials.csv."
BLOCKER,MaterialCandidate,List,306,matcand_list_r0306,MATERIAL_IDENTITY_INCOMPLETE,SKU eksplisit tidak tersedia; kolom Product adalah family/subkategori dan belum membuktikan nama produk/seri; Brand dan Vendor masih bercampur pada kolom Brand/Company,"Konfirmasi Vendor, Brand, tags, nama produk/seri, dan SKU nyata sebelum memindahkan row ke 04_materials.csv."
BLOCKER,MaterialCandidate,List,307,matcand_list_r0307,MATERIAL_IDENTITY_INCOMPLETE,SKU eksplisit tidak tersedia; kolom Product adalah family/subkategori dan belum membuktikan nama produk/seri; Brand dan Vendor masih bercampur pada kolom Brand/Company,"Konfirmasi Vendor, Brand, tags, nama produk/seri, dan SKU nyata sebelum memindahkan row ke 04_materials.csv."
BLOCKER,MaterialCandidate,List,308,matcand_list_r0308,MATERIAL_IDENTITY_INCOMPLETE,SKU eksplisit tidak tersedia; kolom Product adalah family/subkategori dan belum membuktikan nama produk/seri; Brand dan Vendor masih bercampur pada kolom Brand/Company,"Konfirmasi Vendor, Brand, tags, nama produk/seri, dan SKU nyata sebelum memindahkan row ke 04_materials.csv."
BLOCKER,MaterialCandidate,List,309,matcand_list_r0309,MATERIAL_IDENTITY_INCOMPLETE,SKU eksplisit tidak tersedia; kolom Product adalah family/subkategori dan belum membuktikan nama produk/seri; Brand dan Vendor masih bercampur pada kolom Brand/Company,"Konfirmasi Vendor, Brand, tags, nama produk/seri, dan SKU nyata sebelum memindahkan row ke 04_materials.csv."
BLOCKER,MaterialCandidate,List,310,matcand_list_r0310,MATERIAL_IDENTITY_INCOMPLETE,SKU eksplisit tidak tersedia; kolom Product adalah family/subkategori dan belum membuktikan nama produk/seri; Brand dan Vendor masih bercampur pada kolom Brand/Company,"Konfirmasi Vendor, Brand, tags, nama produk/seri, dan SKU nyata sebelum memindahkan row ke 04_materials.csv."
BLOCKER,MaterialCandidate,List,311,matcand_list_r0311,MATERIAL_IDENTITY_INCOMPLETE,SKU eksplisit tidak tersedia; kolom Product adalah family/subkategori dan belum membuktikan nama produk/seri; Brand dan Vendor masih bercampur pada kolom Brand/Company,"Konfirmasi Vendor, Brand, tags, nama produk/seri, dan SKU nyata sebelum memindahkan row ke 04_materials.csv."
BLOCKER,MaterialCandidate,List,312,matcand_list_r0312,MATERIAL_IDENTITY_INCOMPLETE,SKU eksplisit tidak tersedia; kolom Product adalah family/subkategori dan belum membuktikan nama produk/seri; Brand dan Vendor masih bercampur pada kolom Brand/Company,"Konfirmasi Vendor, Brand, tags, nama produk/seri, dan SKU nyata sebelum memindahkan row ke 04_materials.csv."
BLOCKER,MaterialCandidate,List,313,matcand_list_r0313,MATERIAL_IDENTITY_INCOMPLETE,SKU eksplisit tidak tersedia; kolom Product adalah family/subkategori dan belum membuktikan nama produk/seri; Brand dan Vendor masih bercampur pada kolom Brand/Company,"Konfirmasi Vendor, Brand, tags, nama produk/seri, dan SKU nyata sebelum memindahkan row ke 04_materials.csv."
BLOCKER,MaterialCandidate,List,314,matcand_list_r0314,MATERIAL_IDENTITY_INCOMPLETE,SKU eksplisit tidak tersedia; kolom Product adalah family/subkategori dan belum membuktikan nama produk/seri; Brand dan Vendor masih bercampur pada kolom Brand/Company,"Konfirmasi Vendor, Brand, tags, nama produk/seri, dan SKU nyata sebelum memindahkan row ke 04_materials.csv."
BLOCKER,MaterialCandidate,List,315,matcand_list_r0315,MATERIAL_IDENTITY_INCOMPLETE,SKU eksplisit tidak tersedia; kolom Product adalah family/subkategori dan belum membuktikan nama produk/seri; Brand dan Vendor masih bercampur pada kolom Brand/Company,"Konfirmasi Vendor, Brand, tags, nama produk/seri, dan SKU nyata sebelum memindahkan row ke 04_materials.csv."
BLOCKER,MaterialCandidate,List,316,matcand_list_r0316,MATERIAL_IDENTITY_INCOMPLETE,SKU eksplisit tidak tersedia; kolom Product adalah family/subkategori dan belum membuktikan nama produk/seri; Brand dan Vendor masih bercampur pada kolom Brand/Company,"Konfirmasi Vendor, Brand, tags, nama produk/seri, dan SKU nyata sebelum memindahkan row ke 04_materials.csv."
BLOCKER,MaterialCandidate,List,317,matcand_list_r0317,MATERIAL_IDENTITY_INCOMPLETE,SKU eksplisit tidak tersedia; kolom Product adalah family/subkategori dan belum membuktikan nama produk/seri; Brand dan Vendor masih bercampur pada kolom Brand/Company,"Konfirmasi Vendor, Brand, tags, nama produk/seri, dan SKU nyata sebelum memindahkan row ke 04_materials.csv."
BLOCKER,MaterialCandidate,List,318,matcand_list_r0318,MATERIAL_IDENTITY_INCOMPLETE,SKU eksplisit tidak tersedia; kolom Product adalah family/subkategori dan belum membuktikan nama produk/seri; Brand dan Vendor masih bercampur pada kolom Brand/Company,"Konfirmasi Vendor, Brand, tags, nama produk/seri, dan SKU nyata sebelum memindahkan row ke 04_materials.csv."
BLOCKER,MaterialCandidate,List,319,matcand_list_r0319,MATERIAL_IDENTITY_INCOMPLETE,SKU eksplisit tidak tersedia; kolom Product adalah family/subkategori dan belum membuktikan nama produk/seri; Brand dan Vendor masih bercampur pada kolom Brand/Company,"Konfirmasi Vendor, Brand, tags, nama produk/seri, dan SKU nyata sebelum memindahkan row ke 04_materials.csv."
BLOCKER,MaterialCandidate,List,320,matcand_list_r0320,MATERIAL_IDENTITY_INCOMPLETE,SKU eksplisit tidak tersedia; kolom Product adalah family/subkategori dan belum membuktikan nama produk/seri; Brand dan Vendor masih bercampur pada kolom Brand/Company,"Konfirmasi Vendor, Brand, tags, nama produk/seri, dan SKU nyata sebelum memindahkan row ke 04_materials.csv."
BLOCKER,MaterialCandidate,List,321,matcand_list_r0321,MATERIAL_IDENTITY_INCOMPLETE,SKU eksplisit tidak tersedia; kolom Product adalah family/subkategori dan belum membuktikan nama produk/seri; Brand dan Vendor masih bercampur pada kolom Brand/Company,"Konfirmasi Vendor, Brand, tags, nama produk/seri, dan SKU nyata sebelum memindahkan row ke 04_materials.csv."
BLOCKER,MaterialCandidate,List,322,matcand_list_r0322,MATERIAL_IDENTITY_INCOMPLETE,SKU eksplisit tidak tersedia; kolom Product adalah family/subkategori dan belum membuktikan nama produk/seri; Brand dan Vendor masih bercampur pada kolom Brand/Company,"Konfirmasi Vendor, Brand, tags, nama produk/seri, dan SKU nyata sebelum memindahkan row ke 04_materials.csv."
BLOCKER,MaterialCandidate,List,323,matcand_list_r0323,MATERIAL_IDENTITY_INCOMPLETE,SKU eksplisit tidak tersedia; kolom Product adalah family/subkategori dan belum membuktikan nama produk/seri; Brand dan Vendor masih bercampur pada kolom Brand/Company,"Konfirmasi Vendor, Brand, tags, nama produk/seri, dan SKU nyata sebelum memindahkan row ke 04_materials.csv."
BLOCKER,MaterialCandidate,List,324,matcand_list_r0324,MATERIAL_IDENTITY_INCOMPLETE,SKU eksplisit tidak tersedia; kolom Product adalah family/subkategori dan belum membuktikan nama produk/seri; Brand dan Vendor masih bercampur pada kolom Brand/Company,"Konfirmasi Vendor, Brand, tags, nama produk/seri, dan SKU nyata sebelum memindahkan row ke 04_materials.csv."
BLOCKER,MaterialCandidate,List,325,matcand_list_r0325,MATERIAL_IDENTITY_INCOMPLETE,SKU eksplisit tidak tersedia; kolom Product adalah family/subkategori dan belum membuktikan nama produk/seri; Brand dan Vendor masih bercampur pada kolom Brand/Company,"Konfirmasi Vendor, Brand, tags, nama produk/seri, dan SKU nyata sebelum memindahkan row ke 04_materials.csv."
BLOCKER,MaterialCandidate,List,326,matcand_list_r0326,MATERIAL_IDENTITY_INCOMPLETE,SKU eksplisit tidak tersedia; kolom Product adalah family/subkategori dan belum membuktikan nama produk/seri; Brand dan Vendor masih bercampur pada kolom Brand/Company,"Konfirmasi Vendor, Brand, tags, nama produk/seri, dan SKU nyata sebelum memindahkan row ke 04_materials.csv."
BLOCKER,MaterialCandidate,List,327,matcand_list_r0327,MATERIAL_IDENTITY_INCOMPLETE,SKU eksplisit tidak tersedia; kolom Product adalah family/subkategori dan belum membuktikan nama produk/seri; Brand dan Vendor masih bercampur pada kolom Brand/Company,"Konfirmasi Vendor, Brand, tags, nama produk/seri, dan SKU nyata sebelum memindahkan row ke 04_materials.csv."
BLOCKER,MaterialCandidate,List,328,matcand_list_r0328,MATERIAL_IDENTITY_INCOMPLETE,SKU eksplisit tidak tersedia; kolom Product adalah family/subkategori dan belum membuktikan nama produk/seri; Brand dan Vendor masih bercampur pada kolom Brand/Company,"Konfirmasi Vendor, Brand, tags, nama produk/seri, dan SKU nyata sebelum memindahkan row ke 04_materials.csv."
BLOCKER,MaterialCandidate,List,329,matcand_list_r0329,MATERIAL_IDENTITY_INCOMPLETE,SKU eksplisit tidak tersedia; kolom Product adalah family/subkategori dan belum membuktikan nama produk/seri; Brand dan Vendor masih bercampur pada kolom Brand/Company,"Konfirmasi Vendor, Brand, tags, nama produk/seri, dan SKU nyata sebelum memindahkan row ke 04_materials.csv."
BLOCKER,MaterialCandidate,List,330,matcand_list_r0330,MATERIAL_IDENTITY_INCOMPLETE,SKU eksplisit tidak tersedia; kolom Product adalah family/subkategori dan belum membuktikan nama produk/seri; Brand dan Vendor masih bercampur pada kolom Brand/Company,"Konfirmasi Vendor, Brand, tags, nama produk/seri, dan SKU nyata sebelum memindahkan row ke 04_materials.csv."
BLOCKER,MaterialCandidate,List,331,matcand_list_r0331,MATERIAL_IDENTITY_INCOMPLETE,SKU eksplisit tidak tersedia; kolom Product adalah family/subkategori dan belum membuktikan nama produk/seri; Brand dan Vendor masih bercampur pada kolom Brand/Company,"Konfirmasi Vendor, Brand, tags, nama produk/seri, dan SKU nyata sebelum memindahkan row ke 04_materials.csv."
BLOCKER,MaterialCandidate,List,332,matcand_list_r0332,MATERIAL_IDENTITY_INCOMPLETE,SKU eksplisit tidak tersedia; kolom Product adalah family/subkategori dan belum membuktikan nama produk/seri; Brand dan Vendor masih bercampur pada kolom Brand/Company,"Konfirmasi Vendor, Brand, tags, nama produk/seri, dan SKU nyata sebelum memindahkan row ke 04_materials.csv."
BLOCKER,MaterialCandidate,List,333,matcand_list_r0333,MATERIAL_IDENTITY_INCOMPLETE,SKU eksplisit tidak tersedia; kolom Product adalah family/subkategori dan belum membuktikan nama produk/seri; Brand dan Vendor masih bercampur pada kolom Brand/Company,"Konfirmasi Vendor, Brand, tags, nama produk/seri, dan SKU nyata sebelum memindahkan row ke 04_materials.csv."
BLOCKER,MaterialCandidate,List,334,matcand_list_r0334,MATERIAL_IDENTITY_INCOMPLETE,SKU eksplisit tidak tersedia; kolom Product adalah family/subkategori dan belum membuktikan nama produk/seri; Brand dan Vendor masih bercampur pada kolom Brand/Company,"Konfirmasi Vendor, Brand, tags, nama produk/seri, dan SKU nyata sebelum memindahkan row ke 04_materials.csv."
BLOCKER,MaterialCandidate,List,335,matcand_list_r0335,MATERIAL_IDENTITY_INCOMPLETE,SKU eksplisit tidak tersedia; kolom Product adalah family/subkategori dan belum membuktikan nama produk/seri; Brand dan Vendor masih bercampur pada kolom Brand/Company,"Konfirmasi Vendor, Brand, tags, nama produk/seri, dan SKU nyata sebelum memindahkan row ke 04_materials.csv."
BLOCKER,MaterialCandidate,List,336,matcand_list_r0336,MATERIAL_IDENTITY_INCOMPLETE,SKU eksplisit tidak tersedia; kolom Product adalah family/subkategori dan belum membuktikan nama produk/seri; Brand dan Vendor masih bercampur pada kolom Brand/Company,"Konfirmasi Vendor, Brand, tags, nama produk/seri, dan SKU nyata sebelum memindahkan row ke 04_materials.csv."
BLOCKER,MaterialCandidate,List,337,matcand_list_r0337,MATERIAL_IDENTITY_INCOMPLETE,SKU eksplisit tidak tersedia; kolom Product adalah family/subkategori dan belum membuktikan nama produk/seri; Brand dan Vendor masih bercampur pada kolom Brand/Company,"Konfirmasi Vendor, Brand, tags, nama produk/seri, dan SKU nyata sebelum memindahkan row ke 04_materials.csv."
BLOCKER,MaterialCandidate,List,338,matcand_list_r0338,MATERIAL_IDENTITY_INCOMPLETE,SKU eksplisit tidak tersedia; kolom Product adalah family/subkategori dan belum membuktikan nama produk/seri; Brand dan Vendor masih bercampur pada kolom Brand/Company,"Konfirmasi Vendor, Brand, tags, nama produk/seri, dan SKU nyata sebelum memindahkan row ke 04_materials.csv."
BLOCKER,MaterialCandidate,List,339,matcand_list_r0339,MATERIAL_IDENTITY_INCOMPLETE,SKU eksplisit tidak tersedia; kolom Product adalah family/subkategori dan belum membuktikan nama produk/seri; Brand dan Vendor masih bercampur pada kolom Brand/Company,"Konfirmasi Vendor, Brand, tags, nama produk/seri, dan SKU nyata sebelum memindahkan row ke 04_materials.csv."
BLOCKER,MaterialCandidate,List,340,matcand_list_r0340,MATERIAL_IDENTITY_INCOMPLETE,SKU eksplisit tidak tersedia; kolom Product adalah family/subkategori dan belum membuktikan nama produk/seri; Brand dan Vendor masih bercampur pada kolom Brand/Company,"Konfirmasi Vendor, Brand, tags, nama produk/seri, dan SKU nyata sebelum memindahkan row ke 04_materials.csv."
BLOCKER,MaterialCandidate,List,341,matcand_list_r0341,MATERIAL_IDENTITY_INCOMPLETE,SKU eksplisit tidak tersedia; kolom Product adalah family/subkategori dan belum membuktikan nama produk/seri; Brand dan Vendor masih bercampur pada kolom Brand/Company,"Konfirmasi Vendor, Brand, tags, nama produk/seri, dan SKU nyata sebelum memindahkan row ke 04_materials.csv."
BLOCKER,MaterialCandidate,List,342,matcand_list_r0342,MATERIAL_IDENTITY_INCOMPLETE,SKU eksplisit tidak tersedia; kolom Product adalah family/subkategori dan belum membuktikan nama produk/seri; Brand dan Vendor masih bercampur pada kolom Brand/Company,"Konfirmasi Vendor, Brand, tags, nama produk/seri, dan SKU nyata sebelum memindahkan row ke 04_materials.csv."
BLOCKER,MaterialCandidate,List,343,matcand_list_r0343,MATERIAL_IDENTITY_INCOMPLETE,SKU eksplisit tidak tersedia; kolom Product adalah family/subkategori dan belum membuktikan nama produk/seri; Brand dan Vendor masih bercampur pada kolom Brand/Company,"Konfirmasi Vendor, Brand, tags, nama produk/seri, dan SKU nyata sebelum memindahkan row ke 04_materials.csv."
BLOCKER,MaterialCandidate,List,344,matcand_list_r0344,MATERIAL_IDENTITY_INCOMPLETE,SKU eksplisit tidak tersedia; kolom Product adalah family/subkategori dan belum membuktikan nama produk/seri; Brand dan Vendor masih bercampur pada kolom Brand/Company,"Konfirmasi Vendor, Brand, tags, nama produk/seri, dan SKU nyata sebelum memindahkan row ke 04_materials.csv."
BLOCKER,MaterialCandidate,List,345,matcand_list_r0345,MATERIAL_IDENTITY_INCOMPLETE,SKU eksplisit tidak tersedia; kolom Product adalah family/subkategori dan belum membuktikan nama produk/seri; Brand dan Vendor masih bercampur pada kolom Brand/Company,"Konfirmasi Vendor, Brand, tags, nama produk/seri, dan SKU nyata sebelum memindahkan row ke 04_materials.csv."
BLOCKER,MaterialCandidate,List,346,matcand_list_r0346,MATERIAL_IDENTITY_INCOMPLETE,SKU eksplisit tidak tersedia; kolom Product adalah family/subkategori dan belum membuktikan nama produk/seri; Brand dan Vendor masih bercampur pada kolom Brand/Company,"Konfirmasi Vendor, Brand, tags, nama produk/seri, dan SKU nyata sebelum memindahkan row ke 04_materials.csv."
BLOCKER,MaterialCandidate,List,347,matcand_list_r0347,MATERIAL_IDENTITY_INCOMPLETE,SKU eksplisit tidak tersedia; kolom Product adalah family/subkategori dan belum membuktikan nama produk/seri; Brand dan Vendor masih bercampur pada kolom Brand/Company,"Konfirmasi Vendor, Brand, tags, nama produk/seri, dan SKU nyata sebelum memindahkan row ke 04_materials.csv."
BLOCKER,MaterialCandidate,List,348,matcand_list_r0348,MATERIAL_IDENTITY_INCOMPLETE,SKU eksplisit tidak tersedia; kolom Product adalah family/subkategori dan belum membuktikan nama produk/seri; Brand dan Vendor masih bercampur pada kolom Brand/Company,"Konfirmasi Vendor, Brand, tags, nama produk/seri, dan SKU nyata sebelum memindahkan row ke 04_materials.csv."
BLOCKER,MaterialCandidate,List,349,matcand_list_r0349,MATERIAL_IDENTITY_INCOMPLETE,SKU eksplisit tidak tersedia; kolom Product adalah family/subkategori dan belum membuktikan nama produk/seri; Brand dan Vendor masih bercampur pada kolom Brand/Company,"Konfirmasi Vendor, Brand, tags, nama produk/seri, dan SKU nyata sebelum memindahkan row ke 04_materials.csv."
BLOCKER,MaterialCandidate,List,350,matcand_list_r0350,MATERIAL_IDENTITY_INCOMPLETE,SKU eksplisit tidak tersedia; kolom Product adalah family/subkategori dan belum membuktikan nama produk/seri; Brand dan Vendor masih bercampur pada kolom Brand/Company,"Konfirmasi Vendor, Brand, tags, nama produk/seri, dan SKU nyata sebelum memindahkan row ke 04_materials.csv."
BLOCKER,MaterialCandidate,List,351,matcand_list_r0351,MATERIAL_IDENTITY_INCOMPLETE,SKU eksplisit tidak tersedia; kolom Product adalah family/subkategori dan belum membuktikan nama produk/seri; Brand dan Vendor masih bercampur pada kolom Brand/Company,"Konfirmasi Vendor, Brand, tags, nama produk/seri, dan SKU nyata sebelum memindahkan row ke 04_materials.csv."
BLOCKER,MaterialCandidate,List,352,matcand_list_r0352,MATERIAL_IDENTITY_INCOMPLETE,SKU eksplisit tidak tersedia; kolom Product adalah family/subkategori dan belum membuktikan nama produk/seri; Brand dan Vendor masih bercampur pada kolom Brand/Company,"Konfirmasi Vendor, Brand, tags, nama produk/seri, dan SKU nyata sebelum memindahkan row ke 04_materials.csv."
BLOCKER,MaterialCandidate,List,353,matcand_list_r0353,MATERIAL_IDENTITY_INCOMPLETE,SKU eksplisit tidak tersedia; kolom Product adalah family/subkategori dan belum membuktikan nama produk/seri; Brand dan Vendor masih bercampur pada kolom Brand/Company,"Konfirmasi Vendor, Brand, tags, nama produk/seri, dan SKU nyata sebelum memindahkan row ke 04_materials.csv."
BLOCKER,MaterialCandidate,List,354,matcand_list_r0354,MATERIAL_IDENTITY_INCOMPLETE,SKU eksplisit tidak tersedia; kolom Product adalah family/subkategori dan belum membuktikan nama produk/seri; Brand dan Vendor masih bercampur pada kolom Brand/Company,"Konfirmasi Vendor, Brand, tags, nama produk/seri, dan SKU nyata sebelum memindahkan row ke 04_materials.csv."
BLOCKER,MaterialCandidate,List,355,matcand_list_r0355,MATERIAL_IDENTITY_INCOMPLETE,SKU eksplisit tidak tersedia; kolom Product adalah family/subkategori dan belum membuktikan nama produk/seri; Brand dan Vendor masih bercampur pada kolom Brand/Company,"Konfirmasi Vendor, Brand, tags, nama produk/seri, dan SKU nyata sebelum memindahkan row ke 04_materials.csv."
BLOCKER,MaterialCandidate,List,356,matcand_list_r0356,MATERIAL_IDENTITY_INCOMPLETE,SKU eksplisit tidak tersedia; kolom Product adalah family/subkategori dan belum membuktikan nama produk/seri; Brand dan Vendor masih bercampur pada kolom Brand/Company,"Konfirmasi Vendor, Brand, tags, nama produk/seri, dan SKU nyata sebelum memindahkan row ke 04_materials.csv."
BLOCKER,MaterialCandidate,List,357,matcand_list_r0357,MATERIAL_IDENTITY_INCOMPLETE,SKU eksplisit tidak tersedia; kolom Product adalah family/subkategori dan belum membuktikan nama produk/seri; Brand dan Vendor masih bercampur pada kolom Brand/Company,"Konfirmasi Vendor, Brand, tags, nama produk/seri, dan SKU nyata sebelum memindahkan row ke 04_materials.csv."
BLOCKER,MaterialCandidate,List,358,matcand_list_r0358,MATERIAL_IDENTITY_INCOMPLETE,SKU eksplisit tidak tersedia; kolom Product adalah family/subkategori dan belum membuktikan nama produk/seri; Brand dan Vendor masih bercampur pada kolom Brand/Company,"Konfirmasi Vendor, Brand, tags, nama produk/seri, dan SKU nyata sebelum memindahkan row ke 04_materials.csv."
BLOCKER,MaterialCandidate,List,359,matcand_list_r0359,MATERIAL_IDENTITY_INCOMPLETE,SKU eksplisit tidak tersedia; kolom Product adalah family/subkategori dan belum membuktikan nama produk/seri; Brand dan Vendor masih bercampur pada kolom Brand/Company,"Konfirmasi Vendor, Brand, tags, nama produk/seri, dan SKU nyata sebelum memindahkan row ke 04_materials.csv."
BLOCKER,MaterialCandidate,List,360,matcand_list_r0360,MATERIAL_IDENTITY_INCOMPLETE,SKU eksplisit tidak tersedia; kolom Product adalah family/subkategori dan belum membuktikan nama produk/seri; Brand dan Vendor masih bercampur pada kolom Brand/Company,"Konfirmasi Vendor, Brand, tags, nama produk/seri, dan SKU nyata sebelum memindahkan row ke 04_materials.csv."
BLOCKER,MaterialCandidate,List,361,matcand_list_r0361,MATERIAL_IDENTITY_INCOMPLETE,SKU eksplisit tidak tersedia; kolom Product adalah family/subkategori dan belum membuktikan nama produk/seri; Brand dan Vendor masih bercampur pada kolom Brand/Company,"Konfirmasi Vendor, Brand, tags, nama produk/seri, dan SKU nyata sebelum memindahkan row ke 04_materials.csv."
BLOCKER,MaterialCandidate,List,362,matcand_list_r0362,MATERIAL_IDENTITY_INCOMPLETE,SKU eksplisit tidak tersedia; kolom Product adalah family/subkategori dan belum membuktikan nama produk/seri; Brand dan Vendor masih bercampur pada kolom Brand/Company,"Konfirmasi Vendor, Brand, tags, nama produk/seri, dan SKU nyata sebelum memindahkan row ke 04_materials.csv."
BLOCKER,MaterialCandidate,List,363,matcand_list_r0363,MATERIAL_IDENTITY_INCOMPLETE,SKU eksplisit tidak tersedia; kolom Product adalah family/subkategori dan belum membuktikan nama produk/seri; Brand dan Vendor masih bercampur pada kolom Brand/Company,"Konfirmasi Vendor, Brand, tags, nama produk/seri, dan SKU nyata sebelum memindahkan row ke 04_materials.csv."
BLOCKER,MaterialCandidate,List,364,matcand_list_r0364,MATERIAL_IDENTITY_INCOMPLETE,SKU eksplisit tidak tersedia; kolom Product adalah family/subkategori dan belum membuktikan nama produk/seri; Brand dan Vendor masih bercampur pada kolom Brand/Company,"Konfirmasi Vendor, Brand, tags, nama produk/seri, dan SKU nyata sebelum memindahkan row ke 04_materials.csv."
BLOCKER,MaterialCandidate,List,365,matcand_list_r0365,MATERIAL_IDENTITY_INCOMPLETE,SKU eksplisit tidak tersedia; kolom Product adalah family/subkategori dan belum membuktikan nama produk/seri; Brand dan Vendor masih bercampur pada kolom Brand/Company,"Konfirmasi Vendor, Brand, tags, nama produk/seri, dan SKU nyata sebelum memindahkan row ke 04_materials.csv."
BLOCKER,MaterialCandidate,List,366,matcand_list_r0366,MATERIAL_IDENTITY_INCOMPLETE,SKU eksplisit tidak tersedia; kolom Product adalah family/subkategori dan belum membuktikan nama produk/seri; Brand dan Vendor masih bercampur pada kolom Brand/Company,"Konfirmasi Vendor, Brand, tags, nama produk/seri, dan SKU nyata sebelum memindahkan row ke 04_materials.csv."
BLOCKER,MaterialCandidate,List,367,matcand_list_r0367,MATERIAL_IDENTITY_INCOMPLETE,SKU eksplisit tidak tersedia; kolom Product adalah family/subkategori dan belum membuktikan nama produk/seri; Brand dan Vendor masih bercampur pada kolom Brand/Company,"Konfirmasi Vendor, Brand, tags, nama produk/seri, dan SKU nyata sebelum memindahkan row ke 04_materials.csv."
BLOCKER,MaterialCandidate,List,368,matcand_list_r0368,MATERIAL_IDENTITY_INCOMPLETE,SKU eksplisit tidak tersedia; kolom Product adalah family/subkategori dan belum membuktikan nama produk/seri; Brand dan Vendor masih bercampur pada kolom Brand/Company,"Konfirmasi Vendor, Brand, tags, nama produk/seri, dan SKU nyata sebelum memindahkan row ke 04_materials.csv."
BLOCKER,MaterialCandidate,List,369,matcand_list_r0369,MATERIAL_IDENTITY_INCOMPLETE,SKU eksplisit tidak tersedia; kolom Product adalah family/subkategori dan belum membuktikan nama produk/seri; Brand dan Vendor masih bercampur pada kolom Brand/Company,"Konfirmasi Vendor, Brand, tags, nama produk/seri, dan SKU nyata sebelum memindahkan row ke 04_materials.csv."
BLOCKER,MaterialCandidate,List,370,matcand_list_r0370,MATERIAL_IDENTITY_INCOMPLETE,SKU eksplisit tidak tersedia; kolom Product adalah family/subkategori dan belum membuktikan nama produk/seri; Brand dan Vendor masih bercampur pada kolom Brand/Company,"Konfirmasi Vendor, Brand, tags, nama produk/seri, dan SKU nyata sebelum memindahkan row ke 04_materials.csv."
BLOCKER,MaterialCandidate,List,371,matcand_list_r0371,MATERIAL_IDENTITY_INCOMPLETE,SKU eksplisit tidak tersedia; kolom Product adalah family/subkategori dan belum membuktikan nama produk/seri; Brand dan Vendor masih bercampur pada kolom Brand/Company,"Konfirmasi Vendor, Brand, tags, nama produk/seri, dan SKU nyata sebelum memindahkan row ke 04_materials.csv."
BLOCKER,MaterialCandidate,List,372,matcand_list_r0372,MATERIAL_IDENTITY_INCOMPLETE,SKU eksplisit tidak tersedia; kolom Product adalah family/subkategori dan belum membuktikan nama produk/seri; Brand dan Vendor masih bercampur pada kolom Brand/Company,"Konfirmasi Vendor, Brand, tags, nama produk/seri, dan SKU nyata sebelum memindahkan row ke 04_materials.csv."
BLOCKER,MaterialCandidate,List,373,matcand_list_r0373,MATERIAL_IDENTITY_INCOMPLETE,SKU eksplisit tidak tersedia; kolom Product adalah family/subkategori dan belum membuktikan nama produk/seri; Brand dan Vendor masih bercampur pada kolom Brand/Company,"Konfirmasi Vendor, Brand, tags, nama produk/seri, dan SKU nyata sebelum memindahkan row ke 04_materials.csv."
BLOCKER,MaterialCandidate,List,374,matcand_list_r0374,MATERIAL_IDENTITY_INCOMPLETE,SKU eksplisit tidak tersedia; kolom Product adalah family/subkategori dan belum membuktikan nama produk/seri; Brand dan Vendor masih bercampur pada kolom Brand/Company,"Konfirmasi Vendor, Brand, tags, nama produk/seri, dan SKU nyata sebelum memindahkan row ke 04_materials.csv."
BLOCKER,MaterialCandidate,List,375,matcand_list_r0375,MATERIAL_IDENTITY_INCOMPLETE,SKU eksplisit tidak tersedia; kolom Product adalah family/subkategori dan belum membuktikan nama produk/seri; Brand dan Vendor masih bercampur pada kolom Brand/Company,"Konfirmasi Vendor, Brand, tags, nama produk/seri, dan SKU nyata sebelum memindahkan row ke 04_materials.csv."
BLOCKER,MaterialCandidate,List,376,matcand_list_r0376,MATERIAL_IDENTITY_INCOMPLETE,SKU eksplisit tidak tersedia; kolom Product adalah family/subkategori dan belum membuktikan nama produk/seri; Brand dan Vendor masih bercampur pada kolom Brand/Company,"Konfirmasi Vendor, Brand, tags, nama produk/seri, dan SKU nyata sebelum memindahkan row ke 04_materials.csv."
BLOCKER,MaterialCandidate,List,377,matcand_list_r0377,MATERIAL_IDENTITY_INCOMPLETE,SKU eksplisit tidak tersedia; kolom Product adalah family/subkategori dan belum membuktikan nama produk/seri; Brand dan Vendor masih bercampur pada kolom Brand/Company,"Konfirmasi Vendor, Brand, tags, nama produk/seri, dan SKU nyata sebelum memindahkan row ke 04_materials.csv."
BLOCKER,MaterialCandidate,List,378,matcand_list_r0378,MATERIAL_IDENTITY_INCOMPLETE,SKU eksplisit tidak tersedia; kolom Product adalah family/subkategori dan belum membuktikan nama produk/seri; Brand dan Vendor masih bercampur pada kolom Brand/Company,"Konfirmasi Vendor, Brand, tags, nama produk/seri, dan SKU nyata sebelum memindahkan row ke 04_materials.csv."
BLOCKER,MaterialCandidate,List,379,matcand_list_r0379,MATERIAL_IDENTITY_INCOMPLETE,SKU eksplisit tidak tersedia; kolom Product adalah family/subkategori dan belum membuktikan nama produk/seri; Brand dan Vendor masih bercampur pada kolom Brand/Company,"Konfirmasi Vendor, Brand, tags, nama produk/seri, dan SKU nyata sebelum memindahkan row ke 04_materials.csv."
BLOCKER,MaterialCandidate,List,380,matcand_list_r0380,MATERIAL_IDENTITY_INCOMPLETE,SKU eksplisit tidak tersedia; kolom Product adalah family/subkategori dan belum membuktikan nama produk/seri; Brand dan Vendor masih bercampur pada kolom Brand/Company,"Konfirmasi Vendor, Brand, tags, nama produk/seri, dan SKU nyata sebelum memindahkan row ke 04_materials.csv."
BLOCKER,MaterialCandidate,List,381,matcand_list_r0381,MATERIAL_IDENTITY_INCOMPLETE,SKU eksplisit tidak tersedia; kolom Product adalah family/subkategori dan belum membuktikan nama produk/seri; Brand dan Vendor masih bercampur pada kolom Brand/Company,"Konfirmasi Vendor, Brand, tags, nama produk/seri, dan SKU nyata sebelum memindahkan row ke 04_materials.csv."
BLOCKER,MaterialCandidate,List,382,matcand_list_r0382,MATERIAL_IDENTITY_INCOMPLETE,SKU eksplisit tidak tersedia; kolom Product adalah family/subkategori dan belum membuktikan nama produk/seri; Brand dan Vendor masih bercampur pada kolom Brand/Company,"Konfirmasi Vendor, Brand, tags, nama produk/seri, dan SKU nyata sebelum memindahkan row ke 04_materials.csv."
BLOCKER,MaterialCandidate,List,383,matcand_list_r0383,MATERIAL_IDENTITY_INCOMPLETE,SKU eksplisit tidak tersedia; kolom Product adalah family/subkategori dan belum membuktikan nama produk/seri; Brand dan Vendor masih bercampur pada kolom Brand/Company,"Konfirmasi Vendor, Brand, tags, nama produk/seri, dan SKU nyata sebelum memindahkan row ke 04_materials.csv."
BLOCKER,MaterialCandidate,List,384,matcand_list_r0384,MATERIAL_IDENTITY_INCOMPLETE,SKU eksplisit tidak tersedia; kolom Product adalah family/subkategori dan belum membuktikan nama produk/seri; Brand dan Vendor masih bercampur pada kolom Brand/Company,"Konfirmasi Vendor, Brand, tags, nama produk/seri, dan SKU nyata sebelum memindahkan row ke 04_materials.csv."
BLOCKER,MaterialCandidate,List,385,matcand_list_r0385,MATERIAL_IDENTITY_INCOMPLETE,SKU eksplisit tidak tersedia; kolom Product adalah family/subkategori dan belum membuktikan nama produk/seri; Brand dan Vendor masih bercampur pada kolom Brand/Company,"Konfirmasi Vendor, Brand, tags, nama produk/seri, dan SKU nyata sebelum memindahkan row ke 04_materials.csv."
BLOCKER,MaterialCandidate,List,386,matcand_list_r0386,MATERIAL_IDENTITY_INCOMPLETE,SKU eksplisit tidak tersedia; kolom Product adalah family/subkategori dan belum membuktikan nama produk/seri; Brand dan Vendor masih bercampur pada kolom Brand/Company,"Konfirmasi Vendor, Brand, tags, nama produk/seri, dan SKU nyata sebelum memindahkan row ke 04_materials.csv."
BLOCKER,MaterialCandidate,List,387,matcand_list_r0387,MATERIAL_IDENTITY_INCOMPLETE,SKU eksplisit tidak tersedia; kolom Product adalah family/subkategori dan belum membuktikan nama produk/seri; Brand dan Vendor masih bercampur pada kolom Brand/Company,"Konfirmasi Vendor, Brand, tags, nama produk/seri, dan SKU nyata sebelum memindahkan row ke 04_materials.csv."
BLOCKER,MaterialCandidate,List,388,matcand_list_r0388,MATERIAL_IDENTITY_INCOMPLETE,SKU eksplisit tidak tersedia; kolom Product adalah family/subkategori dan belum membuktikan nama produk/seri; Brand dan Vendor masih bercampur pada kolom Brand/Company,"Konfirmasi Vendor, Brand, tags, nama produk/seri, dan SKU nyata sebelum memindahkan row ke 04_materials.csv."
BLOCKER,MaterialCandidate,List,389,matcand_list_r0389,MATERIAL_IDENTITY_INCOMPLETE,SKU eksplisit tidak tersedia; kolom Product adalah family/subkategori dan belum membuktikan nama produk/seri; Brand dan Vendor masih bercampur pada kolom Brand/Company,"Konfirmasi Vendor, Brand, tags, nama produk/seri, dan SKU nyata sebelum memindahkan row ke 04_materials.csv."
BLOCKER,MaterialCandidate,List,390,matcand_list_r0390,MATERIAL_IDENTITY_INCOMPLETE,SKU eksplisit tidak tersedia; kolom Product adalah family/subkategori dan belum membuktikan nama produk/seri; Brand dan Vendor masih bercampur pada kolom Brand/Company,"Konfirmasi Vendor, Brand, tags, nama produk/seri, dan SKU nyata sebelum memindahkan row ke 04_materials.csv."
BLOCKER,MaterialCandidate,List,391,matcand_list_r0391,MATERIAL_IDENTITY_INCOMPLETE,SKU eksplisit tidak tersedia; kolom Product adalah family/subkategori dan belum membuktikan nama produk/seri; Brand dan Vendor masih bercampur pada kolom Brand/Company,"Konfirmasi Vendor, Brand, tags, nama produk/seri, dan SKU nyata sebelum memindahkan row ke 04_materials.csv."
BLOCKER,MaterialCandidate,List,392,matcand_list_r0392,MATERIAL_IDENTITY_INCOMPLETE,SKU eksplisit tidak tersedia; kolom Product adalah family/subkategori dan belum membuktikan nama produk/seri; Brand dan Vendor masih bercampur pada kolom Brand/Company,"Konfirmasi Vendor, Brand, tags, nama produk/seri, dan SKU nyata sebelum memindahkan row ke 04_materials.csv."
BLOCKER,MaterialCandidate,List,393,matcand_list_r0393,MATERIAL_IDENTITY_INCOMPLETE,SKU eksplisit tidak tersedia; kolom Product adalah family/subkategori dan belum membuktikan nama produk/seri; Brand dan Vendor masih bercampur pada kolom Brand/Company,"Konfirmasi Vendor, Brand, tags, nama produk/seri, dan SKU nyata sebelum memindahkan row ke 04_materials.csv."
BLOCKER,MaterialCandidate,List,394,matcand_list_r0394,MATERIAL_IDENTITY_INCOMPLETE,SKU eksplisit tidak tersedia; kolom Product adalah family/subkategori dan belum membuktikan nama produk/seri; Brand dan Vendor masih bercampur pada kolom Brand/Company,"Konfirmasi Vendor, Brand, tags, nama produk/seri, dan SKU nyata sebelum memindahkan row ke 04_materials.csv."
BLOCKER,MaterialCandidate,List,395,matcand_list_r0395,MATERIAL_IDENTITY_INCOMPLETE,SKU eksplisit tidak tersedia; kolom Product adalah family/subkategori dan belum membuktikan nama produk/seri; Brand dan Vendor masih bercampur pada kolom Brand/Company,"Konfirmasi Vendor, Brand, tags, nama produk/seri, dan SKU nyata sebelum memindahkan row ke 04_materials.csv."
BLOCKER,MaterialCandidate,List,396,matcand_list_r0396,MATERIAL_IDENTITY_INCOMPLETE,SKU eksplisit tidak tersedia; kolom Product adalah family/subkategori dan belum membuktikan nama produk/seri; Brand dan Vendor masih bercampur pada kolom Brand/Company,"Konfirmasi Vendor, Brand, tags, nama produk/seri, dan SKU nyata sebelum memindahkan row ke 04_materials.csv."
BLOCKER,MaterialCandidate,List,397,matcand_list_r0397,MATERIAL_IDENTITY_INCOMPLETE,SKU eksplisit tidak tersedia; kolom Product adalah family/subkategori dan belum membuktikan nama produk/seri; Brand dan Vendor masih bercampur pada kolom Brand/Company,"Konfirmasi Vendor, Brand, tags, nama produk/seri, dan SKU nyata sebelum memindahkan row ke 04_materials.csv."
BLOCKER,MaterialCandidate,List,398,matcand_list_r0398,MATERIAL_IDENTITY_INCOMPLETE,SKU eksplisit tidak tersedia; kolom Product adalah family/subkategori dan belum membuktikan nama produk/seri; Brand dan Vendor masih bercampur pada kolom Brand/Company,"Konfirmasi Vendor, Brand, tags, nama produk/seri, dan SKU nyata sebelum memindahkan row ke 04_materials.csv."
BLOCKER,MaterialCandidate,List,399,matcand_list_r0399,MATERIAL_IDENTITY_INCOMPLETE,SKU eksplisit tidak tersedia; kolom Product adalah family/subkategori dan belum membuktikan nama produk/seri; Brand dan Vendor masih bercampur pada kolom Brand/Company,"Konfirmasi Vendor, Brand, tags, nama produk/seri, dan SKU nyata sebelum memindahkan row ke 04_materials.csv."
BLOCKER,MaterialCandidate,List,400,matcand_list_r0400,MATERIAL_IDENTITY_INCOMPLETE,SKU eksplisit tidak tersedia; kolom Product adalah family/subkategori dan belum membuktikan nama produk/seri; Brand dan Vendor masih bercampur pada kolom Brand/Company,"Konfirmasi Vendor, Brand, tags, nama produk/seri, dan SKU nyata sebelum memindahkan row ke 04_materials.csv."
BLOCKER,MaterialCandidate,List,401,matcand_list_r0401,MATERIAL_IDENTITY_INCOMPLETE,SKU eksplisit tidak tersedia; kolom Product adalah family/subkategori dan belum membuktikan nama produk/seri; Brand dan Vendor masih bercampur pada kolom Brand/Company,"Konfirmasi Vendor, Brand, tags, nama produk/seri, dan SKU nyata sebelum memindahkan row ke 04_materials.csv."
BLOCKER,MaterialCandidate,List,402,matcand_list_r0402,MATERIAL_IDENTITY_INCOMPLETE,SKU eksplisit tidak tersedia; kolom Product adalah family/subkategori dan belum membuktikan nama produk/seri; Brand dan Vendor masih bercampur pada kolom Brand/Company,"Konfirmasi Vendor, Brand, tags, nama produk/seri, dan SKU nyata sebelum memindahkan row ke 04_materials.csv."
BLOCKER,MaterialCandidate,List,403,matcand_list_r0403,MATERIAL_IDENTITY_INCOMPLETE,SKU eksplisit tidak tersedia; kolom Product adalah family/subkategori dan belum membuktikan nama produk/seri; Brand dan Vendor masih bercampur pada kolom Brand/Company,"Konfirmasi Vendor, Brand, tags, nama produk/seri, dan SKU nyata sebelum memindahkan row ke 04_materials.csv."
BLOCKER,MaterialCandidate,List,404,matcand_list_r0404,MATERIAL_IDENTITY_INCOMPLETE,SKU eksplisit tidak tersedia; kolom Product adalah family/subkategori dan belum membuktikan nama produk/seri; Brand dan Vendor masih bercampur pada kolom Brand/Company,"Konfirmasi Vendor, Brand, tags, nama produk/seri, dan SKU nyata sebelum memindahkan row ke 04_materials.csv."
BLOCKER,MaterialCandidate,List,405,matcand_list_r0405,MATERIAL_IDENTITY_INCOMPLETE,SKU eksplisit tidak tersedia; kolom Product adalah family/subkategori dan belum membuktikan nama produk/seri; Brand dan Vendor masih bercampur pada kolom Brand/Company,"Konfirmasi Vendor, Brand, tags, nama produk/seri, dan SKU nyata sebelum memindahkan row ke 04_materials.csv."
BLOCKER,MaterialCandidate,List,406,matcand_list_r0406,MATERIAL_IDENTITY_INCOMPLETE,SKU eksplisit tidak tersedia; kolom Product adalah family/subkategori dan belum membuktikan nama produk/seri; Brand dan Vendor masih bercampur pada kolom Brand/Company,"Konfirmasi Vendor, Brand, tags, nama produk/seri, dan SKU nyata sebelum memindahkan row ke 04_materials.csv."
BLOCKER,MaterialCandidate,List,407,matcand_list_r0407,MATERIAL_IDENTITY_INCOMPLETE,SKU eksplisit tidak tersedia; kolom Product adalah family/subkategori dan belum membuktikan nama produk/seri; Brand dan Vendor masih bercampur pada kolom Brand/Company,"Konfirmasi Vendor, Brand, tags, nama produk/seri, dan SKU nyata sebelum memindahkan row ke 04_materials.csv."
BLOCKER,MaterialCandidate,List,408,matcand_list_r0408,MATERIAL_IDENTITY_INCOMPLETE,SKU eksplisit tidak tersedia; kolom Product adalah family/subkategori dan belum membuktikan nama produk/seri; Brand dan Vendor masih bercampur pada kolom Brand/Company,"Konfirmasi Vendor, Brand, tags, nama produk/seri, dan SKU nyata sebelum memindahkan row ke 04_materials.csv."
BLOCKER,MaterialCandidate,List,409,matcand_list_r0409,MATERIAL_IDENTITY_INCOMPLETE,SKU eksplisit tidak tersedia; kolom Product adalah family/subkategori dan belum membuktikan nama produk/seri; Brand dan Vendor masih bercampur pada kolom Brand/Company,"Konfirmasi Vendor, Brand, tags, nama produk/seri, dan SKU nyata sebelum memindahkan row ke 04_materials.csv."
BLOCKER,MaterialCandidate,List,410,matcand_list_r0410,MATERIAL_IDENTITY_INCOMPLETE,SKU eksplisit tidak tersedia; kolom Product adalah family/subkategori dan belum membuktikan nama produk/seri; Brand dan Vendor masih bercampur pada kolom Brand/Company,"Konfirmasi Vendor, Brand, tags, nama produk/seri, dan SKU nyata sebelum memindahkan row ke 04_materials.csv."
BLOCKER,MaterialCandidate,List,411,matcand_list_r0411,MATERIAL_IDENTITY_INCOMPLETE,SKU eksplisit tidak tersedia; kolom Product adalah family/subkategori dan belum membuktikan nama produk/seri; Brand dan Vendor masih bercampur pada kolom Brand/Company,"Konfirmasi Vendor, Brand, tags, nama produk/seri, dan SKU nyata sebelum memindahkan row ke 04_materials.csv."
BLOCKER,MaterialCandidate,List,412,matcand_list_r0412,MATERIAL_IDENTITY_INCOMPLETE,SKU eksplisit tidak tersedia; kolom Product adalah family/subkategori dan belum membuktikan nama produk/seri; Brand dan Vendor masih bercampur pada kolom Brand/Company,"Konfirmasi Vendor, Brand, tags, nama produk/seri, dan SKU nyata sebelum memindahkan row ke 04_materials.csv."
BLOCKER,MaterialCandidate,List,413,matcand_list_r0413,MATERIAL_IDENTITY_INCOMPLETE,SKU eksplisit tidak tersedia; kolom Product adalah family/subkategori dan belum membuktikan nama produk/seri; Brand dan Vendor masih bercampur pada kolom Brand/Company,"Konfirmasi Vendor, Brand, tags, nama produk/seri, dan SKU nyata sebelum memindahkan row ke 04_materials.csv."
BLOCKER,MaterialCandidate,List,414,matcand_list_r0414,MATERIAL_IDENTITY_INCOMPLETE,SKU eksplisit tidak tersedia; kolom Product adalah family/subkategori dan belum membuktikan nama produk/seri; Brand dan Vendor masih bercampur pada kolom Brand/Company,"Konfirmasi Vendor, Brand, tags, nama produk/seri, dan SKU nyata sebelum memindahkan row ke 04_materials.csv."
BLOCKER,MaterialCandidate,List,415,matcand_list_r0415,MATERIAL_IDENTITY_INCOMPLETE,SKU eksplisit tidak tersedia; kolom Product adalah family/subkategori dan belum membuktikan nama produk/seri; Brand dan Vendor masih bercampur pada kolom Brand/Company,"Konfirmasi Vendor, Brand, tags, nama produk/seri, dan SKU nyata sebelum memindahkan row ke 04_materials.csv."
BLOCKER,MaterialCandidate,List,416,matcand_list_r0416,MATERIAL_IDENTITY_INCOMPLETE,SKU eksplisit tidak tersedia; kolom Product adalah family/subkategori dan belum membuktikan nama produk/seri; Brand dan Vendor masih bercampur pada kolom Brand/Company,"Konfirmasi Vendor, Brand, tags, nama produk/seri, dan SKU nyata sebelum memindahkan row ke 04_materials.csv."
BLOCKER,MaterialCandidate,List,417,matcand_list_r0417,MATERIAL_IDENTITY_INCOMPLETE,SKU eksplisit tidak tersedia; kolom Product adalah family/subkategori dan belum membuktikan nama produk/seri; Brand dan Vendor masih bercampur pada kolom Brand/Company,"Konfirmasi Vendor, Brand, tags, nama produk/seri, dan SKU nyata sebelum memindahkan row ke 04_materials.csv."
BLOCKER,MaterialCandidate,List,418,matcand_list_r0418,MATERIAL_IDENTITY_INCOMPLETE,SKU eksplisit tidak tersedia; kolom Product adalah family/subkategori dan belum membuktikan nama produk/seri; Brand dan Vendor masih bercampur pada kolom Brand/Company,"Konfirmasi Vendor, Brand, tags, nama produk/seri, dan SKU nyata sebelum memindahkan row ke 04_materials.csv."
BLOCKER,MaterialCandidate,List,419,matcand_list_r0419,MATERIAL_IDENTITY_INCOMPLETE,SKU eksplisit tidak tersedia; kolom Product adalah family/subkategori dan belum membuktikan nama produk/seri; Brand dan Vendor masih bercampur pada kolom Brand/Company,"Konfirmasi Vendor, Brand, tags, nama produk/seri, dan SKU nyata sebelum memindahkan row ke 04_materials.csv."
BLOCKER,MaterialCandidate,List,420,matcand_list_r0420,MATERIAL_IDENTITY_INCOMPLETE,SKU eksplisit tidak tersedia; Vendor belum terkonfirmasi; kolom Product adalah family/subkategori dan belum membuktikan nama produk/seri; Brand dan Vendor masih bercampur pada kolom Brand/Company,"Konfirmasi Vendor, Brand, tags, nama produk/seri, dan SKU nyata sebelum memindahkan row ke 04_materials.csv."
BLOCKER,MaterialCandidate,List,421,matcand_list_r0421,MATERIAL_IDENTITY_INCOMPLETE,SKU eksplisit tidak tersedia; kolom Product adalah family/subkategori dan belum membuktikan nama produk/seri; Brand dan Vendor masih bercampur pada kolom Brand/Company,"Konfirmasi Vendor, Brand, tags, nama produk/seri, dan SKU nyata sebelum memindahkan row ke 04_materials.csv."
BLOCKER,MaterialCandidate,List,422,matcand_list_r0422,MATERIAL_IDENTITY_INCOMPLETE,SKU eksplisit tidak tersedia; kolom Product adalah family/subkategori dan belum membuktikan nama produk/seri; Brand dan Vendor masih bercampur pada kolom Brand/Company,"Konfirmasi Vendor, Brand, tags, nama produk/seri, dan SKU nyata sebelum memindahkan row ke 04_materials.csv."
BLOCKER,MaterialCandidate,List,423,matcand_list_r0423,MATERIAL_IDENTITY_INCOMPLETE,SKU eksplisit tidak tersedia; kolom Product adalah family/subkategori dan belum membuktikan nama produk/seri; Brand dan Vendor masih bercampur pada kolom Brand/Company,"Konfirmasi Vendor, Brand, tags, nama produk/seri, dan SKU nyata sebelum memindahkan row ke 04_materials.csv."
BLOCKER,MaterialCandidate,List,424,matcand_list_r0424,MATERIAL_IDENTITY_INCOMPLETE,SKU eksplisit tidak tersedia; kolom Product adalah family/subkategori dan belum membuktikan nama produk/seri; Brand dan Vendor masih bercampur pada kolom Brand/Company,"Konfirmasi Vendor, Brand, tags, nama produk/seri, dan SKU nyata sebelum memindahkan row ke 04_materials.csv."
BLOCKER,MaterialCandidate,List,425,matcand_list_r0425,MATERIAL_IDENTITY_INCOMPLETE,SKU eksplisit tidak tersedia; kolom Product adalah family/subkategori dan belum membuktikan nama produk/seri; Brand dan Vendor masih bercampur pada kolom Brand/Company,"Konfirmasi Vendor, Brand, tags, nama produk/seri, dan SKU nyata sebelum memindahkan row ke 04_materials.csv."
BLOCKER,MaterialCandidate,List,426,matcand_list_r0426,MATERIAL_IDENTITY_INCOMPLETE,SKU eksplisit tidak tersedia; kolom Product adalah family/subkategori dan belum membuktikan nama produk/seri; Brand dan Vendor masih bercampur pada kolom Brand/Company,"Konfirmasi Vendor, Brand, tags, nama produk/seri, dan SKU nyata sebelum memindahkan row ke 04_materials.csv."
BLOCKER,MaterialCandidate,List,427,matcand_list_r0427,MATERIAL_IDENTITY_INCOMPLETE,SKU eksplisit tidak tersedia; kolom Product adalah family/subkategori dan belum membuktikan nama produk/seri; Brand dan Vendor masih bercampur pada kolom Brand/Company,"Konfirmasi Vendor, Brand, tags, nama produk/seri, dan SKU nyata sebelum memindahkan row ke 04_materials.csv."
BLOCKER,MaterialCandidate,List,428,matcand_list_r0428,MATERIAL_IDENTITY_INCOMPLETE,SKU eksplisit tidak tersedia; kolom Product adalah family/subkategori dan belum membuktikan nama produk/seri; Brand dan Vendor masih bercampur pada kolom Brand/Company,"Konfirmasi Vendor, Brand, tags, nama produk/seri, dan SKU nyata sebelum memindahkan row ke 04_materials.csv."
BLOCKER,MaterialCandidate,List,429,matcand_list_r0429,MATERIAL_IDENTITY_INCOMPLETE,SKU eksplisit tidak tersedia; kolom Product adalah family/subkategori dan belum membuktikan nama produk/seri; Brand dan Vendor masih bercampur pada kolom Brand/Company,"Konfirmasi Vendor, Brand, tags, nama produk/seri, dan SKU nyata sebelum memindahkan row ke 04_materials.csv."
BLOCKER,MaterialCandidate,List,430,matcand_list_r0430,MATERIAL_IDENTITY_INCOMPLETE,SKU eksplisit tidak tersedia; kolom Product adalah family/subkategori dan belum membuktikan nama produk/seri; Brand dan Vendor masih bercampur pada kolom Brand/Company,"Konfirmasi Vendor, Brand, tags, nama produk/seri, dan SKU nyata sebelum memindahkan row ke 04_materials.csv."
BLOCKER,MaterialCandidate,List,431,matcand_list_r0431,MATERIAL_IDENTITY_INCOMPLETE,SKU eksplisit tidak tersedia; kolom Product adalah family/subkategori dan belum membuktikan nama produk/seri; Brand dan Vendor masih bercampur pada kolom Brand/Company,"Konfirmasi Vendor, Brand, tags, nama produk/seri, dan SKU nyata sebelum memindahkan row ke 04_materials.csv."
BLOCKER,MaterialCandidate,List,432,matcand_list_r0432,MATERIAL_IDENTITY_INCOMPLETE,SKU eksplisit tidak tersedia; kolom Product adalah family/subkategori dan belum membuktikan nama produk/seri; Brand dan Vendor masih bercampur pada kolom Brand/Company,"Konfirmasi Vendor, Brand, tags, nama produk/seri, dan SKU nyata sebelum memindahkan row ke 04_materials.csv."
BLOCKER,MaterialCandidate,List,433,matcand_list_r0433,MATERIAL_IDENTITY_INCOMPLETE,SKU eksplisit tidak tersedia; kolom Product adalah family/subkategori dan belum membuktikan nama produk/seri; Brand dan Vendor masih bercampur pada kolom Brand/Company,"Konfirmasi Vendor, Brand, tags, nama produk/seri, dan SKU nyata sebelum memindahkan row ke 04_materials.csv."
BLOCKER,MaterialCandidate,List,434,matcand_list_r0434,MATERIAL_IDENTITY_INCOMPLETE,SKU eksplisit tidak tersedia; kolom Product adalah family/subkategori dan belum membuktikan nama produk/seri; Brand dan Vendor masih bercampur pada kolom Brand/Company,"Konfirmasi Vendor, Brand, tags, nama produk/seri, dan SKU nyata sebelum memindahkan row ke 04_materials.csv."
BLOCKER,MaterialCandidate,List,435,matcand_list_r0435,MATERIAL_IDENTITY_INCOMPLETE,SKU eksplisit tidak tersedia; kolom Product adalah family/subkategori dan belum membuktikan nama produk/seri; Brand dan Vendor masih bercampur pada kolom Brand/Company,"Konfirmasi Vendor, Brand, tags, nama produk/seri, dan SKU nyata sebelum memindahkan row ke 04_materials.csv."
BLOCKER,MaterialCandidate,List,436,matcand_list_r0436,MATERIAL_IDENTITY_INCOMPLETE,SKU eksplisit tidak tersedia; kolom Product adalah family/subkategori dan belum membuktikan nama produk/seri; Brand dan Vendor masih bercampur pada kolom Brand/Company,"Konfirmasi Vendor, Brand, tags, nama produk/seri, dan SKU nyata sebelum memindahkan row ke 04_materials.csv."
BLOCKER,MaterialCandidate,List,437,matcand_list_r0437,MATERIAL_IDENTITY_INCOMPLETE,SKU eksplisit tidak tersedia; kolom Product adalah family/subkategori dan belum membuktikan nama produk/seri; Brand dan Vendor masih bercampur pada kolom Brand/Company,"Konfirmasi Vendor, Brand, tags, nama produk/seri, dan SKU nyata sebelum memindahkan row ke 04_materials.csv."
BLOCKER,MaterialCandidate,List,438,matcand_list_r0438,MATERIAL_IDENTITY_INCOMPLETE,SKU eksplisit tidak tersedia; kolom Product adalah family/subkategori dan belum membuktikan nama produk/seri; Brand dan Vendor masih bercampur pada kolom Brand/Company,"Konfirmasi Vendor, Brand, tags, nama produk/seri, dan SKU nyata sebelum memindahkan row ke 04_materials.csv."
BLOCKER,MaterialCandidate,List,439,matcand_list_r0439,MATERIAL_IDENTITY_INCOMPLETE,SKU eksplisit tidak tersedia; kolom Product adalah family/subkategori dan belum membuktikan nama produk/seri; Brand dan Vendor masih bercampur pada kolom Brand/Company,"Konfirmasi Vendor, Brand, tags, nama produk/seri, dan SKU nyata sebelum memindahkan row ke 04_materials.csv."
BLOCKER,MaterialCandidate,List,440,matcand_list_r0440,MATERIAL_IDENTITY_INCOMPLETE,SKU eksplisit tidak tersedia; kolom Product adalah family/subkategori dan belum membuktikan nama produk/seri; Brand dan Vendor masih bercampur pada kolom Brand/Company,"Konfirmasi Vendor, Brand, tags, nama produk/seri, dan SKU nyata sebelum memindahkan row ke 04_materials.csv."
BLOCKER,MaterialCandidate,List,441,matcand_list_r0441,MATERIAL_IDENTITY_INCOMPLETE,SKU eksplisit tidak tersedia; kolom Product adalah family/subkategori dan belum membuktikan nama produk/seri; Brand dan Vendor masih bercampur pada kolom Brand/Company,"Konfirmasi Vendor, Brand, tags, nama produk/seri, dan SKU nyata sebelum memindahkan row ke 04_materials.csv."
BLOCKER,MaterialCandidate,List,442,matcand_list_r0442,MATERIAL_IDENTITY_INCOMPLETE,SKU eksplisit tidak tersedia; kolom Product adalah family/subkategori dan belum membuktikan nama produk/seri; Brand dan Vendor masih bercampur pada kolom Brand/Company,"Konfirmasi Vendor, Brand, tags, nama produk/seri, dan SKU nyata sebelum memindahkan row ke 04_materials.csv."
BLOCKER,MaterialCandidate,List,443,matcand_list_r0443,MATERIAL_IDENTITY_INCOMPLETE,SKU eksplisit tidak tersedia; kolom Product adalah family/subkategori dan belum membuktikan nama produk/seri; Brand dan Vendor masih bercampur pada kolom Brand/Company,"Konfirmasi Vendor, Brand, tags, nama produk/seri, dan SKU nyata sebelum memindahkan row ke 04_materials.csv."
BLOCKER,MaterialCandidate,List,444,matcand_list_r0444,MATERIAL_IDENTITY_INCOMPLETE,SKU eksplisit tidak tersedia; kolom Product adalah family/subkategori dan belum membuktikan nama produk/seri; Brand dan Vendor masih bercampur pada kolom Brand/Company,"Konfirmasi Vendor, Brand, tags, nama produk/seri, dan SKU nyata sebelum memindahkan row ke 04_materials.csv."
BLOCKER,MaterialCandidate,List,445,matcand_list_r0445,MATERIAL_IDENTITY_INCOMPLETE,SKU eksplisit tidak tersedia; kolom Product adalah family/subkategori dan belum membuktikan nama produk/seri; Brand dan Vendor masih bercampur pada kolom Brand/Company,"Konfirmasi Vendor, Brand, tags, nama produk/seri, dan SKU nyata sebelum memindahkan row ke 04_materials.csv."
BLOCKER,MaterialCandidate,List,446,matcand_list_r0446,MATERIAL_IDENTITY_INCOMPLETE,SKU eksplisit tidak tersedia; kolom Product adalah family/subkategori dan belum membuktikan nama produk/seri; Brand dan Vendor masih bercampur pada kolom Brand/Company,"Konfirmasi Vendor, Brand, tags, nama produk/seri, dan SKU nyata sebelum memindahkan row ke 04_materials.csv."
BLOCKER,MaterialCandidate,List,447,matcand_list_r0447,MATERIAL_IDENTITY_INCOMPLETE,SKU eksplisit tidak tersedia; kolom Product adalah family/subkategori dan belum membuktikan nama produk/seri; Brand dan Vendor masih bercampur pada kolom Brand/Company,"Konfirmasi Vendor, Brand, tags, nama produk/seri, dan SKU nyata sebelum memindahkan row ke 04_materials.csv."
BLOCKER,MaterialCandidate,List,448,matcand_list_r0448,MATERIAL_IDENTITY_INCOMPLETE,SKU eksplisit tidak tersedia; kolom Product adalah family/subkategori dan belum membuktikan nama produk/seri; Brand dan Vendor masih bercampur pada kolom Brand/Company,"Konfirmasi Vendor, Brand, tags, nama produk/seri, dan SKU nyata sebelum memindahkan row ke 04_materials.csv."
BLOCKER,MaterialCandidate,List,449,matcand_list_r0449,MATERIAL_IDENTITY_INCOMPLETE,SKU eksplisit tidak tersedia; kolom Product adalah family/subkategori dan belum membuktikan nama produk/seri; Brand dan Vendor masih bercampur pada kolom Brand/Company,"Konfirmasi Vendor, Brand, tags, nama produk/seri, dan SKU nyata sebelum memindahkan row ke 04_materials.csv."
BLOCKER,MaterialCandidate,List,450,matcand_list_r0450,MATERIAL_IDENTITY_INCOMPLETE,SKU eksplisit tidak tersedia; kolom Product adalah family/subkategori dan belum membuktikan nama produk/seri; Brand dan Vendor masih bercampur pada kolom Brand/Company,"Konfirmasi Vendor, Brand, tags, nama produk/seri, dan SKU nyata sebelum memindahkan row ke 04_materials.csv."
BLOCKER,MaterialCandidate,List,451,matcand_list_r0451,MATERIAL_IDENTITY_INCOMPLETE,SKU eksplisit tidak tersedia; kolom Product adalah family/subkategori dan belum membuktikan nama produk/seri; Brand dan Vendor masih bercampur pada kolom Brand/Company,"Konfirmasi Vendor, Brand, tags, nama produk/seri, dan SKU nyata sebelum memindahkan row ke 04_materials.csv."
BLOCKER,MaterialCandidate,List,452,matcand_list_r0452,MATERIAL_IDENTITY_INCOMPLETE,SKU eksplisit tidak tersedia; kolom Product adalah family/subkategori dan belum membuktikan nama produk/seri; Brand dan Vendor masih bercampur pada kolom Brand/Company,"Konfirmasi Vendor, Brand, tags, nama produk/seri, dan SKU nyata sebelum memindahkan row ke 04_materials.csv."
BLOCKER,MaterialCandidate,List,453,matcand_list_r0453,MATERIAL_IDENTITY_INCOMPLETE,SKU eksplisit tidak tersedia; kolom Product adalah family/subkategori dan belum membuktikan nama produk/seri; Brand dan Vendor masih bercampur pada kolom Brand/Company,"Konfirmasi Vendor, Brand, tags, nama produk/seri, dan SKU nyata sebelum memindahkan row ke 04_materials.csv."
BLOCKER,MaterialCandidate,List,454,matcand_list_r0454,MATERIAL_IDENTITY_INCOMPLETE,SKU eksplisit tidak tersedia; kolom Product adalah family/subkategori dan belum membuktikan nama produk/seri; Brand dan Vendor masih bercampur pada kolom Brand/Company,"Konfirmasi Vendor, Brand, tags, nama produk/seri, dan SKU nyata sebelum memindahkan row ke 04_materials.csv."
BLOCKER,MaterialCandidate,List,455,matcand_list_r0455,MATERIAL_IDENTITY_INCOMPLETE,SKU eksplisit tidak tersedia; kolom Product adalah family/subkategori dan belum membuktikan nama produk/seri; Brand dan Vendor masih bercampur pada kolom Brand/Company,"Konfirmasi Vendor, Brand, tags, nama produk/seri, dan SKU nyata sebelum memindahkan row ke 04_materials.csv."
BLOCKER,MaterialCandidate,List,456,matcand_list_r0456,MATERIAL_IDENTITY_INCOMPLETE,SKU eksplisit tidak tersedia; kolom Product adalah family/subkategori dan belum membuktikan nama produk/seri; Brand dan Vendor masih bercampur pada kolom Brand/Company,"Konfirmasi Vendor, Brand, tags, nama produk/seri, dan SKU nyata sebelum memindahkan row ke 04_materials.csv."
BLOCKER,MaterialCandidate,List,457,matcand_list_r0457,MATERIAL_IDENTITY_INCOMPLETE,SKU eksplisit tidak tersedia; kolom Product adalah family/subkategori dan belum membuktikan nama produk/seri; Brand dan Vendor masih bercampur pada kolom Brand/Company,"Konfirmasi Vendor, Brand, tags, nama produk/seri, dan SKU nyata sebelum memindahkan row ke 04_materials.csv."
BLOCKER,MaterialCandidate,List,458,matcand_list_r0458,MATERIAL_IDENTITY_INCOMPLETE,SKU eksplisit tidak tersedia; kolom Product adalah family/subkategori dan belum membuktikan nama produk/seri; Brand dan Vendor masih bercampur pada kolom Brand/Company,"Konfirmasi Vendor, Brand, tags, nama produk/seri, dan SKU nyata sebelum memindahkan row ke 04_materials.csv."
BLOCKER,MaterialCandidate,List,459,matcand_list_r0459,MATERIAL_IDENTITY_INCOMPLETE,SKU eksplisit tidak tersedia; kolom Product adalah family/subkategori dan belum membuktikan nama produk/seri; Brand dan Vendor masih bercampur pada kolom Brand/Company,"Konfirmasi Vendor, Brand, tags, nama produk/seri, dan SKU nyata sebelum memindahkan row ke 04_materials.csv."
BLOCKER,MaterialCandidate,List,460,matcand_list_r0460,MATERIAL_IDENTITY_INCOMPLETE,SKU eksplisit tidak tersedia; kolom Product adalah family/subkategori dan belum membuktikan nama produk/seri; Brand dan Vendor masih bercampur pada kolom Brand/Company,"Konfirmasi Vendor, Brand, tags, nama produk/seri, dan SKU nyata sebelum memindahkan row ke 04_materials.csv."
BLOCKER,MaterialCandidate,List,461,matcand_list_r0461,MATERIAL_IDENTITY_INCOMPLETE,SKU eksplisit tidak tersedia; kolom Product adalah family/subkategori dan belum membuktikan nama produk/seri; Brand dan Vendor masih bercampur pada kolom Brand/Company,"Konfirmasi Vendor, Brand, tags, nama produk/seri, dan SKU nyata sebelum memindahkan row ke 04_materials.csv."
BLOCKER,MaterialCandidate,List,462,matcand_list_r0462,MATERIAL_IDENTITY_INCOMPLETE,SKU eksplisit tidak tersedia; kolom Product adalah family/subkategori dan belum membuktikan nama produk/seri; Brand dan Vendor masih bercampur pada kolom Brand/Company,"Konfirmasi Vendor, Brand, tags, nama produk/seri, dan SKU nyata sebelum memindahkan row ke 04_materials.csv."
BLOCKER,MaterialCandidate,List,463,matcand_list_r0463,MATERIAL_IDENTITY_INCOMPLETE,SKU eksplisit tidak tersedia; kolom Product adalah family/subkategori dan belum membuktikan nama produk/seri; Brand dan Vendor masih bercampur pada kolom Brand/Company,"Konfirmasi Vendor, Brand, tags, nama produk/seri, dan SKU nyata sebelum memindahkan row ke 04_materials.csv."
BLOCKER,MaterialCandidate,List,464,matcand_list_r0464,MATERIAL_IDENTITY_INCOMPLETE,SKU eksplisit tidak tersedia; kolom Product adalah family/subkategori dan belum membuktikan nama produk/seri; Brand dan Vendor masih bercampur pada kolom Brand/Company,"Konfirmasi Vendor, Brand, tags, nama produk/seri, dan SKU nyata sebelum memindahkan row ke 04_materials.csv."
BLOCKER,MaterialCandidate,List,465,matcand_list_r0465,MATERIAL_IDENTITY_INCOMPLETE,SKU eksplisit tidak tersedia; kolom Product adalah family/subkategori dan belum membuktikan nama produk/seri; Brand dan Vendor masih bercampur pada kolom Brand/Company,"Konfirmasi Vendor, Brand, tags, nama produk/seri, dan SKU nyata sebelum memindahkan row ke 04_materials.csv."
BLOCKER,MaterialCandidate,List,466,matcand_list_r0466,MATERIAL_IDENTITY_INCOMPLETE,SKU eksplisit tidak tersedia; kolom Product adalah family/subkategori dan belum membuktikan nama produk/seri; Brand dan Vendor masih bercampur pada kolom Brand/Company,"Konfirmasi Vendor, Brand, tags, nama produk/seri, dan SKU nyata sebelum memindahkan row ke 04_materials.csv."
BLOCKER,MaterialCandidate,List,467,matcand_list_r0467,MATERIAL_IDENTITY_INCOMPLETE,SKU eksplisit tidak tersedia; kolom Product adalah family/subkategori dan belum membuktikan nama produk/seri; Brand dan Vendor masih bercampur pada kolom Brand/Company,"Konfirmasi Vendor, Brand, tags, nama produk/seri, dan SKU nyata sebelum memindahkan row ke 04_materials.csv."
BLOCKER,MaterialCandidate,List,468,matcand_list_r0468,MATERIAL_IDENTITY_INCOMPLETE,SKU eksplisit tidak tersedia; kolom Product adalah family/subkategori dan belum membuktikan nama produk/seri; Brand dan Vendor masih bercampur pada kolom Brand/Company,"Konfirmasi Vendor, Brand, tags, nama produk/seri, dan SKU nyata sebelum memindahkan row ke 04_materials.csv."
BLOCKER,MaterialCandidate,List,469,matcand_list_r0469,MATERIAL_IDENTITY_INCOMPLETE,SKU eksplisit tidak tersedia; kolom Product adalah family/subkategori dan belum membuktikan nama produk/seri; Brand dan Vendor masih bercampur pada kolom Brand/Company,"Konfirmasi Vendor, Brand, tags, nama produk/seri, dan SKU nyata sebelum memindahkan row ke 04_materials.csv."
BLOCKER,MaterialCandidate,List,470,matcand_list_r0470,MATERIAL_IDENTITY_INCOMPLETE,SKU eksplisit tidak tersedia; kolom Product adalah family/subkategori dan belum membuktikan nama produk/seri; Brand dan Vendor masih bercampur pada kolom Brand/Company,"Konfirmasi Vendor, Brand, tags, nama produk/seri, dan SKU nyata sebelum memindahkan row ke 04_materials.csv."
BLOCKER,MaterialCandidate,List,471,matcand_list_r0471,MATERIAL_IDENTITY_INCOMPLETE,SKU eksplisit tidak tersedia; kolom Product adalah family/subkategori dan belum membuktikan nama produk/seri; Brand dan Vendor masih bercampur pada kolom Brand/Company,"Konfirmasi Vendor, Brand, tags, nama produk/seri, dan SKU nyata sebelum memindahkan row ke 04_materials.csv."
BLOCKER,MaterialCandidate,List,472,matcand_list_r0472,MATERIAL_IDENTITY_INCOMPLETE,SKU eksplisit tidak tersedia; kolom Product adalah family/subkategori dan belum membuktikan nama produk/seri; Brand dan Vendor masih bercampur pada kolom Brand/Company,"Konfirmasi Vendor, Brand, tags, nama produk/seri, dan SKU nyata sebelum memindahkan row ke 04_materials.csv."
BLOCKER,MaterialCandidate,List,473,matcand_list_r0473,MATERIAL_IDENTITY_INCOMPLETE,SKU eksplisit tidak tersedia; kolom Product adalah family/subkategori dan belum membuktikan nama produk/seri; Brand dan Vendor masih bercampur pada kolom Brand/Company,"Konfirmasi Vendor, Brand, tags, nama produk/seri, dan SKU nyata sebelum memindahkan row ke 04_materials.csv."
BLOCKER,MaterialCandidate,List,474,matcand_list_r0474,MATERIAL_IDENTITY_INCOMPLETE,SKU eksplisit tidak tersedia; kolom Product adalah family/subkategori dan belum membuktikan nama produk/seri; Brand dan Vendor masih bercampur pada kolom Brand/Company,"Konfirmasi Vendor, Brand, tags, nama produk/seri, dan SKU nyata sebelum memindahkan row ke 04_materials.csv."
BLOCKER,MaterialCandidate,List,475,matcand_list_r0475,MATERIAL_IDENTITY_INCOMPLETE,SKU eksplisit tidak tersedia; kolom Product adalah family/subkategori dan belum membuktikan nama produk/seri; Brand dan Vendor masih bercampur pada kolom Brand/Company,"Konfirmasi Vendor, Brand, tags, nama produk/seri, dan SKU nyata sebelum memindahkan row ke 04_materials.csv."
BLOCKER,MaterialCandidate,List,476,matcand_list_r0476,MATERIAL_IDENTITY_INCOMPLETE,SKU eksplisit tidak tersedia; kolom Product adalah family/subkategori dan belum membuktikan nama produk/seri; Brand dan Vendor masih bercampur pada kolom Brand/Company,"Konfirmasi Vendor, Brand, tags, nama produk/seri, dan SKU nyata sebelum memindahkan row ke 04_materials.csv."
BLOCKER,MaterialCandidate,List,477,matcand_list_r0477,MATERIAL_IDENTITY_INCOMPLETE,SKU eksplisit tidak tersedia; kolom Product adalah family/subkategori dan belum membuktikan nama produk/seri; Brand dan Vendor masih bercampur pada kolom Brand/Company,"Konfirmasi Vendor, Brand, tags, nama produk/seri, dan SKU nyata sebelum memindahkan row ke 04_materials.csv."
BLOCKER,MaterialCandidate,List,478,matcand_list_r0478,MATERIAL_IDENTITY_INCOMPLETE,SKU eksplisit tidak tersedia; kolom Product adalah family/subkategori dan belum membuktikan nama produk/seri; Brand dan Vendor masih bercampur pada kolom Brand/Company,"Konfirmasi Vendor, Brand, tags, nama produk/seri, dan SKU nyata sebelum memindahkan row ke 04_materials.csv."
BLOCKER,MaterialCandidate,List,479,matcand_list_r0479,MATERIAL_IDENTITY_INCOMPLETE,SKU eksplisit tidak tersedia; kolom Product adalah family/subkategori dan belum membuktikan nama produk/seri; Brand dan Vendor masih bercampur pada kolom Brand/Company,"Konfirmasi Vendor, Brand, tags, nama produk/seri, dan SKU nyata sebelum memindahkan row ke 04_materials.csv."
BLOCKER,MaterialCandidate,List,480,matcand_list_r0480,MATERIAL_IDENTITY_INCOMPLETE,SKU eksplisit tidak tersedia; kolom Product adalah family/subkategori dan belum membuktikan nama produk/seri; Brand dan Vendor masih bercampur pada kolom Brand/Company,"Konfirmasi Vendor, Brand, tags, nama produk/seri, dan SKU nyata sebelum memindahkan row ke 04_materials.csv."
BLOCKER,MaterialCandidate,List,481,matcand_list_r0481,MATERIAL_IDENTITY_INCOMPLETE,SKU eksplisit tidak tersedia; kolom Product adalah family/subkategori dan belum membuktikan nama produk/seri; Brand dan Vendor masih bercampur pada kolom Brand/Company,"Konfirmasi Vendor, Brand, tags, nama produk/seri, dan SKU nyata sebelum memindahkan row ke 04_materials.csv."
BLOCKER,MaterialCandidate,List,482,matcand_list_r0482,MATERIAL_IDENTITY_INCOMPLETE,SKU eksplisit tidak tersedia; kolom Product adalah family/subkategori dan belum membuktikan nama produk/seri; Brand dan Vendor masih bercampur pada kolom Brand/Company,"Konfirmasi Vendor, Brand, tags, nama produk/seri, dan SKU nyata sebelum memindahkan row ke 04_materials.csv."
BLOCKER,MaterialCandidate,List,483,matcand_list_r0483,MATERIAL_IDENTITY_INCOMPLETE,SKU eksplisit tidak tersedia; Vendor belum terkonfirmasi; kolom Product adalah family/subkategori dan belum membuktikan nama produk/seri; Brand dan Vendor masih bercampur pada kolom Brand/Company,"Konfirmasi Vendor, Brand, tags, nama produk/seri, dan SKU nyata sebelum memindahkan row ke 04_materials.csv."
BLOCKER,MaterialCandidate,List,484,matcand_list_r0484,MATERIAL_IDENTITY_INCOMPLETE,SKU eksplisit tidak tersedia; Vendor belum terkonfirmasi; kolom Product adalah family/subkategori dan belum membuktikan nama produk/seri; Brand dan Vendor masih bercampur pada kolom Brand/Company,"Konfirmasi Vendor, Brand, tags, nama produk/seri, dan SKU nyata sebelum memindahkan row ke 04_materials.csv."
BLOCKER,MaterialCandidate,Sheet1,4,matcand_sample_9dd44bd12f0f,SAMPLE_MATERIAL_IDENTITY_INCOMPLETE,SKU eksplisit tidak tersedia; Vendor tidak match tepat ke direktori List,Konfirmasi Vendor + Brand + Product name + SKU nyata; Tipe tidak otomatis dianggap SKU.
BLOCKER,MaterialCandidate,Sheet1,5,matcand_sample_5769414557ec,SAMPLE_MATERIAL_IDENTITY_INCOMPLETE,SKU eksplisit tidak tersedia; Vendor tidak match tepat ke direktori List,Konfirmasi Vendor + Brand + Product name + SKU nyata; Tipe tidak otomatis dianggap SKU.
BLOCKER,MaterialCandidate,Sheet1,6,matcand_sample_af6dfbad2aed,SAMPLE_MATERIAL_IDENTITY_INCOMPLETE,SKU eksplisit tidak tersedia; Vendor tidak match tepat ke direktori List,Konfirmasi Vendor + Brand + Product name + SKU nyata; Tipe tidak otomatis dianggap SKU.
BLOCKER,MaterialCandidate,Sheet1,7,matcand_sample_6ef5d8e04e47,SAMPLE_MATERIAL_IDENTITY_INCOMPLETE,SKU eksplisit tidak tersedia; Vendor tidak match tepat ke direktori List,Konfirmasi Vendor + Brand + Product name + SKU nyata; Tipe tidak otomatis dianggap SKU.
BLOCKER,MaterialCandidate,Sheet1,8,matcand_sample_afc733641024,SAMPLE_MATERIAL_IDENTITY_INCOMPLETE,SKU eksplisit tidak tersedia; Vendor tidak match tepat ke direktori List,Konfirmasi Vendor + Brand + Product name + SKU nyata; Tipe tidak otomatis dianggap SKU.
BLOCKER,MaterialCandidate,Sheet1,9,matcand_sample_9fc6f03f9c31,SAMPLE_MATERIAL_IDENTITY_INCOMPLETE,SKU eksplisit tidak tersedia; Vendor tidak match tepat ke direktori List,Konfirmasi Vendor + Brand + Product name + SKU nyata; Tipe tidak otomatis dianggap SKU.
BLOCKER,MaterialCandidate,Sheet1,10,matcand_sample_dc7aff87a746,SAMPLE_MATERIAL_IDENTITY_INCOMPLETE,SKU eksplisit tidak tersedia; Vendor tidak match tepat ke direktori List,Konfirmasi Vendor + Brand + Product name + SKU nyata; Tipe tidak otomatis dianggap SKU.
BLOCKER,MaterialCandidate,Sheet1,11;35,matcand_sample_a68664b2a8ce,SAMPLE_MATERIAL_IDENTITY_INCOMPLETE,SKU eksplisit tidak tersedia; Vendor tidak match tepat ke direktori List,Konfirmasi Vendor + Brand + Product name + SKU nyata; Tipe tidak otomatis dianggap SKU.
BLOCKER,MaterialCandidate,Sheet1,12,matcand_sample_f9eab28842b2,SAMPLE_MATERIAL_IDENTITY_INCOMPLETE,SKU eksplisit tidak tersedia; Vendor tidak match tepat ke direktori List,Konfirmasi Vendor + Brand + Product name + SKU nyata; Tipe tidak otomatis dianggap SKU.
BLOCKER,MaterialCandidate,Sheet1,13;32,matcand_sample_8fa73167aa97,SAMPLE_MATERIAL_IDENTITY_INCOMPLETE,SKU eksplisit tidak tersedia; Vendor tidak match tepat ke direktori List,Konfirmasi Vendor + Brand + Product name + SKU nyata; Tipe tidak otomatis dianggap SKU.
BLOCKER,MaterialCandidate,Sheet1,14;31,matcand_sample_5bc101c5c1b2,SAMPLE_MATERIAL_IDENTITY_INCOMPLETE,SKU eksplisit tidak tersedia; Vendor tidak match tepat ke direktori List,Konfirmasi Vendor + Brand + Product name + SKU nyata; Tipe tidak otomatis dianggap SKU.
BLOCKER,MaterialCandidate,Sheet1,15,matcand_sample_ebf2bf1aa309,SAMPLE_MATERIAL_IDENTITY_INCOMPLETE,SKU eksplisit tidak tersedia; Vendor tidak match tepat ke direktori List,Konfirmasi Vendor + Brand + Product name + SKU nyata; Tipe tidak otomatis dianggap SKU.
BLOCKER,MaterialCandidate,Sheet1,16,matcand_sample_071c287b7af8,SAMPLE_MATERIAL_IDENTITY_INCOMPLETE,SKU eksplisit tidak tersedia; Vendor tidak match tepat ke direktori List,Konfirmasi Vendor + Brand + Product name + SKU nyata; Tipe tidak otomatis dianggap SKU.
BLOCKER,MaterialCandidate,Sheet1,17;29,matcand_sample_21b70202d953,SAMPLE_MATERIAL_IDENTITY_INCOMPLETE,SKU eksplisit tidak tersedia; Vendor tidak match tepat ke direktori List,Konfirmasi Vendor + Brand + Product name + SKU nyata; Tipe tidak otomatis dianggap SKU.
BLOCKER,MaterialCandidate,Sheet1,18,matcand_sample_8e0078698a21,SAMPLE_MATERIAL_IDENTITY_INCOMPLETE,SKU eksplisit tidak tersedia; Vendor tidak match tepat ke direktori List,Konfirmasi Vendor + Brand + Product name + SKU nyata; Tipe tidak otomatis dianggap SKU.
BLOCKER,MaterialCandidate,Sheet1,19,matcand_sample_24555ca7eda0,SAMPLE_MATERIAL_IDENTITY_INCOMPLETE,SKU eksplisit tidak tersedia; Vendor tidak match tepat ke direktori List,Konfirmasi Vendor + Brand + Product name + SKU nyata; Tipe tidak otomatis dianggap SKU.
BLOCKER,MaterialCandidate,Sheet1,20,matcand_sample_2ac8def619c1,SAMPLE_MATERIAL_IDENTITY_INCOMPLETE,SKU eksplisit tidak tersedia; Vendor tidak match tepat ke direktori List,Konfirmasi Vendor + Brand + Product name + SKU nyata; Tipe tidak otomatis dianggap SKU.
BLOCKER,MaterialCandidate,Sheet1,21,matcand_sample_c185ecc6be4a,SAMPLE_MATERIAL_IDENTITY_INCOMPLETE,SKU eksplisit tidak tersedia; Vendor tidak match tepat ke direktori List,Konfirmasi Vendor + Brand + Product name + SKU nyata; Tipe tidak otomatis dianggap SKU.
BLOCKER,MaterialCandidate,Sheet1,22,matcand_sample_39eced7624b4,SAMPLE_MATERIAL_IDENTITY_INCOMPLETE,SKU eksplisit tidak tersedia; Vendor tidak match tepat ke direktori List,Konfirmasi Vendor + Brand + Product name + SKU nyata; Tipe tidak otomatis dianggap SKU.
BLOCKER,MaterialCandidate,Sheet1,23,matcand_sample_893c144ef6eb,SAMPLE_MATERIAL_IDENTITY_INCOMPLETE,SKU eksplisit tidak tersedia; Vendor tidak match tepat ke direktori List,Konfirmasi Vendor + Brand + Product name + SKU nyata; Tipe tidak otomatis dianggap SKU.
BLOCKER,MaterialCandidate,Sheet1,24,matcand_sample_98608077afad,SAMPLE_MATERIAL_IDENTITY_INCOMPLETE,SKU eksplisit tidak tersedia; Vendor tidak match tepat ke direktori List,Konfirmasi Vendor + Brand + Product name + SKU nyata; Tipe tidak otomatis dianggap SKU.
BLOCKER,MaterialCandidate,Sheet1,25,matcand_sample_a569fbc07927,SAMPLE_MATERIAL_IDENTITY_INCOMPLETE,SKU eksplisit tidak tersedia; Vendor tidak match tepat ke direktori List,Konfirmasi Vendor + Brand + Product name + SKU nyata; Tipe tidak otomatis dianggap SKU.
BLOCKER,MaterialCandidate,Sheet1,26,matcand_sample_f0cf8f56858a,SAMPLE_MATERIAL_IDENTITY_INCOMPLETE,SKU eksplisit tidak tersedia; Vendor tidak match tepat ke direktori List,Konfirmasi Vendor + Brand + Product name + SKU nyata; Tipe tidak otomatis dianggap SKU.
BLOCKER,MaterialCandidate,Sheet1,27;33,matcand_sample_30513410dbd0,SAMPLE_MATERIAL_IDENTITY_INCOMPLETE,SKU eksplisit tidak tersedia; Vendor tidak match tepat ke direktori List,Konfirmasi Vendor + Brand + Product name + SKU nyata; Tipe tidak otomatis dianggap SKU.
BLOCKER,MaterialCandidate,Sheet1,28,matcand_sample_5f4b563018f3,SAMPLE_MATERIAL_IDENTITY_INCOMPLETE,SKU eksplisit tidak tersedia; Vendor tidak match tepat ke direktori List,Konfirmasi Vendor + Brand + Product name + SKU nyata; Tipe tidak otomatis dianggap SKU.
BLOCKER,MaterialCandidate,Sheet1,30,matcand_sample_ce0a1f13daf2,SAMPLE_MATERIAL_IDENTITY_INCOMPLETE,SKU eksplisit tidak tersedia; Vendor tidak match tepat ke direktori List,Konfirmasi Vendor + Brand + Product name + SKU nyata; Tipe tidak otomatis dianggap SKU.
BLOCKER,MaterialCandidate,Sheet1,34,matcand_sample_b5207ebf0de7,SAMPLE_MATERIAL_IDENTITY_INCOMPLETE,SKU eksplisit tidak tersedia; Vendor tidak match tepat ke direktori List,Konfirmasi Vendor + Brand + Product name + SKU nyata; Tipe tidak otomatis dianggap SKU.
BLOCKER,MaterialCandidate,Sheet1,36,matcand_sample_299f21d1682c,SAMPLE_MATERIAL_IDENTITY_INCOMPLETE,SKU eksplisit tidak tersedia; Vendor tidak match tepat ke direktori List,Konfirmasi Vendor + Brand + Product name + SKU nyata; Tipe tidak otomatis dianggap SKU.
BLOCKER,MaterialCandidate,Sheet1,37,matcand_sample_568b926d4a53,SAMPLE_MATERIAL_IDENTITY_INCOMPLETE,SKU eksplisit tidak tersedia; Vendor tidak match tepat ke direktori List,Konfirmasi Vendor + Brand + Product name + SKU nyata; Tipe tidak otomatis dianggap SKU.
BLOCKER,MaterialCandidate,Sheet1,38,matcand_sample_ecf9a75d9888,SAMPLE_MATERIAL_IDENTITY_INCOMPLETE,SKU eksplisit tidak tersedia; Vendor tidak match tepat ke direktori List; Brand kosong,Konfirmasi Vendor + Brand + Product name + SKU nyata; Tipe tidak otomatis dianggap SKU.
BLOCKER,MaterialCandidate,Sheet1,39,matcand_sample_edab461abf1a,SAMPLE_MATERIAL_IDENTITY_INCOMPLETE,SKU eksplisit tidak tersedia; Vendor tidak match tepat ke direktori List; Brand kosong,Konfirmasi Vendor + Brand + Product name + SKU nyata; Tipe tidak otomatis dianggap SKU.
BLOCKER,MaterialCandidate,Sheet1,40,matcand_sample_03609d31b739,SAMPLE_MATERIAL_IDENTITY_INCOMPLETE,SKU eksplisit tidak tersedia,Konfirmasi Vendor + Brand + Product name + SKU nyata; Tipe tidak otomatis dianggap SKU.
BLOCKER,MaterialCandidate,Sheet1,41,matcand_sample_b3b9a6c5933b,SAMPLE_MATERIAL_IDENTITY_INCOMPLETE,SKU eksplisit tidak tersedia,Konfirmasi Vendor + Brand + Product name + SKU nyata; Tipe tidak otomatis dianggap SKU.
BLOCKER,MaterialCandidate,Sheet1,42,matcand_sample_f4ed4e4a585b,SAMPLE_MATERIAL_IDENTITY_INCOMPLETE,SKU eksplisit tidak tersedia,Konfirmasi Vendor + Brand + Product name + SKU nyata; Tipe tidak otomatis dianggap SKU.
BLOCKER,MaterialCandidate,Sheet1,43,matcand_sample_d0b9503f3362,SAMPLE_MATERIAL_IDENTITY_INCOMPLETE,SKU eksplisit tidak tersedia,Konfirmasi Vendor + Brand + Product name + SKU nyata; Tipe tidak otomatis dianggap SKU.
BLOCKER,MaterialCandidate,Sheet1,44,matcand_sample_0edafe1c6c72,SAMPLE_MATERIAL_IDENTITY_INCOMPLETE,SKU eksplisit tidak tersedia,Konfirmasi Vendor + Brand + Product name + SKU nyata; Tipe tidak otomatis dianggap SKU.
BLOCKER,MaterialCandidate,Sheet1,45,matcand_sample_be39386890d4,SAMPLE_MATERIAL_IDENTITY_INCOMPLETE,SKU eksplisit tidak tersedia,Konfirmasi Vendor + Brand + Product name + SKU nyata; Tipe tidak otomatis dianggap SKU.
BLOCKER,MaterialCandidate,Sheet1,46,matcand_sample_a00e62c1d578,SAMPLE_MATERIAL_IDENTITY_INCOMPLETE,SKU eksplisit tidak tersedia; Vendor tidak match tepat ke direktori List,Konfirmasi Vendor + Brand + Product name + SKU nyata; Tipe tidak otomatis dianggap SKU.
BLOCKER,MaterialCandidate,Sheet1,47,matcand_sample_b6b319bbc851,SAMPLE_MATERIAL_IDENTITY_INCOMPLETE,SKU eksplisit tidak tersedia; Vendor tidak match tepat ke direktori List,Konfirmasi Vendor + Brand + Product name + SKU nyata; Tipe tidak otomatis dianggap SKU.
BLOCKER,MaterialCandidate,Sheet1,48,matcand_sample_35205c819d4d,SAMPLE_MATERIAL_IDENTITY_INCOMPLETE,SKU eksplisit tidak tersedia; Vendor tidak match tepat ke direktori List,Konfirmasi Vendor + Brand + Product name + SKU nyata; Tipe tidak otomatis dianggap SKU.
BLOCKER,MaterialCandidate,Sheet1,49,matcand_sample_ccac96abf6f9,SAMPLE_MATERIAL_IDENTITY_INCOMPLETE,SKU eksplisit tidak tersedia,Konfirmasi Vendor + Brand + Product name + SKU nyata; Tipe tidak otomatis dianggap SKU.
BLOCKER,MaterialCandidate,Sheet1,50,matcand_sample_20c8537bf4d3,SAMPLE_MATERIAL_IDENTITY_INCOMPLETE,SKU eksplisit tidak tersedia; Vendor tidak match tepat ke direktori List,Konfirmasi Vendor + Brand + Product name + SKU nyata; Tipe tidak otomatis dianggap SKU.
BLOCKER,MaterialCandidate,Sheet1,51,matcand_sample_367c6db15ed2,SAMPLE_MATERIAL_IDENTITY_INCOMPLETE,SKU eksplisit tidak tersedia; Vendor tidak match tepat ke direktori List,Konfirmasi Vendor + Brand + Product name + SKU nyata; Tipe tidak otomatis dianggap SKU.
BLOCKER,MaterialCandidate,Sheet1,52,matcand_sample_ed40e8a2531a,SAMPLE_MATERIAL_IDENTITY_INCOMPLETE,SKU eksplisit tidak tersedia; Vendor tidak match tepat ke direktori List,Konfirmasi Vendor + Brand + Product name + SKU nyata; Tipe tidak otomatis dianggap SKU.
BLOCKER,MaterialCandidate,Sheet1,53,matcand_sample_8a0639083d23,SAMPLE_MATERIAL_IDENTITY_INCOMPLETE,SKU eksplisit tidak tersedia,Konfirmasi Vendor + Brand + Product name + SKU nyata; Tipe tidak otomatis dianggap SKU.
BLOCKER,MaterialCandidate,Sheet1,54,matcand_sample_35b734a9d7a2,SAMPLE_MATERIAL_IDENTITY_INCOMPLETE,SKU eksplisit tidak tersedia,Konfirmasi Vendor + Brand + Product name + SKU nyata; Tipe tidak otomatis dianggap SKU.
BLOCKER,MaterialCandidate,Sheet1,55,matcand_sample_f17d881e4899,SAMPLE_MATERIAL_IDENTITY_INCOMPLETE,SKU eksplisit tidak tersedia,Konfirmasi Vendor + Brand + Product name + SKU nyata; Tipe tidak otomatis dianggap SKU.
BLOCKER,MaterialCandidate,Sheet1,56,matcand_sample_ab9123d07830,SAMPLE_MATERIAL_IDENTITY_INCOMPLETE,SKU eksplisit tidak tersedia,Konfirmasi Vendor + Brand + Product name + SKU nyata; Tipe tidak otomatis dianggap SKU.
BLOCKER,MaterialCandidate,Sheet1,57,matcand_sample_564ce13a267f,SAMPLE_MATERIAL_IDENTITY_INCOMPLETE,SKU eksplisit tidak tersedia,Konfirmasi Vendor + Brand + Product name + SKU nyata; Tipe tidak otomatis dianggap SKU.
BLOCKER,MaterialCandidate,Sheet1,58,matcand_sample_5620b935a6e1,SAMPLE_MATERIAL_IDENTITY_INCOMPLETE,SKU eksplisit tidak tersedia,Konfirmasi Vendor + Brand + Product name + SKU nyata; Tipe tidak otomatis dianggap SKU.
BLOCKER,MaterialCandidate,Sheet1,59,matcand_sample_518d35632a3a,SAMPLE_MATERIAL_IDENTITY_INCOMPLETE,SKU eksplisit tidak tersedia,Konfirmasi Vendor + Brand + Product name + SKU nyata; Tipe tidak otomatis dianggap SKU.
BLOCKER,MaterialCandidate,Sheet1,60,matcand_sample_3d001f6cee7d,SAMPLE_MATERIAL_IDENTITY_INCOMPLETE,SKU eksplisit tidak tersedia,Konfirmasi Vendor + Brand + Product name + SKU nyata; Tipe tidak otomatis dianggap SKU.
BLOCKER,MaterialCandidate,Sheet1,61,matcand_sample_c86019481ed0,SAMPLE_MATERIAL_IDENTITY_INCOMPLETE,SKU eksplisit tidak tersedia,Konfirmasi Vendor + Brand + Product name + SKU nyata; Tipe tidak otomatis dianggap SKU.
BLOCKER,MaterialCandidate,Sheet1,62,matcand_sample_e5f904275baf,SAMPLE_MATERIAL_IDENTITY_INCOMPLETE,SKU eksplisit tidak tersedia,Konfirmasi Vendor + Brand + Product name + SKU nyata; Tipe tidak otomatis dianggap SKU.
BLOCKER,MaterialCandidate,Sheet1,63,matcand_sample_87384b6c1282,SAMPLE_MATERIAL_IDENTITY_INCOMPLETE,SKU eksplisit tidak tersedia,Konfirmasi Vendor + Brand + Product name + SKU nyata; Tipe tidak otomatis dianggap SKU.
BLOCKER,MaterialCandidate,Sheet1,64,matcand_sample_e9567c602ad1,SAMPLE_MATERIAL_IDENTITY_INCOMPLETE,SKU eksplisit tidak tersedia,Konfirmasi Vendor + Brand + Product name + SKU nyata; Tipe tidak otomatis dianggap SKU.
BLOCKER,MaterialCandidate,Sheet1,65,matcand_sample_55b88f37cfc2,SAMPLE_MATERIAL_IDENTITY_INCOMPLETE,SKU eksplisit tidak tersedia,Konfirmasi Vendor + Brand + Product name + SKU nyata; Tipe tidak otomatis dianggap SKU.
BLOCKER,MaterialCandidate,Sheet1,66,matcand_sample_ece6528518e2,SAMPLE_MATERIAL_IDENTITY_INCOMPLETE,SKU eksplisit tidak tersedia,Konfirmasi Vendor + Brand + Product name + SKU nyata; Tipe tidak otomatis dianggap SKU.
BLOCKER,MaterialCandidate,Sheet1,67,matcand_sample_cccfa9fd4305,SAMPLE_MATERIAL_IDENTITY_INCOMPLETE,SKU eksplisit tidak tersedia,Konfirmasi Vendor + Brand + Product name + SKU nyata; Tipe tidak otomatis dianggap SKU.
BLOCKER,MaterialCandidate,Sheet1,68,matcand_sample_815e52fb8b4f,SAMPLE_MATERIAL_IDENTITY_INCOMPLETE,SKU eksplisit tidak tersedia,Konfirmasi Vendor + Brand + Product name + SKU nyata; Tipe tidak otomatis dianggap SKU.
BLOCKER,MaterialCandidate,Sheet1,69,matcand_sample_c870fb691ef1,SAMPLE_MATERIAL_IDENTITY_INCOMPLETE,SKU eksplisit tidak tersedia,Konfirmasi Vendor + Brand + Product name + SKU nyata; Tipe tidak otomatis dianggap SKU.
BLOCKER,MaterialCandidate,Sheet1,70,matcand_sample_6a1e525b3268,SAMPLE_MATERIAL_IDENTITY_INCOMPLETE,SKU eksplisit tidak tersedia; Vendor tidak match tepat ke direktori List,Konfirmasi Vendor + Brand + Product name + SKU nyata; Tipe tidak otomatis dianggap SKU.
BLOCKER,MaterialCandidate,Sheet1,71,matcand_sample_2088b7a27f69,SAMPLE_MATERIAL_IDENTITY_INCOMPLETE,SKU eksplisit tidak tersedia; Vendor tidak match tepat ke direktori List,Konfirmasi Vendor + Brand + Product name + SKU nyata; Tipe tidak otomatis dianggap SKU.
BLOCKER,MaterialCandidate,Sheet1,72,matcand_sample_7cfa02853bc2,SAMPLE_MATERIAL_IDENTITY_INCOMPLETE,SKU eksplisit tidak tersedia; Vendor tidak match tepat ke direktori List,Konfirmasi Vendor + Brand + Product name + SKU nyata; Tipe tidak otomatis dianggap SKU.
BLOCKER,MaterialCandidate,Sheet1,73,matcand_sample_903719d2ea97,SAMPLE_MATERIAL_IDENTITY_INCOMPLETE,SKU eksplisit tidak tersedia; Vendor tidak match tepat ke direktori List,Konfirmasi Vendor + Brand + Product name + SKU nyata; Tipe tidak otomatis dianggap SKU.
BLOCKER,MaterialCandidate,Sheet1,74,matcand_sample_4d57a0a2bba7,SAMPLE_MATERIAL_IDENTITY_INCOMPLETE,SKU eksplisit tidak tersedia; Vendor tidak match tepat ke direktori List,Konfirmasi Vendor + Brand + Product name + SKU nyata; Tipe tidak otomatis dianggap SKU.
BLOCKER,MaterialCandidate,Sheet1,75,matcand_sample_f4596a8800f7,SAMPLE_MATERIAL_IDENTITY_INCOMPLETE,SKU eksplisit tidak tersedia; Vendor tidak match tepat ke direktori List,Konfirmasi Vendor + Brand + Product name + SKU nyata; Tipe tidak otomatis dianggap SKU.
BLOCKER,MaterialCandidate,Sheet1,76,matcand_sample_2da1ab84b6fa,SAMPLE_MATERIAL_IDENTITY_INCOMPLETE,SKU eksplisit tidak tersedia; Vendor tidak match tepat ke direktori List,Konfirmasi Vendor + Brand + Product name + SKU nyata; Tipe tidak otomatis dianggap SKU.
BLOCKER,MaterialCandidate,Sheet1,77,matcand_sample_b36070b84299,SAMPLE_MATERIAL_IDENTITY_INCOMPLETE,SKU eksplisit tidak tersedia; Vendor tidak match tepat ke direktori List,Konfirmasi Vendor + Brand + Product name + SKU nyata; Tipe tidak otomatis dianggap SKU.
BLOCKER,MaterialCandidate,Sheet1,78,matcand_sample_dfb1ecdd3cd7,SAMPLE_MATERIAL_IDENTITY_INCOMPLETE,SKU eksplisit tidak tersedia; Vendor tidak match tepat ke direktori List,Konfirmasi Vendor + Brand + Product name + SKU nyata; Tipe tidak otomatis dianggap SKU.
BLOCKER,MaterialCandidate,Sheet1,79,matcand_sample_4e1525a9698e,SAMPLE_MATERIAL_IDENTITY_INCOMPLETE,SKU eksplisit tidak tersedia; Vendor tidak match tepat ke direktori List,Konfirmasi Vendor + Brand + Product name + SKU nyata; Tipe tidak otomatis dianggap SKU.
BLOCKER,MaterialCandidate,Sheet1,80,matcand_sample_0bf15983f9ff,SAMPLE_MATERIAL_IDENTITY_INCOMPLETE,SKU eksplisit tidak tersedia; Vendor tidak match tepat ke direktori List,Konfirmasi Vendor + Brand + Product name + SKU nyata; Tipe tidak otomatis dianggap SKU.
BLOCKER,MaterialCandidate,Sheet1,81,matcand_sample_61b062036a01,SAMPLE_MATERIAL_IDENTITY_INCOMPLETE,SKU eksplisit tidak tersedia; Vendor tidak match tepat ke direktori List,Konfirmasi Vendor + Brand + Product name + SKU nyata; Tipe tidak otomatis dianggap SKU.
BLOCKER,MaterialCandidate,Sheet1,82,matcand_sample_d8c16daa4651,SAMPLE_MATERIAL_IDENTITY_INCOMPLETE,SKU eksplisit tidak tersedia; Vendor tidak match tepat ke direktori List,Konfirmasi Vendor + Brand + Product name + SKU nyata; Tipe tidak otomatis dianggap SKU.
BLOCKER,MaterialCandidate,Sheet1,83,matcand_sample_35befd45361b,SAMPLE_MATERIAL_IDENTITY_INCOMPLETE,SKU eksplisit tidak tersedia; Vendor tidak match tepat ke direktori List,Konfirmasi Vendor + Brand + Product name + SKU nyata; Tipe tidak otomatis dianggap SKU.
BLOCKER,MaterialCandidate,Sheet1,84,matcand_sample_88125c9c0a23,SAMPLE_MATERIAL_IDENTITY_INCOMPLETE,SKU eksplisit tidak tersedia; Vendor tidak match tepat ke direktori List,Konfirmasi Vendor + Brand + Product name + SKU nyata; Tipe tidak otomatis dianggap SKU.
BLOCKER,MaterialCandidate,Sheet1,85,matcand_sample_ad30bc96d342,SAMPLE_MATERIAL_IDENTITY_INCOMPLETE,SKU eksplisit tidak tersedia; Vendor tidak match tepat ke direktori List,Konfirmasi Vendor + Brand + Product name + SKU nyata; Tipe tidak otomatis dianggap SKU.
BLOCKER,MaterialCandidate,Sheet1,86,matcand_sample_ba1ed6242f2a,SAMPLE_MATERIAL_IDENTITY_INCOMPLETE,SKU eksplisit tidak tersedia; Vendor tidak match tepat ke direktori List,Konfirmasi Vendor + Brand + Product name + SKU nyata; Tipe tidak otomatis dianggap SKU.
BLOCKER,MaterialCandidate,Sheet1,87,matcand_sample_578b2ad0b4e5,SAMPLE_MATERIAL_IDENTITY_INCOMPLETE,SKU eksplisit tidak tersedia; Vendor tidak match tepat ke direktori List,Konfirmasi Vendor + Brand + Product name + SKU nyata; Tipe tidak otomatis dianggap SKU.
BLOCKER,MaterialCandidate,Sheet1,88,matcand_sample_a9c06cf70c97,SAMPLE_MATERIAL_IDENTITY_INCOMPLETE,SKU eksplisit tidak tersedia,Konfirmasi Vendor + Brand + Product name + SKU nyata; Tipe tidak otomatis dianggap SKU.
BLOCKER,MaterialCandidate,Sheet1,89,matcand_sample_8620fda529d6,SAMPLE_MATERIAL_IDENTITY_INCOMPLETE,SKU eksplisit tidak tersedia,Konfirmasi Vendor + Brand + Product name + SKU nyata; Tipe tidak otomatis dianggap SKU.
BLOCKER,MaterialCandidate,Sheet1,90,matcand_sample_0ccf77178f52,SAMPLE_MATERIAL_IDENTITY_INCOMPLETE,SKU eksplisit tidak tersedia,Konfirmasi Vendor + Brand + Product name + SKU nyata; Tipe tidak otomatis dianggap SKU.
BLOCKER,MaterialCandidate,Sheet1,91,matcand_sample_feeaf9acf92d,SAMPLE_MATERIAL_IDENTITY_INCOMPLETE,SKU eksplisit tidak tersedia,Konfirmasi Vendor + Brand + Product name + SKU nyata; Tipe tidak otomatis dianggap SKU.
BLOCKER,MaterialCandidate,Sheet1,92,matcand_sample_f228e8db8147,SAMPLE_MATERIAL_IDENTITY_INCOMPLETE,SKU eksplisit tidak tersedia,Konfirmasi Vendor + Brand + Product name + SKU nyata; Tipe tidak otomatis dianggap SKU.
BLOCKER,MaterialCandidate,Sheet1,93,matcand_sample_ebfe5c06c537,SAMPLE_MATERIAL_IDENTITY_INCOMPLETE,SKU eksplisit tidak tersedia,Konfirmasi Vendor + Brand + Product name + SKU nyata; Tipe tidak otomatis dianggap SKU.
BLOCKER,MaterialCandidate,Sheet1,94,matcand_sample_d47061ed3da4,SAMPLE_MATERIAL_IDENTITY_INCOMPLETE,SKU eksplisit tidak tersedia,Konfirmasi Vendor + Brand + Product name + SKU nyata; Tipe tidak otomatis dianggap SKU.
BLOCKER,MaterialCandidate,Sheet1,95,matcand_sample_b82c076861ca,SAMPLE_MATERIAL_IDENTITY_INCOMPLETE,SKU eksplisit tidak tersedia,Konfirmasi Vendor + Brand + Product name + SKU nyata; Tipe tidak otomatis dianggap SKU.
BLOCKER,MaterialCandidate,Sheet1,96,matcand_sample_1e3e6283983c,SAMPLE_MATERIAL_IDENTITY_INCOMPLETE,SKU eksplisit tidak tersedia,Konfirmasi Vendor + Brand + Product name + SKU nyata; Tipe tidak otomatis dianggap SKU.
BLOCKER,MaterialCandidate,Sheet1,97,matcand_sample_5139ef8661b4,SAMPLE_MATERIAL_IDENTITY_INCOMPLETE,SKU eksplisit tidak tersedia,Konfirmasi Vendor + Brand + Product name + SKU nyata; Tipe tidak otomatis dianggap SKU.
BLOCKER,MaterialCandidate,Sheet1,98,matcand_sample_1ccb137f99ec,SAMPLE_MATERIAL_IDENTITY_INCOMPLETE,SKU eksplisit tidak tersedia,Konfirmasi Vendor + Brand + Product name + SKU nyata; Tipe tidak otomatis dianggap SKU.
BLOCKER,MaterialCandidate,Sheet1,99;160,matcand_sample_267d6c817724,SAMPLE_MATERIAL_IDENTITY_INCOMPLETE,SKU eksplisit tidak tersedia,Konfirmasi Vendor + Brand + Product name + SKU nyata; Tipe tidak otomatis dianggap SKU.
BLOCKER,MaterialCandidate,Sheet1,100,matcand_sample_573d887dd20e,SAMPLE_MATERIAL_IDENTITY_INCOMPLETE,SKU eksplisit tidak tersedia; Vendor tidak match tepat ke direktori List,Konfirmasi Vendor + Brand + Product name + SKU nyata; Tipe tidak otomatis dianggap SKU.
BLOCKER,MaterialCandidate,Sheet1,101,matcand_sample_483eb52beec1,SAMPLE_MATERIAL_IDENTITY_INCOMPLETE,SKU eksplisit tidak tersedia,Konfirmasi Vendor + Brand + Product name + SKU nyata; Tipe tidak otomatis dianggap SKU.
BLOCKER,MaterialCandidate,Sheet1,102,matcand_sample_d953234b32b7,SAMPLE_MATERIAL_IDENTITY_INCOMPLETE,SKU eksplisit tidak tersedia,Konfirmasi Vendor + Brand + Product name + SKU nyata; Tipe tidak otomatis dianggap SKU.
BLOCKER,MaterialCandidate,Sheet1,103,matcand_sample_6d5e59f31c64,SAMPLE_MATERIAL_IDENTITY_INCOMPLETE,SKU eksplisit tidak tersedia,Konfirmasi Vendor + Brand + Product name + SKU nyata; Tipe tidak otomatis dianggap SKU.
BLOCKER,MaterialCandidate,Sheet1,104,matcand_sample_95bfc784b41c,SAMPLE_MATERIAL_IDENTITY_INCOMPLETE,SKU eksplisit tidak tersedia,Konfirmasi Vendor + Brand + Product name + SKU nyata; Tipe tidak otomatis dianggap SKU.
BLOCKER,MaterialCandidate,Sheet1,105,matcand_sample_569d464a6bf5,SAMPLE_MATERIAL_IDENTITY_INCOMPLETE,SKU eksplisit tidak tersedia,Konfirmasi Vendor + Brand + Product name + SKU nyata; Tipe tidak otomatis dianggap SKU.
BLOCKER,MaterialCandidate,Sheet1,106,matcand_sample_2d0c48b004f2,SAMPLE_MATERIAL_IDENTITY_INCOMPLETE,SKU eksplisit tidak tersedia,Konfirmasi Vendor + Brand + Product name + SKU nyata; Tipe tidak otomatis dianggap SKU.
BLOCKER,MaterialCandidate,Sheet1,107,matcand_sample_bea37c6311ab,SAMPLE_MATERIAL_IDENTITY_INCOMPLETE,SKU eksplisit tidak tersedia,Konfirmasi Vendor + Brand + Product name + SKU nyata; Tipe tidak otomatis dianggap SKU.
BLOCKER,MaterialCandidate,Sheet1,108,matcand_sample_13ad88fe874e,SAMPLE_MATERIAL_IDENTITY_INCOMPLETE,SKU eksplisit tidak tersedia,Konfirmasi Vendor + Brand + Product name + SKU nyata; Tipe tidak otomatis dianggap SKU.
BLOCKER,MaterialCandidate,Sheet1,109,matcand_sample_b02a8affc249,SAMPLE_MATERIAL_IDENTITY_INCOMPLETE,SKU eksplisit tidak tersedia,Konfirmasi Vendor + Brand + Product name + SKU nyata; Tipe tidak otomatis dianggap SKU.
BLOCKER,MaterialCandidate,Sheet1,110,matcand_sample_1f6c58155165,SAMPLE_MATERIAL_IDENTITY_INCOMPLETE,SKU eksplisit tidak tersedia,Konfirmasi Vendor + Brand + Product name + SKU nyata; Tipe tidak otomatis dianggap SKU.
BLOCKER,MaterialCandidate,Sheet1,111,matcand_sample_895eab7b7125,SAMPLE_MATERIAL_IDENTITY_INCOMPLETE,SKU eksplisit tidak tersedia,Konfirmasi Vendor + Brand + Product name + SKU nyata; Tipe tidak otomatis dianggap SKU.
BLOCKER,MaterialCandidate,Sheet1,112;119,matcand_sample_d3e182587958,SAMPLE_MATERIAL_IDENTITY_INCOMPLETE,SKU eksplisit tidak tersedia,Konfirmasi Vendor + Brand + Product name + SKU nyata; Tipe tidak otomatis dianggap SKU.
BLOCKER,MaterialCandidate,Sheet1,113,matcand_sample_14e65da7d131,SAMPLE_MATERIAL_IDENTITY_INCOMPLETE,SKU eksplisit tidak tersedia,Konfirmasi Vendor + Brand + Product name + SKU nyata; Tipe tidak otomatis dianggap SKU.
BLOCKER,MaterialCandidate,Sheet1,114,matcand_sample_f4050b8e5f30,SAMPLE_MATERIAL_IDENTITY_INCOMPLETE,SKU eksplisit tidak tersedia,Konfirmasi Vendor + Brand + Product name + SKU nyata; Tipe tidak otomatis dianggap SKU.
BLOCKER,MaterialCandidate,Sheet1,115,matcand_sample_e56e8ddd88a1,SAMPLE_MATERIAL_IDENTITY_INCOMPLETE,SKU eksplisit tidak tersedia,Konfirmasi Vendor + Brand + Product name + SKU nyata; Tipe tidak otomatis dianggap SKU.
BLOCKER,MaterialCandidate,Sheet1,116,matcand_sample_99fd9063fa87,SAMPLE_MATERIAL_IDENTITY_INCOMPLETE,SKU eksplisit tidak tersedia,Konfirmasi Vendor + Brand + Product name + SKU nyata; Tipe tidak otomatis dianggap SKU.
BLOCKER,MaterialCandidate,Sheet1,117,matcand_sample_699e8c98b137,SAMPLE_MATERIAL_IDENTITY_INCOMPLETE,SKU eksplisit tidak tersedia,Konfirmasi Vendor + Brand + Product name + SKU nyata; Tipe tidak otomatis dianggap SKU.
BLOCKER,MaterialCandidate,Sheet1,118,matcand_sample_c296840fd616,SAMPLE_MATERIAL_IDENTITY_INCOMPLETE,SKU eksplisit tidak tersedia,Konfirmasi Vendor + Brand + Product name + SKU nyata; Tipe tidak otomatis dianggap SKU.
BLOCKER,MaterialCandidate,Sheet1,120,matcand_sample_be3d01054e9f,SAMPLE_MATERIAL_IDENTITY_INCOMPLETE,SKU eksplisit tidak tersedia,Konfirmasi Vendor + Brand + Product name + SKU nyata; Tipe tidak otomatis dianggap SKU.
BLOCKER,MaterialCandidate,Sheet1,121,matcand_sample_5278df6cf65a,SAMPLE_MATERIAL_IDENTITY_INCOMPLETE,SKU eksplisit tidak tersedia,Konfirmasi Vendor + Brand + Product name + SKU nyata; Tipe tidak otomatis dianggap SKU.
BLOCKER,MaterialCandidate,Sheet1,122,matcand_sample_619ac43034fc,SAMPLE_MATERIAL_IDENTITY_INCOMPLETE,SKU eksplisit tidak tersedia,Konfirmasi Vendor + Brand + Product name + SKU nyata; Tipe tidak otomatis dianggap SKU.
BLOCKER,MaterialCandidate,Sheet1,123;126,matcand_sample_f27f8450bccc,SAMPLE_MATERIAL_IDENTITY_INCOMPLETE,SKU eksplisit tidak tersedia,Konfirmasi Vendor + Brand + Product name + SKU nyata; Tipe tidak otomatis dianggap SKU.
BLOCKER,MaterialCandidate,Sheet1,124,matcand_sample_6635fbc4fe2e,SAMPLE_MATERIAL_IDENTITY_INCOMPLETE,SKU eksplisit tidak tersedia,Konfirmasi Vendor + Brand + Product name + SKU nyata; Tipe tidak otomatis dianggap SKU.
BLOCKER,MaterialCandidate,Sheet1,125,matcand_sample_8e6aa3dfa108,SAMPLE_MATERIAL_IDENTITY_INCOMPLETE,SKU eksplisit tidak tersedia,Konfirmasi Vendor + Brand + Product name + SKU nyata; Tipe tidak otomatis dianggap SKU.
BLOCKER,MaterialCandidate,Sheet1,127,matcand_sample_654031829cc1,SAMPLE_MATERIAL_IDENTITY_INCOMPLETE,SKU eksplisit tidak tersedia,Konfirmasi Vendor + Brand + Product name + SKU nyata; Tipe tidak otomatis dianggap SKU.
BLOCKER,MaterialCandidate,Sheet1,128,matcand_sample_45b5ec720074,SAMPLE_MATERIAL_IDENTITY_INCOMPLETE,SKU eksplisit tidak tersedia,Konfirmasi Vendor + Brand + Product name + SKU nyata; Tipe tidak otomatis dianggap SKU.
BLOCKER,MaterialCandidate,Sheet1,129,matcand_sample_aefd147cc734,SAMPLE_MATERIAL_IDENTITY_INCOMPLETE,SKU eksplisit tidak tersedia,Konfirmasi Vendor + Brand + Product name + SKU nyata; Tipe tidak otomatis dianggap SKU.
BLOCKER,MaterialCandidate,Sheet1,130,matcand_sample_5f14c1ef6f98,SAMPLE_MATERIAL_IDENTITY_INCOMPLETE,SKU eksplisit tidak tersedia,Konfirmasi Vendor + Brand + Product name + SKU nyata; Tipe tidak otomatis dianggap SKU.
BLOCKER,MaterialCandidate,Sheet1,131,matcand_sample_8c14cf3b3adb,SAMPLE_MATERIAL_IDENTITY_INCOMPLETE,SKU eksplisit tidak tersedia,Konfirmasi Vendor + Brand + Product name + SKU nyata; Tipe tidak otomatis dianggap SKU.
BLOCKER,MaterialCandidate,Sheet1,132,matcand_sample_db6b6749ca14,SAMPLE_MATERIAL_IDENTITY_INCOMPLETE,SKU eksplisit tidak tersedia,Konfirmasi Vendor + Brand + Product name + SKU nyata; Tipe tidak otomatis dianggap SKU.
BLOCKER,MaterialCandidate,Sheet1,133,matcand_sample_a39c9db624dc,SAMPLE_MATERIAL_IDENTITY_INCOMPLETE,SKU eksplisit tidak tersedia,Konfirmasi Vendor + Brand + Product name + SKU nyata; Tipe tidak otomatis dianggap SKU.
BLOCKER,MaterialCandidate,Sheet1,134,matcand_sample_1b52b57f2e2b,SAMPLE_MATERIAL_IDENTITY_INCOMPLETE,SKU eksplisit tidak tersedia,Konfirmasi Vendor + Brand + Product name + SKU nyata; Tipe tidak otomatis dianggap SKU.
BLOCKER,MaterialCandidate,Sheet1,135,matcand_sample_f720d1b630f6,SAMPLE_MATERIAL_IDENTITY_INCOMPLETE,SKU eksplisit tidak tersedia,Konfirmasi Vendor + Brand + Product name + SKU nyata; Tipe tidak otomatis dianggap SKU.
BLOCKER,MaterialCandidate,Sheet1,136,matcand_sample_73dcfad2668f,SAMPLE_MATERIAL_IDENTITY_INCOMPLETE,SKU eksplisit tidak tersedia; Vendor tidak match tepat ke direktori List,Konfirmasi Vendor + Brand + Product name + SKU nyata; Tipe tidak otomatis dianggap SKU.
BLOCKER,MaterialCandidate,Sheet1,137,matcand_sample_c336b8001428,SAMPLE_MATERIAL_IDENTITY_INCOMPLETE,SKU eksplisit tidak tersedia,Konfirmasi Vendor + Brand + Product name + SKU nyata; Tipe tidak otomatis dianggap SKU.
BLOCKER,MaterialCandidate,Sheet1,138,matcand_sample_94bb424ccd6e,SAMPLE_MATERIAL_IDENTITY_INCOMPLETE,SKU eksplisit tidak tersedia; Vendor tidak match tepat ke direktori List,Konfirmasi Vendor + Brand + Product name + SKU nyata; Tipe tidak otomatis dianggap SKU.
BLOCKER,MaterialCandidate,Sheet1,139,matcand_sample_c657f42c2d75,SAMPLE_MATERIAL_IDENTITY_INCOMPLETE,SKU eksplisit tidak tersedia; Vendor tidak match tepat ke direktori List,Konfirmasi Vendor + Brand + Product name + SKU nyata; Tipe tidak otomatis dianggap SKU.
BLOCKER,MaterialCandidate,Sheet1,140,matcand_sample_6101d5bf0a16,SAMPLE_MATERIAL_IDENTITY_INCOMPLETE,SKU eksplisit tidak tersedia; Vendor tidak match tepat ke direktori List,Konfirmasi Vendor + Brand + Product name + SKU nyata; Tipe tidak otomatis dianggap SKU.
BLOCKER,MaterialCandidate,Sheet1,141,matcand_sample_a1c8d0f11998,SAMPLE_MATERIAL_IDENTITY_INCOMPLETE,SKU eksplisit tidak tersedia; Vendor tidak match tepat ke direktori List,Konfirmasi Vendor + Brand + Product name + SKU nyata; Tipe tidak otomatis dianggap SKU.
BLOCKER,MaterialCandidate,Sheet1,142,matcand_sample_99c9bb8ecb8b,SAMPLE_MATERIAL_IDENTITY_INCOMPLETE,SKU eksplisit tidak tersedia; Vendor tidak match tepat ke direktori List,Konfirmasi Vendor + Brand + Product name + SKU nyata; Tipe tidak otomatis dianggap SKU.
BLOCKER,MaterialCandidate,Sheet1,143,matcand_sample_abfa73dcfa04,SAMPLE_MATERIAL_IDENTITY_INCOMPLETE,SKU eksplisit tidak tersedia; Vendor tidak match tepat ke direktori List,Konfirmasi Vendor + Brand + Product name + SKU nyata; Tipe tidak otomatis dianggap SKU.
BLOCKER,MaterialCandidate,Sheet1,144,matcand_sample_0a7e6d683d0a,SAMPLE_MATERIAL_IDENTITY_INCOMPLETE,SKU eksplisit tidak tersedia; Vendor tidak match tepat ke direktori List,Konfirmasi Vendor + Brand + Product name + SKU nyata; Tipe tidak otomatis dianggap SKU.
BLOCKER,MaterialCandidate,Sheet1,145,matcand_sample_d65f9977f5d5,SAMPLE_MATERIAL_IDENTITY_INCOMPLETE,SKU eksplisit tidak tersedia; Vendor tidak match tepat ke direktori List,Konfirmasi Vendor + Brand + Product name + SKU nyata; Tipe tidak otomatis dianggap SKU.
BLOCKER,MaterialCandidate,Sheet1,146,matcand_sample_3a339e0f3d7b,SAMPLE_MATERIAL_IDENTITY_INCOMPLETE,SKU eksplisit tidak tersedia; Vendor tidak match tepat ke direktori List,Konfirmasi Vendor + Brand + Product name + SKU nyata; Tipe tidak otomatis dianggap SKU.
BLOCKER,MaterialCandidate,Sheet1,147,matcand_sample_0513101196f6,SAMPLE_MATERIAL_IDENTITY_INCOMPLETE,SKU eksplisit tidak tersedia; Vendor tidak match tepat ke direktori List,Konfirmasi Vendor + Brand + Product name + SKU nyata; Tipe tidak otomatis dianggap SKU.
BLOCKER,MaterialCandidate,Sheet1,148,matcand_sample_6cf4708aa5c9,SAMPLE_MATERIAL_IDENTITY_INCOMPLETE,SKU eksplisit tidak tersedia,Konfirmasi Vendor + Brand + Product name + SKU nyata; Tipe tidak otomatis dianggap SKU.
BLOCKER,MaterialCandidate,Sheet1,149,matcand_sample_9d82f26df7c8,SAMPLE_MATERIAL_IDENTITY_INCOMPLETE,SKU eksplisit tidak tersedia,Konfirmasi Vendor + Brand + Product name + SKU nyata; Tipe tidak otomatis dianggap SKU.
BLOCKER,MaterialCandidate,Sheet1,150,matcand_sample_92392d5ecc29,SAMPLE_MATERIAL_IDENTITY_INCOMPLETE,SKU eksplisit tidak tersedia,Konfirmasi Vendor + Brand + Product name + SKU nyata; Tipe tidak otomatis dianggap SKU.
BLOCKER,MaterialCandidate,Sheet1,151,matcand_sample_7fcde0a4f318,SAMPLE_MATERIAL_IDENTITY_INCOMPLETE,SKU eksplisit tidak tersedia,Konfirmasi Vendor + Brand + Product name + SKU nyata; Tipe tidak otomatis dianggap SKU.
BLOCKER,MaterialCandidate,Sheet1,152,matcand_sample_e25b80020233,SAMPLE_MATERIAL_IDENTITY_INCOMPLETE,SKU eksplisit tidak tersedia,Konfirmasi Vendor + Brand + Product name + SKU nyata; Tipe tidak otomatis dianggap SKU.
BLOCKER,MaterialCandidate,Sheet1,153,matcand_sample_af4cd4d8f70c,SAMPLE_MATERIAL_IDENTITY_INCOMPLETE,SKU eksplisit tidak tersedia,Konfirmasi Vendor + Brand + Product name + SKU nyata; Tipe tidak otomatis dianggap SKU.
BLOCKER,MaterialCandidate,Sheet1,154,matcand_sample_c9c265e9f07f,SAMPLE_MATERIAL_IDENTITY_INCOMPLETE,SKU eksplisit tidak tersedia,Konfirmasi Vendor + Brand + Product name + SKU nyata; Tipe tidak otomatis dianggap SKU.
BLOCKER,MaterialCandidate,Sheet1,155;178,matcand_sample_fe2f8b8c850e,SAMPLE_MATERIAL_IDENTITY_INCOMPLETE,SKU eksplisit tidak tersedia; Vendor tidak match tepat ke direktori List,Konfirmasi Vendor + Brand + Product name + SKU nyata; Tipe tidak otomatis dianggap SKU.
BLOCKER,MaterialCandidate,Sheet1,156,matcand_sample_63c234534fef,SAMPLE_MATERIAL_IDENTITY_INCOMPLETE,SKU eksplisit tidak tersedia; Vendor tidak match tepat ke direktori List,Konfirmasi Vendor + Brand + Product name + SKU nyata; Tipe tidak otomatis dianggap SKU.
BLOCKER,MaterialCandidate,Sheet1,157,matcand_sample_74b57a28fc24,SAMPLE_MATERIAL_IDENTITY_INCOMPLETE,SKU eksplisit tidak tersedia; Vendor tidak match tepat ke direktori List,Konfirmasi Vendor + Brand + Product name + SKU nyata; Tipe tidak otomatis dianggap SKU.
BLOCKER,MaterialCandidate,Sheet1,158,matcand_sample_21c30a195126,SAMPLE_MATERIAL_IDENTITY_INCOMPLETE,SKU eksplisit tidak tersedia; Vendor tidak match tepat ke direktori List,Konfirmasi Vendor + Brand + Product name + SKU nyata; Tipe tidak otomatis dianggap SKU.
BLOCKER,MaterialCandidate,Sheet1,159,matcand_sample_c7e9e6fc9e43,SAMPLE_MATERIAL_IDENTITY_INCOMPLETE,SKU eksplisit tidak tersedia; Vendor tidak match tepat ke direktori List,Konfirmasi Vendor + Brand + Product name + SKU nyata; Tipe tidak otomatis dianggap SKU.
BLOCKER,MaterialCandidate,Sheet1,161,matcand_sample_3efc4409cb82,SAMPLE_MATERIAL_IDENTITY_INCOMPLETE,SKU eksplisit tidak tersedia; Vendor tidak match tepat ke direktori List,Konfirmasi Vendor + Brand + Product name + SKU nyata; Tipe tidak otomatis dianggap SKU.
BLOCKER,MaterialCandidate,Sheet1,162,matcand_sample_8a1c86906df9,SAMPLE_MATERIAL_IDENTITY_INCOMPLETE,SKU eksplisit tidak tersedia,Konfirmasi Vendor + Brand + Product name + SKU nyata; Tipe tidak otomatis dianggap SKU.
BLOCKER,MaterialCandidate,Sheet1,163,matcand_sample_0dec5032e311,SAMPLE_MATERIAL_IDENTITY_INCOMPLETE,SKU eksplisit tidak tersedia,Konfirmasi Vendor + Brand + Product name + SKU nyata; Tipe tidak otomatis dianggap SKU.
BLOCKER,MaterialCandidate,Sheet1,164,matcand_sample_bcef1bfdb505,SAMPLE_MATERIAL_IDENTITY_INCOMPLETE,SKU eksplisit tidak tersedia; Vendor tidak match tepat ke direktori List,Konfirmasi Vendor + Brand + Product name + SKU nyata; Tipe tidak otomatis dianggap SKU.
BLOCKER,MaterialCandidate,Sheet1,165,matcand_sample_4d6c45cd3c63,SAMPLE_MATERIAL_IDENTITY_INCOMPLETE,SKU eksplisit tidak tersedia,Konfirmasi Vendor + Brand + Product name + SKU nyata; Tipe tidak otomatis dianggap SKU.
BLOCKER,MaterialCandidate,Sheet1,166,matcand_sample_f75119e14bdf,SAMPLE_MATERIAL_IDENTITY_INCOMPLETE,SKU eksplisit tidak tersedia,Konfirmasi Vendor + Brand + Product name + SKU nyata; Tipe tidak otomatis dianggap SKU.
BLOCKER,MaterialCandidate,Sheet1,167,matcand_sample_fe1a38e3b4b4,SAMPLE_MATERIAL_IDENTITY_INCOMPLETE,SKU eksplisit tidak tersedia,Konfirmasi Vendor + Brand + Product name + SKU nyata; Tipe tidak otomatis dianggap SKU.
BLOCKER,MaterialCandidate,Sheet1,168,matcand_sample_d194176b4151,SAMPLE_MATERIAL_IDENTITY_INCOMPLETE,SKU eksplisit tidak tersedia,Konfirmasi Vendor + Brand + Product name + SKU nyata; Tipe tidak otomatis dianggap SKU.
BLOCKER,MaterialCandidate,Sheet1,169,matcand_sample_e84e404edf99,SAMPLE_MATERIAL_IDENTITY_INCOMPLETE,SKU eksplisit tidak tersedia,Konfirmasi Vendor + Brand + Product name + SKU nyata; Tipe tidak otomatis dianggap SKU.
BLOCKER,MaterialCandidate,Sheet1,170,matcand_sample_06b37cdf1d24,SAMPLE_MATERIAL_IDENTITY_INCOMPLETE,SKU eksplisit tidak tersedia; Vendor tidak match tepat ke direktori List,Konfirmasi Vendor + Brand + Product name + SKU nyata; Tipe tidak otomatis dianggap SKU.
BLOCKER,MaterialCandidate,Sheet1,171,matcand_sample_efed4ef7d31a,SAMPLE_MATERIAL_IDENTITY_INCOMPLETE,SKU eksplisit tidak tersedia; Vendor tidak match tepat ke direktori List,Konfirmasi Vendor + Brand + Product name + SKU nyata; Tipe tidak otomatis dianggap SKU.
BLOCKER,MaterialCandidate,Sheet1,172,matcand_sample_5fa355d20c18,SAMPLE_MATERIAL_IDENTITY_INCOMPLETE,SKU eksplisit tidak tersedia; Vendor tidak match tepat ke direktori List,Konfirmasi Vendor + Brand + Product name + SKU nyata; Tipe tidak otomatis dianggap SKU.
BLOCKER,MaterialCandidate,Sheet1,173,matcand_sample_1d4ff15d5444,SAMPLE_MATERIAL_IDENTITY_INCOMPLETE,SKU eksplisit tidak tersedia; Vendor tidak match tepat ke direktori List,Konfirmasi Vendor + Brand + Product name + SKU nyata; Tipe tidak otomatis dianggap SKU.
BLOCKER,MaterialCandidate,Sheet1,174,matcand_sample_9e18c57a368e,SAMPLE_MATERIAL_IDENTITY_INCOMPLETE,SKU eksplisit tidak tersedia; Vendor tidak match tepat ke direktori List,Konfirmasi Vendor + Brand + Product name + SKU nyata; Tipe tidak otomatis dianggap SKU.
BLOCKER,MaterialCandidate,Sheet1,175,matcand_sample_67e6739bbc80,SAMPLE_MATERIAL_IDENTITY_INCOMPLETE,SKU eksplisit tidak tersedia,Konfirmasi Vendor + Brand + Product name + SKU nyata; Tipe tidak otomatis dianggap SKU.
BLOCKER,MaterialCandidate,Sheet1,176,matcand_sample_f5a43b8c8cd0,SAMPLE_MATERIAL_IDENTITY_INCOMPLETE,SKU eksplisit tidak tersedia; Vendor tidak match tepat ke direktori List,Konfirmasi Vendor + Brand + Product name + SKU nyata; Tipe tidak otomatis dianggap SKU.
BLOCKER,MaterialCandidate,Sheet1,177,matcand_sample_a3c67951e17e,SAMPLE_MATERIAL_IDENTITY_INCOMPLETE,SKU eksplisit tidak tersedia; Vendor tidak match tepat ke direktori List,Konfirmasi Vendor + Brand + Product name + SKU nyata; Tipe tidak otomatis dianggap SKU.
BLOCKER,MaterialCandidate,Sheet1,179,matcand_sample_f4572bf26212,SAMPLE_MATERIAL_IDENTITY_INCOMPLETE,SKU eksplisit tidak tersedia; Vendor tidak match tepat ke direktori List,Konfirmasi Vendor + Brand + Product name + SKU nyata; Tipe tidak otomatis dianggap SKU.
BLOCKER,MaterialCandidate,Sheet1,180,matcand_sample_a87c120de508,SAMPLE_MATERIAL_IDENTITY_INCOMPLETE,SKU eksplisit tidak tersedia; Vendor tidak match tepat ke direktori List,Konfirmasi Vendor + Brand + Product name + SKU nyata; Tipe tidak otomatis dianggap SKU.
BLOCKER,MaterialCandidate,Sheet1,181,matcand_sample_b34e97f697c3,SAMPLE_MATERIAL_IDENTITY_INCOMPLETE,SKU eksplisit tidak tersedia; Vendor tidak match tepat ke direktori List,Konfirmasi Vendor + Brand + Product name + SKU nyata; Tipe tidak otomatis dianggap SKU.
BLOCKER,MaterialCandidate,Sheet1,182,matcand_sample_7bcac91222b3,SAMPLE_MATERIAL_IDENTITY_INCOMPLETE,SKU eksplisit tidak tersedia; Vendor tidak match tepat ke direktori List,Konfirmasi Vendor + Brand + Product name + SKU nyata; Tipe tidak otomatis dianggap SKU.
BLOCKER,MaterialCandidate,Sheet1,183,matcand_sample_03c5fd51d5fe,SAMPLE_MATERIAL_IDENTITY_INCOMPLETE,SKU eksplisit tidak tersedia,Konfirmasi Vendor + Brand + Product name + SKU nyata; Tipe tidak otomatis dianggap SKU.
BLOCKER,MaterialCandidate,Sheet1,184,matcand_sample_b353c230dae7,SAMPLE_MATERIAL_IDENTITY_INCOMPLETE,SKU eksplisit tidak tersedia,Konfirmasi Vendor + Brand + Product name + SKU nyata; Tipe tidak otomatis dianggap SKU.
BLOCKER,MaterialCandidate,Sheet1,185,matcand_sample_c9d03feaa232,SAMPLE_MATERIAL_IDENTITY_INCOMPLETE,SKU eksplisit tidak tersedia; Vendor tidak match tepat ke direktori List,Konfirmasi Vendor + Brand + Product name + SKU nyata; Tipe tidak otomatis dianggap SKU.
BLOCKER,MaterialCandidate,Sheet1,186,matcand_sample_11f2313a2f33,SAMPLE_MATERIAL_IDENTITY_INCOMPLETE,SKU eksplisit tidak tersedia,Konfirmasi Vendor + Brand + Product name + SKU nyata; Tipe tidak otomatis dianggap SKU.
BLOCKER,MaterialCandidate,Sheet1,187,matcand_sample_29b764bf428a,SAMPLE_MATERIAL_IDENTITY_INCOMPLETE,SKU eksplisit tidak tersedia,Konfirmasi Vendor + Brand + Product name + SKU nyata; Tipe tidak otomatis dianggap SKU.
BLOCKER,MaterialCandidate,Sheet1,188,matcand_sample_2b19996cdb72,SAMPLE_MATERIAL_IDENTITY_INCOMPLETE,SKU eksplisit tidak tersedia,Konfirmasi Vendor + Brand + Product name + SKU nyata; Tipe tidak otomatis dianggap SKU.
BLOCKER,MaterialCandidate,Sheet1,189,matcand_sample_80bc893c9cd0,SAMPLE_MATERIAL_IDENTITY_INCOMPLETE,SKU eksplisit tidak tersedia,Konfirmasi Vendor + Brand + Product name + SKU nyata; Tipe tidak otomatis dianggap SKU.
BLOCKER,MaterialCandidate,Sheet1,190,matcand_sample_d55e83b7332e,SAMPLE_MATERIAL_IDENTITY_INCOMPLETE,SKU eksplisit tidak tersedia,Konfirmasi Vendor + Brand + Product name + SKU nyata; Tipe tidak otomatis dianggap SKU.
BLOCKER,MaterialCandidate,Sheet1,191,matcand_sample_257c69436f2e,SAMPLE_MATERIAL_IDENTITY_INCOMPLETE,SKU eksplisit tidak tersedia; Vendor tidak match tepat ke direktori List; Brand kosong,Konfirmasi Vendor + Brand + Product name + SKU nyata; Tipe tidak otomatis dianggap SKU.
BLOCKER,MaterialCandidate,Sheet1,192,matcand_sample_b9064b91fe47,SAMPLE_MATERIAL_IDENTITY_INCOMPLETE,SKU eksplisit tidak tersedia; Vendor tidak match tepat ke direktori List; Brand kosong,Konfirmasi Vendor + Brand + Product name + SKU nyata; Tipe tidak otomatis dianggap SKU.
BLOCKER,MaterialCandidate,Sheet1,193,matcand_sample_13e1ce6bff22,SAMPLE_MATERIAL_IDENTITY_INCOMPLETE,SKU eksplisit tidak tersedia; Vendor tidak match tepat ke direktori List; Brand kosong,Konfirmasi Vendor + Brand + Product name + SKU nyata; Tipe tidak otomatis dianggap SKU.
BLOCKER,MaterialCandidate,Sheet1,194,matcand_sample_e0acb0a00d7f,SAMPLE_MATERIAL_IDENTITY_INCOMPLETE,SKU eksplisit tidak tersedia; Vendor tidak match tepat ke direktori List; Brand kosong,Konfirmasi Vendor + Brand + Product name + SKU nyata; Tipe tidak otomatis dianggap SKU.
BLOCKER,MaterialCandidate,Sheet1,195,matcand_sample_caabd9505aa2,SAMPLE_MATERIAL_IDENTITY_INCOMPLETE,SKU eksplisit tidak tersedia; Vendor tidak match tepat ke direktori List; Brand kosong,Konfirmasi Vendor + Brand + Product name + SKU nyata; Tipe tidak otomatis dianggap SKU.
BLOCKER,MaterialCandidate,Sheet1,196,matcand_sample_35b4b7609e1e,SAMPLE_MATERIAL_IDENTITY_INCOMPLETE,SKU eksplisit tidak tersedia; Vendor tidak match tepat ke direktori List; Brand kosong,Konfirmasi Vendor + Brand + Product name + SKU nyata; Tipe tidak otomatis dianggap SKU.
BLOCKER,MaterialCandidate,Sheet1,197,matcand_sample_bd35682af717,SAMPLE_MATERIAL_IDENTITY_INCOMPLETE,SKU eksplisit tidak tersedia; Vendor tidak match tepat ke direktori List; Brand kosong; Tipe/seri produk kosong,Konfirmasi Vendor + Brand + Product name + SKU nyata; Tipe tidak otomatis dianggap SKU.
BLOCKER,MaterialCandidate,Sheet1,198,matcand_sample_6b85260c49f4,SAMPLE_MATERIAL_IDENTITY_INCOMPLETE,SKU eksplisit tidak tersedia,Konfirmasi Vendor + Brand + Product name + SKU nyata; Tipe tidak otomatis dianggap SKU.
BLOCKER,MaterialCandidate,Sheet1,199;215,matcand_sample_04da2d57e866,SAMPLE_MATERIAL_IDENTITY_INCOMPLETE,SKU eksplisit tidak tersedia,Konfirmasi Vendor + Brand + Product name + SKU nyata; Tipe tidak otomatis dianggap SKU.
BLOCKER,MaterialCandidate,Sheet1,200,matcand_sample_7d0e7eba9efa,SAMPLE_MATERIAL_IDENTITY_INCOMPLETE,SKU eksplisit tidak tersedia,Konfirmasi Vendor + Brand + Product name + SKU nyata; Tipe tidak otomatis dianggap SKU.
BLOCKER,MaterialCandidate,Sheet1,201,matcand_sample_1e05e9146cad,SAMPLE_MATERIAL_IDENTITY_INCOMPLETE,SKU eksplisit tidak tersedia,Konfirmasi Vendor + Brand + Product name + SKU nyata; Tipe tidak otomatis dianggap SKU.
BLOCKER,MaterialCandidate,Sheet1,202;219,matcand_sample_64c7aaa0e3b4,SAMPLE_MATERIAL_IDENTITY_INCOMPLETE,SKU eksplisit tidak tersedia,Konfirmasi Vendor + Brand + Product name + SKU nyata; Tipe tidak otomatis dianggap SKU.
BLOCKER,MaterialCandidate,Sheet1,203;208,matcand_sample_2681b40bb45d,SAMPLE_MATERIAL_IDENTITY_INCOMPLETE,SKU eksplisit tidak tersedia,Konfirmasi Vendor + Brand + Product name + SKU nyata; Tipe tidak otomatis dianggap SKU.
BLOCKER,MaterialCandidate,Sheet1,204,matcand_sample_1b5e191c74d0,SAMPLE_MATERIAL_IDENTITY_INCOMPLETE,SKU eksplisit tidak tersedia,Konfirmasi Vendor + Brand + Product name + SKU nyata; Tipe tidak otomatis dianggap SKU.
BLOCKER,MaterialCandidate,Sheet1,205,matcand_sample_d1a6d3062d62,SAMPLE_MATERIAL_IDENTITY_INCOMPLETE,SKU eksplisit tidak tersedia,Konfirmasi Vendor + Brand + Product name + SKU nyata; Tipe tidak otomatis dianggap SKU.
BLOCKER,MaterialCandidate,Sheet1,206;213,matcand_sample_26caed4d1550,SAMPLE_MATERIAL_IDENTITY_INCOMPLETE,SKU eksplisit tidak tersedia,Konfirmasi Vendor + Brand + Product name + SKU nyata; Tipe tidak otomatis dianggap SKU.
BLOCKER,MaterialCandidate,Sheet1,207,matcand_sample_97875548e6d7,SAMPLE_MATERIAL_IDENTITY_INCOMPLETE,SKU eksplisit tidak tersedia,Konfirmasi Vendor + Brand + Product name + SKU nyata; Tipe tidak otomatis dianggap SKU.
BLOCKER,MaterialCandidate,Sheet1,209,matcand_sample_4ec8db0e0cb2,SAMPLE_MATERIAL_IDENTITY_INCOMPLETE,SKU eksplisit tidak tersedia,Konfirmasi Vendor + Brand + Product name + SKU nyata; Tipe tidak otomatis dianggap SKU.
BLOCKER,MaterialCandidate,Sheet1,210,matcand_sample_e3e8396c627e,SAMPLE_MATERIAL_IDENTITY_INCOMPLETE,SKU eksplisit tidak tersedia,Konfirmasi Vendor + Brand + Product name + SKU nyata; Tipe tidak otomatis dianggap SKU.
BLOCKER,MaterialCandidate,Sheet1,211,matcand_sample_0a2a5647468b,SAMPLE_MATERIAL_IDENTITY_INCOMPLETE,SKU eksplisit tidak tersedia,Konfirmasi Vendor + Brand + Product name + SKU nyata; Tipe tidak otomatis dianggap SKU.
BLOCKER,MaterialCandidate,Sheet1,212,matcand_sample_c1d672528c77,SAMPLE_MATERIAL_IDENTITY_INCOMPLETE,SKU eksplisit tidak tersedia,Konfirmasi Vendor + Brand + Product name + SKU nyata; Tipe tidak otomatis dianggap SKU.
BLOCKER,MaterialCandidate,Sheet1,214,matcand_sample_081c2307455a,SAMPLE_MATERIAL_IDENTITY_INCOMPLETE,SKU eksplisit tidak tersedia,Konfirmasi Vendor + Brand + Product name + SKU nyata; Tipe tidak otomatis dianggap SKU.
BLOCKER,MaterialCandidate,Sheet1,216,matcand_sample_fcdc5b619702,SAMPLE_MATERIAL_IDENTITY_INCOMPLETE,SKU eksplisit tidak tersedia,Konfirmasi Vendor + Brand + Product name + SKU nyata; Tipe tidak otomatis dianggap SKU.
BLOCKER,MaterialCandidate,Sheet1,217,matcand_sample_938c7bd465e6,SAMPLE_MATERIAL_IDENTITY_INCOMPLETE,SKU eksplisit tidak tersedia,Konfirmasi Vendor + Brand + Product name + SKU nyata; Tipe tidak otomatis dianggap SKU.
BLOCKER,MaterialCandidate,Sheet1,218,matcand_sample_bed9000db938,SAMPLE_MATERIAL_IDENTITY_INCOMPLETE,SKU eksplisit tidak tersedia,Konfirmasi Vendor + Brand + Product name + SKU nyata; Tipe tidak otomatis dianggap SKU.
BLOCKER,MaterialCandidate,Sheet1,220,matcand_sample_cbc981a7d3cc,SAMPLE_MATERIAL_IDENTITY_INCOMPLETE,SKU eksplisit tidak tersedia,Konfirmasi Vendor + Brand + Product name + SKU nyata; Tipe tidak otomatis dianggap SKU.
BLOCKER,MaterialCandidate,Sheet1,221,matcand_sample_62b7eab4bf22,SAMPLE_MATERIAL_IDENTITY_INCOMPLETE,SKU eksplisit tidak tersedia,Konfirmasi Vendor + Brand + Product name + SKU nyata; Tipe tidak otomatis dianggap SKU.
BLOCKER,MaterialCandidate,Sheet1,222,matcand_sample_2f3b3a9d84ce,SAMPLE_MATERIAL_IDENTITY_INCOMPLETE,SKU eksplisit tidak tersedia,Konfirmasi Vendor + Brand + Product name + SKU nyata; Tipe tidak otomatis dianggap SKU.
BLOCKER,MaterialCandidate,Sheet1,223,matcand_sample_1ca6d62a8738,SAMPLE_MATERIAL_IDENTITY_INCOMPLETE,SKU eksplisit tidak tersedia,Konfirmasi Vendor + Brand + Product name + SKU nyata; Tipe tidak otomatis dianggap SKU.
BLOCKER,MaterialCandidate,Sheet1,224,matcand_sample_e2e06eadfc42,SAMPLE_MATERIAL_IDENTITY_INCOMPLETE,SKU eksplisit tidak tersedia,Konfirmasi Vendor + Brand + Product name + SKU nyata; Tipe tidak otomatis dianggap SKU.
BLOCKER,MaterialCandidate,Sheet1,225,matcand_sample_11dbb63349d4,SAMPLE_MATERIAL_IDENTITY_INCOMPLETE,SKU eksplisit tidak tersedia,Konfirmasi Vendor + Brand + Product name + SKU nyata; Tipe tidak otomatis dianggap SKU.
BLOCKER,MaterialCandidate,Sheet1,226,matcand_sample_3f941b786f6a,SAMPLE_MATERIAL_IDENTITY_INCOMPLETE,SKU eksplisit tidak tersedia,Konfirmasi Vendor + Brand + Product name + SKU nyata; Tipe tidak otomatis dianggap SKU.
BLOCKER,MaterialCandidate,Sheet1,227,matcand_sample_c342169f674b,SAMPLE_MATERIAL_IDENTITY_INCOMPLETE,SKU eksplisit tidak tersedia,Konfirmasi Vendor + Brand + Product name + SKU nyata; Tipe tidak otomatis dianggap SKU.
BLOCKER,MaterialCandidate,Sheet1,228,matcand_sample_cb5162ca5fc8,SAMPLE_MATERIAL_IDENTITY_INCOMPLETE,SKU eksplisit tidak tersedia,Konfirmasi Vendor + Brand + Product name + SKU nyata; Tipe tidak otomatis dianggap SKU.
BLOCKER,MaterialCandidate,Sheet1,229,matcand_sample_85ff82e07aea,SAMPLE_MATERIAL_IDENTITY_INCOMPLETE,SKU eksplisit tidak tersedia,Konfirmasi Vendor + Brand + Product name + SKU nyata; Tipe tidak otomatis dianggap SKU.
BLOCKER,MaterialCandidate,Sheet1,230,matcand_sample_735455afb710,SAMPLE_MATERIAL_IDENTITY_INCOMPLETE,SKU eksplisit tidak tersedia,Konfirmasi Vendor + Brand + Product name + SKU nyata; Tipe tidak otomatis dianggap SKU.
BLOCKER,MaterialCandidate,Sheet1,231,matcand_sample_41672f5a91ec,SAMPLE_MATERIAL_IDENTITY_INCOMPLETE,SKU eksplisit tidak tersedia; Vendor tidak match tepat ke direktori List,Konfirmasi Vendor + Brand + Product name + SKU nyata; Tipe tidak otomatis dianggap SKU.
BLOCKER,MaterialCandidate,Sheet1,232,matcand_sample_5d55efff15d5,SAMPLE_MATERIAL_IDENTITY_INCOMPLETE,SKU eksplisit tidak tersedia; Vendor tidak match tepat ke direktori List,Konfirmasi Vendor + Brand + Product name + SKU nyata; Tipe tidak otomatis dianggap SKU.
BLOCKER,MaterialCandidate,Sheet1,233,matcand_sample_58f0d892ca21,SAMPLE_MATERIAL_IDENTITY_INCOMPLETE,SKU eksplisit tidak tersedia; Vendor tidak match tepat ke direktori List,Konfirmasi Vendor + Brand + Product name + SKU nyata; Tipe tidak otomatis dianggap SKU.
BLOCKER,MaterialCandidate,Sheet1,234,matcand_sample_e9e55d597ab2,SAMPLE_MATERIAL_IDENTITY_INCOMPLETE,SKU eksplisit tidak tersedia; Vendor tidak match tepat ke direktori List,Konfirmasi Vendor + Brand + Product name + SKU nyata; Tipe tidak otomatis dianggap SKU.
BLOCKER,MaterialCandidate,Sheet1,235,matcand_sample_bd8ec431476c,SAMPLE_MATERIAL_IDENTITY_INCOMPLETE,SKU eksplisit tidak tersedia,Konfirmasi Vendor + Brand + Product name + SKU nyata; Tipe tidak otomatis dianggap SKU.
BLOCKER,MaterialCandidate,Sheet1,236,matcand_sample_18fc6ba919cf,SAMPLE_MATERIAL_IDENTITY_INCOMPLETE,SKU eksplisit tidak tersedia,Konfirmasi Vendor + Brand + Product name + SKU nyata; Tipe tidak otomatis dianggap SKU.
BLOCKER,MaterialCandidate,Sheet1,237,matcand_sample_696ca6038390,SAMPLE_MATERIAL_IDENTITY_INCOMPLETE,SKU eksplisit tidak tersedia,Konfirmasi Vendor + Brand + Product name + SKU nyata; Tipe tidak otomatis dianggap SKU.
BLOCKER,MaterialCandidate,Sheet1,238,matcand_sample_f6058e175f68,SAMPLE_MATERIAL_IDENTITY_INCOMPLETE,SKU eksplisit tidak tersedia,Konfirmasi Vendor + Brand + Product name + SKU nyata; Tipe tidak otomatis dianggap SKU.
BLOCKER,MaterialCandidate,Sheet1,239,matcand_sample_545edea33799,SAMPLE_MATERIAL_IDENTITY_INCOMPLETE,SKU eksplisit tidak tersedia,Konfirmasi Vendor + Brand + Product name + SKU nyata; Tipe tidak otomatis dianggap SKU.
BLOCKER,MaterialCandidate,Sheet1,240,matcand_sample_3d741741bdff,SAMPLE_MATERIAL_IDENTITY_INCOMPLETE,SKU eksplisit tidak tersedia,Konfirmasi Vendor + Brand + Product name + SKU nyata; Tipe tidak otomatis dianggap SKU.
BLOCKER,MaterialCandidate,Sheet1,241,matcand_sample_43511bbf92f9,SAMPLE_MATERIAL_IDENTITY_INCOMPLETE,SKU eksplisit tidak tersedia,Konfirmasi Vendor + Brand + Product name + SKU nyata; Tipe tidak otomatis dianggap SKU.
BLOCKER,MaterialCandidate,Sheet1,242,matcand_sample_bce0fac1a766,SAMPLE_MATERIAL_IDENTITY_INCOMPLETE,SKU eksplisit tidak tersedia,Konfirmasi Vendor + Brand + Product name + SKU nyata; Tipe tidak otomatis dianggap SKU.
BLOCKER,MaterialCandidate,Sheet1,243,matcand_sample_d4a67ae5ea04,SAMPLE_MATERIAL_IDENTITY_INCOMPLETE,SKU eksplisit tidak tersedia,Konfirmasi Vendor + Brand + Product name + SKU nyata; Tipe tidak otomatis dianggap SKU.
BLOCKER,MaterialCandidate,Sheet1,244,matcand_sample_245fe9851dc1,SAMPLE_MATERIAL_IDENTITY_INCOMPLETE,SKU eksplisit tidak tersedia,Konfirmasi Vendor + Brand + Product name + SKU nyata; Tipe tidak otomatis dianggap SKU.
BLOCKER,MaterialCandidate,Sheet1,245,matcand_sample_ff995057271d,SAMPLE_MATERIAL_IDENTITY_INCOMPLETE,SKU eksplisit tidak tersedia,Konfirmasi Vendor + Brand + Product name + SKU nyata; Tipe tidak otomatis dianggap SKU.
BLOCKER,MaterialCandidate,Sheet1,246,matcand_sample_0998820ac3b4,SAMPLE_MATERIAL_IDENTITY_INCOMPLETE,SKU eksplisit tidak tersedia,Konfirmasi Vendor + Brand + Product name + SKU nyata; Tipe tidak otomatis dianggap SKU.
BLOCKER,MaterialCandidate,Sheet1,247,matcand_sample_30cb2bcc7659,SAMPLE_MATERIAL_IDENTITY_INCOMPLETE,SKU eksplisit tidak tersedia,Konfirmasi Vendor + Brand + Product name + SKU nyata; Tipe tidak otomatis dianggap SKU.
BLOCKER,MaterialCandidate,Sheet1,248,matcand_sample_acb1d3c28965,SAMPLE_MATERIAL_IDENTITY_INCOMPLETE,SKU eksplisit tidak tersedia,Konfirmasi Vendor + Brand + Product name + SKU nyata; Tipe tidak otomatis dianggap SKU.
BLOCKER,MaterialCandidate,Sheet1,249,matcand_sample_ea961324ab23,SAMPLE_MATERIAL_IDENTITY_INCOMPLETE,SKU eksplisit tidak tersedia,Konfirmasi Vendor + Brand + Product name + SKU nyata; Tipe tidak otomatis dianggap SKU.
BLOCKER,MaterialCandidate,Sheet1,250,matcand_sample_4eb2ec164e37,SAMPLE_MATERIAL_IDENTITY_INCOMPLETE,SKU eksplisit tidak tersedia,Konfirmasi Vendor + Brand + Product name + SKU nyata; Tipe tidak otomatis dianggap SKU.
BLOCKER,MaterialCandidate,Sheet1,251,matcand_sample_59465e1083af,SAMPLE_MATERIAL_IDENTITY_INCOMPLETE,SKU eksplisit tidak tersedia,Konfirmasi Vendor + Brand + Product name + SKU nyata; Tipe tidak otomatis dianggap SKU.
BLOCKER,MaterialCandidate,Sheet1,252,matcand_sample_88d15bc336ae,SAMPLE_MATERIAL_IDENTITY_INCOMPLETE,SKU eksplisit tidak tersedia,Konfirmasi Vendor + Brand + Product name + SKU nyata; Tipe tidak otomatis dianggap SKU.
BLOCKER,MaterialCandidate,Sheet1,253,matcand_sample_56a9d906d179,SAMPLE_MATERIAL_IDENTITY_INCOMPLETE,SKU eksplisit tidak tersedia,Konfirmasi Vendor + Brand + Product name + SKU nyata; Tipe tidak otomatis dianggap SKU.
BLOCKER,MaterialCandidate,Sheet1,254,matcand_sample_d54025f2bc0b,SAMPLE_MATERIAL_IDENTITY_INCOMPLETE,SKU eksplisit tidak tersedia,Konfirmasi Vendor + Brand + Product name + SKU nyata; Tipe tidak otomatis dianggap SKU.
BLOCKER,MaterialCandidate,Sheet1,255,matcand_sample_cd929595f597,SAMPLE_MATERIAL_IDENTITY_INCOMPLETE,SKU eksplisit tidak tersedia,Konfirmasi Vendor + Brand + Product name + SKU nyata; Tipe tidak otomatis dianggap SKU.
BLOCKER,MaterialCandidate,Sheet1,256,matcand_sample_0c6c70dc3a33,SAMPLE_MATERIAL_IDENTITY_INCOMPLETE,SKU eksplisit tidak tersedia,Konfirmasi Vendor + Brand + Product name + SKU nyata; Tipe tidak otomatis dianggap SKU.
BLOCKER,MaterialCandidate,Sheet1,257,matcand_sample_5f7490ce14d7,SAMPLE_MATERIAL_IDENTITY_INCOMPLETE,SKU eksplisit tidak tersedia,Konfirmasi Vendor + Brand + Product name + SKU nyata; Tipe tidak otomatis dianggap SKU.
BLOCKER,MaterialCandidate,Sheet1,258,matcand_sample_546d0c1443cd,SAMPLE_MATERIAL_IDENTITY_INCOMPLETE,SKU eksplisit tidak tersedia,Konfirmasi Vendor + Brand + Product name + SKU nyata; Tipe tidak otomatis dianggap SKU.
BLOCKER,MaterialCandidate,Sheet1,259,matcand_sample_4857adac1590,SAMPLE_MATERIAL_IDENTITY_INCOMPLETE,SKU eksplisit tidak tersedia,Konfirmasi Vendor + Brand + Product name + SKU nyata; Tipe tidak otomatis dianggap SKU.
BLOCKER,MaterialCandidate,Sheet1,260,matcand_sample_af6bc55399ee,SAMPLE_MATERIAL_IDENTITY_INCOMPLETE,SKU eksplisit tidak tersedia,Konfirmasi Vendor + Brand + Product name + SKU nyata; Tipe tidak otomatis dianggap SKU.
BLOCKER,MaterialCandidate,Sheet1,261,matcand_sample_5d812ebc843e,SAMPLE_MATERIAL_IDENTITY_INCOMPLETE,SKU eksplisit tidak tersedia,Konfirmasi Vendor + Brand + Product name + SKU nyata; Tipe tidak otomatis dianggap SKU.
BLOCKER,MaterialCandidate,Sheet1,262;287,matcand_sample_8b2ccb92b37a,SAMPLE_MATERIAL_IDENTITY_INCOMPLETE,SKU eksplisit tidak tersedia,Konfirmasi Vendor + Brand + Product name + SKU nyata; Tipe tidak otomatis dianggap SKU.
BLOCKER,MaterialCandidate,Sheet1,263,matcand_sample_9ef18d8ddaab,SAMPLE_MATERIAL_IDENTITY_INCOMPLETE,SKU eksplisit tidak tersedia,Konfirmasi Vendor + Brand + Product name + SKU nyata; Tipe tidak otomatis dianggap SKU.
BLOCKER,MaterialCandidate,Sheet1,264,matcand_sample_26c07e966abb,SAMPLE_MATERIAL_IDENTITY_INCOMPLETE,SKU eksplisit tidak tersedia,Konfirmasi Vendor + Brand + Product name + SKU nyata; Tipe tidak otomatis dianggap SKU.
BLOCKER,MaterialCandidate,Sheet1,265,matcand_sample_e20758f4d156,SAMPLE_MATERIAL_IDENTITY_INCOMPLETE,SKU eksplisit tidak tersedia,Konfirmasi Vendor + Brand + Product name + SKU nyata; Tipe tidak otomatis dianggap SKU.
BLOCKER,MaterialCandidate,Sheet1,266,matcand_sample_929a0a778c55,SAMPLE_MATERIAL_IDENTITY_INCOMPLETE,SKU eksplisit tidak tersedia,Konfirmasi Vendor + Brand + Product name + SKU nyata; Tipe tidak otomatis dianggap SKU.
BLOCKER,MaterialCandidate,Sheet1,267,matcand_sample_a8accb268531,SAMPLE_MATERIAL_IDENTITY_INCOMPLETE,SKU eksplisit tidak tersedia,Konfirmasi Vendor + Brand + Product name + SKU nyata; Tipe tidak otomatis dianggap SKU.
BLOCKER,MaterialCandidate,Sheet1,268,matcand_sample_17bc67bb65cb,SAMPLE_MATERIAL_IDENTITY_INCOMPLETE,SKU eksplisit tidak tersedia,Konfirmasi Vendor + Brand + Product name + SKU nyata; Tipe tidak otomatis dianggap SKU.
BLOCKER,MaterialCandidate,Sheet1,269,matcand_sample_9c44847d35ec,SAMPLE_MATERIAL_IDENTITY_INCOMPLETE,SKU eksplisit tidak tersedia,Konfirmasi Vendor + Brand + Product name + SKU nyata; Tipe tidak otomatis dianggap SKU.
BLOCKER,MaterialCandidate,Sheet1,270,matcand_sample_ec34e392b816,SAMPLE_MATERIAL_IDENTITY_INCOMPLETE,SKU eksplisit tidak tersedia,Konfirmasi Vendor + Brand + Product name + SKU nyata; Tipe tidak otomatis dianggap SKU.
BLOCKER,MaterialCandidate,Sheet1,271,matcand_sample_d70c7ec1db2d,SAMPLE_MATERIAL_IDENTITY_INCOMPLETE,SKU eksplisit tidak tersedia,Konfirmasi Vendor + Brand + Product name + SKU nyata; Tipe tidak otomatis dianggap SKU.
BLOCKER,MaterialCandidate,Sheet1,272,matcand_sample_a88d1e75171c,SAMPLE_MATERIAL_IDENTITY_INCOMPLETE,SKU eksplisit tidak tersedia,Konfirmasi Vendor + Brand + Product name + SKU nyata; Tipe tidak otomatis dianggap SKU.
BLOCKER,MaterialCandidate,Sheet1,273,matcand_sample_4b2ede332bd0,SAMPLE_MATERIAL_IDENTITY_INCOMPLETE,SKU eksplisit tidak tersedia,Konfirmasi Vendor + Brand + Product name + SKU nyata; Tipe tidak otomatis dianggap SKU.
BLOCKER,MaterialCandidate,Sheet1,274,matcand_sample_447f98ccb565,SAMPLE_MATERIAL_IDENTITY_INCOMPLETE,SKU eksplisit tidak tersedia,Konfirmasi Vendor + Brand + Product name + SKU nyata; Tipe tidak otomatis dianggap SKU.
BLOCKER,MaterialCandidate,Sheet1,275,matcand_sample_4810033bf22d,SAMPLE_MATERIAL_IDENTITY_INCOMPLETE,SKU eksplisit tidak tersedia,Konfirmasi Vendor + Brand + Product name + SKU nyata; Tipe tidak otomatis dianggap SKU.
BLOCKER,MaterialCandidate,Sheet1,276,matcand_sample_1734d27b4732,SAMPLE_MATERIAL_IDENTITY_INCOMPLETE,SKU eksplisit tidak tersedia,Konfirmasi Vendor + Brand + Product name + SKU nyata; Tipe tidak otomatis dianggap SKU.
BLOCKER,MaterialCandidate,Sheet1,277,matcand_sample_077cd5044cae,SAMPLE_MATERIAL_IDENTITY_INCOMPLETE,SKU eksplisit tidak tersedia,Konfirmasi Vendor + Brand + Product name + SKU nyata; Tipe tidak otomatis dianggap SKU.
BLOCKER,MaterialCandidate,Sheet1,278,matcand_sample_d26ea4d585bf,SAMPLE_MATERIAL_IDENTITY_INCOMPLETE,SKU eksplisit tidak tersedia,Konfirmasi Vendor + Brand + Product name + SKU nyata; Tipe tidak otomatis dianggap SKU.
BLOCKER,MaterialCandidate,Sheet1,279,matcand_sample_e97f35f6e406,SAMPLE_MATERIAL_IDENTITY_INCOMPLETE,SKU eksplisit tidak tersedia,Konfirmasi Vendor + Brand + Product name + SKU nyata; Tipe tidak otomatis dianggap SKU.
BLOCKER,MaterialCandidate,Sheet1,280,matcand_sample_ad3aa1341f89,SAMPLE_MATERIAL_IDENTITY_INCOMPLETE,SKU eksplisit tidak tersedia,Konfirmasi Vendor + Brand + Product name + SKU nyata; Tipe tidak otomatis dianggap SKU.
BLOCKER,MaterialCandidate,Sheet1,281,matcand_sample_af8a8af7ba4d,SAMPLE_MATERIAL_IDENTITY_INCOMPLETE,SKU eksplisit tidak tersedia,Konfirmasi Vendor + Brand + Product name + SKU nyata; Tipe tidak otomatis dianggap SKU.
BLOCKER,MaterialCandidate,Sheet1,282,matcand_sample_5ae289ccc05e,SAMPLE_MATERIAL_IDENTITY_INCOMPLETE,SKU eksplisit tidak tersedia,Konfirmasi Vendor + Brand + Product name + SKU nyata; Tipe tidak otomatis dianggap SKU.
BLOCKER,MaterialCandidate,Sheet1,283,matcand_sample_a6590eeb46d9,SAMPLE_MATERIAL_IDENTITY_INCOMPLETE,SKU eksplisit tidak tersedia,Konfirmasi Vendor + Brand + Product name + SKU nyata; Tipe tidak otomatis dianggap SKU.
BLOCKER,MaterialCandidate,Sheet1,284,matcand_sample_78fd59f09314,SAMPLE_MATERIAL_IDENTITY_INCOMPLETE,SKU eksplisit tidak tersedia,Konfirmasi Vendor + Brand + Product name + SKU nyata; Tipe tidak otomatis dianggap SKU.
BLOCKER,MaterialCandidate,Sheet1,285,matcand_sample_fe69a7e0bba5,SAMPLE_MATERIAL_IDENTITY_INCOMPLETE,SKU eksplisit tidak tersedia,Konfirmasi Vendor + Brand + Product name + SKU nyata; Tipe tidak otomatis dianggap SKU.
BLOCKER,MaterialCandidate,Sheet1,286,matcand_sample_c8fd688990cd,SAMPLE_MATERIAL_IDENTITY_INCOMPLETE,SKU eksplisit tidak tersedia,Konfirmasi Vendor + Brand + Product name + SKU nyata; Tipe tidak otomatis dianggap SKU.
BLOCKER,MaterialCandidate,Sheet1,288,matcand_sample_7691711afe21,SAMPLE_MATERIAL_IDENTITY_INCOMPLETE,SKU eksplisit tidak tersedia,Konfirmasi Vendor + Brand + Product name + SKU nyata; Tipe tidak otomatis dianggap SKU.
BLOCKER,MaterialCandidate,Sheet1,289,matcand_sample_41fadb2e0eb8,SAMPLE_MATERIAL_IDENTITY_INCOMPLETE,SKU eksplisit tidak tersedia,Konfirmasi Vendor + Brand + Product name + SKU nyata; Tipe tidak otomatis dianggap SKU.
BLOCKER,MaterialCandidate,Sheet1,290,matcand_sample_ce20c63ab0f2,SAMPLE_MATERIAL_IDENTITY_INCOMPLETE,SKU eksplisit tidak tersedia,Konfirmasi Vendor + Brand + Product name + SKU nyata; Tipe tidak otomatis dianggap SKU.
BLOCKER,SampleCandidate,Sheet1,4,sample_sheet1_r0004,SAMPLE_MATERIAL_UNRESOLVED,Material belum tersedia dengan kunci Vendor + Brand + SKU; SKU sample tidak tersedia di sumber; Vendor belum match tepat,Isi Vendor + Brand + SKU setelah Material terkurasi; baru pindahkan row ke 05_physical_samples.csv.
BLOCKER,SampleCandidate,Sheet1,5,sample_sheet1_r0005,SAMPLE_MATERIAL_UNRESOLVED,Material belum tersedia dengan kunci Vendor + Brand + SKU; SKU sample tidak tersedia di sumber; Vendor belum match tepat,Isi Vendor + Brand + SKU setelah Material terkurasi; baru pindahkan row ke 05_physical_samples.csv.
BLOCKER,SampleCandidate,Sheet1,6,sample_sheet1_r0006,SAMPLE_MATERIAL_UNRESOLVED,Material belum tersedia dengan kunci Vendor + Brand + SKU; SKU sample tidak tersedia di sumber; Vendor belum match tepat,Isi Vendor + Brand + SKU setelah Material terkurasi; baru pindahkan row ke 05_physical_samples.csv.
BLOCKER,SampleCandidate,Sheet1,7,sample_sheet1_r0007,SAMPLE_MATERIAL_UNRESOLVED,Material belum tersedia dengan kunci Vendor + Brand + SKU; SKU sample tidak tersedia di sumber; Vendor belum match tepat,Isi Vendor + Brand + SKU setelah Material terkurasi; baru pindahkan row ke 05_physical_samples.csv.
BLOCKER,SampleCandidate,Sheet1,8,sample_sheet1_r0008,SAMPLE_MATERIAL_UNRESOLVED,Material belum tersedia dengan kunci Vendor + Brand + SKU; SKU sample tidak tersedia di sumber; Vendor belum match tepat,Isi Vendor + Brand + SKU setelah Material terkurasi; baru pindahkan row ke 05_physical_samples.csv.
BLOCKER,SampleCandidate,Sheet1,9,sample_sheet1_r0009,SAMPLE_MATERIAL_UNRESOLVED,Material belum tersedia dengan kunci Vendor + Brand + SKU; SKU sample tidak tersedia di sumber; Vendor belum match tepat,Isi Vendor + Brand + SKU setelah Material terkurasi; baru pindahkan row ke 05_physical_samples.csv.
BLOCKER,SampleCandidate,Sheet1,10,sample_sheet1_r0010,SAMPLE_MATERIAL_UNRESOLVED,Material belum tersedia dengan kunci Vendor + Brand + SKU; SKU sample tidak tersedia di sumber; Vendor belum match tepat,Isi Vendor + Brand + SKU setelah Material terkurasi; baru pindahkan row ke 05_physical_samples.csv.
BLOCKER,SampleCandidate,Sheet1,11,sample_sheet1_r0011,SAMPLE_MATERIAL_UNRESOLVED,Material belum tersedia dengan kunci Vendor + Brand + SKU; SKU sample tidak tersedia di sumber; Vendor belum match tepat,Isi Vendor + Brand + SKU setelah Material terkurasi; baru pindahkan row ke 05_physical_samples.csv.
BLOCKER,SampleCandidate,Sheet1,12,sample_sheet1_r0012,SAMPLE_MATERIAL_UNRESOLVED,Material belum tersedia dengan kunci Vendor + Brand + SKU; SKU sample tidak tersedia di sumber; Vendor belum match tepat,Isi Vendor + Brand + SKU setelah Material terkurasi; baru pindahkan row ke 05_physical_samples.csv.
BLOCKER,SampleCandidate,Sheet1,13,sample_sheet1_r0013,SAMPLE_MATERIAL_UNRESOLVED,Material belum tersedia dengan kunci Vendor + Brand + SKU; SKU sample tidak tersedia di sumber; Vendor belum match tepat,Isi Vendor + Brand + SKU setelah Material terkurasi; baru pindahkan row ke 05_physical_samples.csv.
BLOCKER,SampleCandidate,Sheet1,14,sample_sheet1_r0014,SAMPLE_MATERIAL_UNRESOLVED,Material belum tersedia dengan kunci Vendor + Brand + SKU; SKU sample tidak tersedia di sumber; Vendor belum match tepat,Isi Vendor + Brand + SKU setelah Material terkurasi; baru pindahkan row ke 05_physical_samples.csv.
BLOCKER,SampleCandidate,Sheet1,15,sample_sheet1_r0015,SAMPLE_MATERIAL_UNRESOLVED,Material belum tersedia dengan kunci Vendor + Brand + SKU; SKU sample tidak tersedia di sumber; Vendor belum match tepat,Isi Vendor + Brand + SKU setelah Material terkurasi; baru pindahkan row ke 05_physical_samples.csv.
BLOCKER,SampleCandidate,Sheet1,16,sample_sheet1_r0016,SAMPLE_MATERIAL_UNRESOLVED,Material belum tersedia dengan kunci Vendor + Brand + SKU; SKU sample tidak tersedia di sumber; Vendor belum match tepat,Isi Vendor + Brand + SKU setelah Material terkurasi; baru pindahkan row ke 05_physical_samples.csv.
BLOCKER,SampleCandidate,Sheet1,17,sample_sheet1_r0017,SAMPLE_MATERIAL_UNRESOLVED,Material belum tersedia dengan kunci Vendor + Brand + SKU; SKU sample tidak tersedia di sumber; Vendor belum match tepat,Isi Vendor + Brand + SKU setelah Material terkurasi; baru pindahkan row ke 05_physical_samples.csv.
BLOCKER,SampleCandidate,Sheet1,18,sample_sheet1_r0018,SAMPLE_MATERIAL_UNRESOLVED,Material belum tersedia dengan kunci Vendor + Brand + SKU; SKU sample tidak tersedia di sumber; Vendor belum match tepat,Isi Vendor + Brand + SKU setelah Material terkurasi; baru pindahkan row ke 05_physical_samples.csv.
BLOCKER,SampleCandidate,Sheet1,19,sample_sheet1_r0019,SAMPLE_MATERIAL_UNRESOLVED,Material belum tersedia dengan kunci Vendor + Brand + SKU; SKU sample tidak tersedia di sumber; Vendor belum match tepat,Isi Vendor + Brand + SKU setelah Material terkurasi; baru pindahkan row ke 05_physical_samples.csv.
BLOCKER,SampleCandidate,Sheet1,20,sample_sheet1_r0020,SAMPLE_MATERIAL_UNRESOLVED,Material belum tersedia dengan kunci Vendor + Brand + SKU; SKU sample tidak tersedia di sumber; Vendor belum match tepat,Isi Vendor + Brand + SKU setelah Material terkurasi; baru pindahkan row ke 05_physical_samples.csv.
BLOCKER,SampleCandidate,Sheet1,21,sample_sheet1_r0021,SAMPLE_MATERIAL_UNRESOLVED,Material belum tersedia dengan kunci Vendor + Brand + SKU; SKU sample tidak tersedia di sumber; Vendor belum match tepat,Isi Vendor + Brand + SKU setelah Material terkurasi; baru pindahkan row ke 05_physical_samples.csv.
BLOCKER,SampleCandidate,Sheet1,22,sample_sheet1_r0022,SAMPLE_MATERIAL_UNRESOLVED,Material belum tersedia dengan kunci Vendor + Brand + SKU; SKU sample tidak tersedia di sumber; Vendor belum match tepat,Isi Vendor + Brand + SKU setelah Material terkurasi; baru pindahkan row ke 05_physical_samples.csv.
BLOCKER,SampleCandidate,Sheet1,23,sample_sheet1_r0023,SAMPLE_MATERIAL_UNRESOLVED,Material belum tersedia dengan kunci Vendor + Brand + SKU; SKU sample tidak tersedia di sumber; Vendor belum match tepat,Isi Vendor + Brand + SKU setelah Material terkurasi; baru pindahkan row ke 05_physical_samples.csv.
BLOCKER,SampleCandidate,Sheet1,24,sample_sheet1_r0024,SAMPLE_MATERIAL_UNRESOLVED,Material belum tersedia dengan kunci Vendor + Brand + SKU; SKU sample tidak tersedia di sumber; Vendor belum match tepat,Isi Vendor + Brand + SKU setelah Material terkurasi; baru pindahkan row ke 05_physical_samples.csv.
BLOCKER,SampleCandidate,Sheet1,25,sample_sheet1_r0025,SAMPLE_MATERIAL_UNRESOLVED,Material belum tersedia dengan kunci Vendor + Brand + SKU; SKU sample tidak tersedia di sumber; Vendor belum match tepat,Isi Vendor + Brand + SKU setelah Material terkurasi; baru pindahkan row ke 05_physical_samples.csv.
BLOCKER,SampleCandidate,Sheet1,26,sample_sheet1_r0026,SAMPLE_MATERIAL_UNRESOLVED,Material belum tersedia dengan kunci Vendor + Brand + SKU; SKU sample tidak tersedia di sumber; Vendor belum match tepat,Isi Vendor + Brand + SKU setelah Material terkurasi; baru pindahkan row ke 05_physical_samples.csv.
BLOCKER,SampleCandidate,Sheet1,27,sample_sheet1_r0027,SAMPLE_MATERIAL_UNRESOLVED,Material belum tersedia dengan kunci Vendor + Brand + SKU; SKU sample tidak tersedia di sumber; Vendor belum match tepat,Isi Vendor + Brand + SKU setelah Material terkurasi; baru pindahkan row ke 05_physical_samples.csv.
BLOCKER,SampleCandidate,Sheet1,28,sample_sheet1_r0028,SAMPLE_MATERIAL_UNRESOLVED,Material belum tersedia dengan kunci Vendor + Brand + SKU; SKU sample tidak tersedia di sumber; Vendor belum match tepat,Isi Vendor + Brand + SKU setelah Material terkurasi; baru pindahkan row ke 05_physical_samples.csv.
BLOCKER,SampleCandidate,Sheet1,29,sample_sheet1_r0029,SAMPLE_MATERIAL_UNRESOLVED,Material belum tersedia dengan kunci Vendor + Brand + SKU; SKU sample tidak tersedia di sumber; Vendor belum match tepat,Isi Vendor + Brand + SKU setelah Material terkurasi; baru pindahkan row ke 05_physical_samples.csv.
BLOCKER,SampleCandidate,Sheet1,30,sample_sheet1_r0030,SAMPLE_MATERIAL_UNRESOLVED,Material belum tersedia dengan kunci Vendor + Brand + SKU; SKU sample tidak tersedia di sumber; Vendor belum match tepat,Isi Vendor + Brand + SKU setelah Material terkurasi; baru pindahkan row ke 05_physical_samples.csv.
BLOCKER,SampleCandidate,Sheet1,31,sample_sheet1_r0031,SAMPLE_MATERIAL_UNRESOLVED,Material belum tersedia dengan kunci Vendor + Brand + SKU; SKU sample tidak tersedia di sumber; Vendor belum match tepat,Isi Vendor + Brand + SKU setelah Material terkurasi; baru pindahkan row ke 05_physical_samples.csv.
BLOCKER,SampleCandidate,Sheet1,32,sample_sheet1_r0032,SAMPLE_MATERIAL_UNRESOLVED,Material belum tersedia dengan kunci Vendor + Brand + SKU; SKU sample tidak tersedia di sumber; Vendor belum match tepat,Isi Vendor + Brand + SKU setelah Material terkurasi; baru pindahkan row ke 05_physical_samples.csv.
BLOCKER,SampleCandidate,Sheet1,33,sample_sheet1_r0033,SAMPLE_MATERIAL_UNRESOLVED,Material belum tersedia dengan kunci Vendor + Brand + SKU; SKU sample tidak tersedia di sumber; Vendor belum match tepat,Isi Vendor + Brand + SKU setelah Material terkurasi; baru pindahkan row ke 05_physical_samples.csv.
BLOCKER,SampleCandidate,Sheet1,34,sample_sheet1_r0034,SAMPLE_MATERIAL_UNRESOLVED,Material belum tersedia dengan kunci Vendor + Brand + SKU; SKU sample tidak tersedia di sumber; Vendor belum match tepat,Isi Vendor + Brand + SKU setelah Material terkurasi; baru pindahkan row ke 05_physical_samples.csv.
BLOCKER,SampleCandidate,Sheet1,35,sample_sheet1_r0035,SAMPLE_MATERIAL_UNRESOLVED,Material belum tersedia dengan kunci Vendor + Brand + SKU; SKU sample tidak tersedia di sumber; Vendor belum match tepat,Isi Vendor + Brand + SKU setelah Material terkurasi; baru pindahkan row ke 05_physical_samples.csv.
BLOCKER,SampleCandidate,Sheet1,36,sample_sheet1_r0036,SAMPLE_MATERIAL_UNRESOLVED,Material belum tersedia dengan kunci Vendor + Brand + SKU; SKU sample tidak tersedia di sumber; Vendor belum match tepat,Isi Vendor + Brand + SKU setelah Material terkurasi; baru pindahkan row ke 05_physical_samples.csv.
BLOCKER,SampleCandidate,Sheet1,37,sample_sheet1_r0037,SAMPLE_MATERIAL_UNRESOLVED,Material belum tersedia dengan kunci Vendor + Brand + SKU; SKU sample tidak tersedia di sumber; Vendor belum match tepat,Isi Vendor + Brand + SKU setelah Material terkurasi; baru pindahkan row ke 05_physical_samples.csv.
BLOCKER,SampleCandidate,Sheet1,38,sample_sheet1_r0038,SAMPLE_MATERIAL_UNRESOLVED,Material belum tersedia dengan kunci Vendor + Brand + SKU; SKU sample tidak tersedia di sumber; Vendor belum match tepat; Brand kosong,Isi Vendor + Brand + SKU setelah Material terkurasi; baru pindahkan row ke 05_physical_samples.csv.
BLOCKER,SampleCandidate,Sheet1,39,sample_sheet1_r0039,SAMPLE_MATERIAL_UNRESOLVED,Material belum tersedia dengan kunci Vendor + Brand + SKU; SKU sample tidak tersedia di sumber; Vendor belum match tepat; Brand kosong,Isi Vendor + Brand + SKU setelah Material terkurasi; baru pindahkan row ke 05_physical_samples.csv.
BLOCKER,SampleCandidate,Sheet1,40,sample_sheet1_r0040,SAMPLE_MATERIAL_UNRESOLVED,Material belum tersedia dengan kunci Vendor + Brand + SKU; SKU sample tidak tersedia di sumber,Isi Vendor + Brand + SKU setelah Material terkurasi; baru pindahkan row ke 05_physical_samples.csv.
BLOCKER,SampleCandidate,Sheet1,41,sample_sheet1_r0041,SAMPLE_MATERIAL_UNRESOLVED,Material belum tersedia dengan kunci Vendor + Brand + SKU; SKU sample tidak tersedia di sumber,Isi Vendor + Brand + SKU setelah Material terkurasi; baru pindahkan row ke 05_physical_samples.csv.
BLOCKER,SampleCandidate,Sheet1,42,sample_sheet1_r0042,SAMPLE_MATERIAL_UNRESOLVED,Material belum tersedia dengan kunci Vendor + Brand + SKU; SKU sample tidak tersedia di sumber,Isi Vendor + Brand + SKU setelah Material terkurasi; baru pindahkan row ke 05_physical_samples.csv.
BLOCKER,SampleCandidate,Sheet1,43,sample_sheet1_r0043,SAMPLE_MATERIAL_UNRESOLVED,Material belum tersedia dengan kunci Vendor + Brand + SKU; SKU sample tidak tersedia di sumber,Isi Vendor + Brand + SKU setelah Material terkurasi; baru pindahkan row ke 05_physical_samples.csv.
BLOCKER,SampleCandidate,Sheet1,44,sample_sheet1_r0044,SAMPLE_MATERIAL_UNRESOLVED,Material belum tersedia dengan kunci Vendor + Brand + SKU; SKU sample tidak tersedia di sumber,Isi Vendor + Brand + SKU setelah Material terkurasi; baru pindahkan row ke 05_physical_samples.csv.
BLOCKER,SampleCandidate,Sheet1,45,sample_sheet1_r0045,SAMPLE_MATERIAL_UNRESOLVED,Material belum tersedia dengan kunci Vendor + Brand + SKU; SKU sample tidak tersedia di sumber,Isi Vendor + Brand + SKU setelah Material terkurasi; baru pindahkan row ke 05_physical_samples.csv.
BLOCKER,SampleCandidate,Sheet1,46,sample_sheet1_r0046,SAMPLE_MATERIAL_UNRESOLVED,Material belum tersedia dengan kunci Vendor + Brand + SKU; SKU sample tidak tersedia di sumber; Vendor belum match tepat,Isi Vendor + Brand + SKU setelah Material terkurasi; baru pindahkan row ke 05_physical_samples.csv.
BLOCKER,SampleCandidate,Sheet1,47,sample_sheet1_r0047,SAMPLE_MATERIAL_UNRESOLVED,Material belum tersedia dengan kunci Vendor + Brand + SKU; SKU sample tidak tersedia di sumber; Vendor belum match tepat,Isi Vendor + Brand + SKU setelah Material terkurasi; baru pindahkan row ke 05_physical_samples.csv.
BLOCKER,SampleCandidate,Sheet1,48,sample_sheet1_r0048,SAMPLE_MATERIAL_UNRESOLVED,Material belum tersedia dengan kunci Vendor + Brand + SKU; SKU sample tidak tersedia di sumber; Vendor belum match tepat,Isi Vendor + Brand + SKU setelah Material terkurasi; baru pindahkan row ke 05_physical_samples.csv.
BLOCKER,SampleCandidate,Sheet1,49,sample_sheet1_r0049,SAMPLE_MATERIAL_UNRESOLVED,Material belum tersedia dengan kunci Vendor + Brand + SKU; SKU sample tidak tersedia di sumber,Isi Vendor + Brand + SKU setelah Material terkurasi; baru pindahkan row ke 05_physical_samples.csv.
BLOCKER,SampleCandidate,Sheet1,50,sample_sheet1_r0050,SAMPLE_MATERIAL_UNRESOLVED,Material belum tersedia dengan kunci Vendor + Brand + SKU; SKU sample tidak tersedia di sumber; Vendor belum match tepat,Isi Vendor + Brand + SKU setelah Material terkurasi; baru pindahkan row ke 05_physical_samples.csv.
BLOCKER,SampleCandidate,Sheet1,51,sample_sheet1_r0051,SAMPLE_MATERIAL_UNRESOLVED,Material belum tersedia dengan kunci Vendor + Brand + SKU; SKU sample tidak tersedia di sumber; Vendor belum match tepat,Isi Vendor + Brand + SKU setelah Material terkurasi; baru pindahkan row ke 05_physical_samples.csv.
BLOCKER,SampleCandidate,Sheet1,52,sample_sheet1_r0052,SAMPLE_MATERIAL_UNRESOLVED,Material belum tersedia dengan kunci Vendor + Brand + SKU; SKU sample tidak tersedia di sumber; Vendor belum match tepat,Isi Vendor + Brand + SKU setelah Material terkurasi; baru pindahkan row ke 05_physical_samples.csv.
BLOCKER,SampleCandidate,Sheet1,53,sample_sheet1_r0053,SAMPLE_MATERIAL_UNRESOLVED,Material belum tersedia dengan kunci Vendor + Brand + SKU; SKU sample tidak tersedia di sumber,Isi Vendor + Brand + SKU setelah Material terkurasi; baru pindahkan row ke 05_physical_samples.csv.
BLOCKER,SampleCandidate,Sheet1,54,sample_sheet1_r0054,SAMPLE_MATERIAL_UNRESOLVED,Material belum tersedia dengan kunci Vendor + Brand + SKU; SKU sample tidak tersedia di sumber,Isi Vendor + Brand + SKU setelah Material terkurasi; baru pindahkan row ke 05_physical_samples.csv.
BLOCKER,SampleCandidate,Sheet1,55,sample_sheet1_r0055,SAMPLE_MATERIAL_UNRESOLVED,Material belum tersedia dengan kunci Vendor + Brand + SKU; SKU sample tidak tersedia di sumber,Isi Vendor + Brand + SKU setelah Material terkurasi; baru pindahkan row ke 05_physical_samples.csv.
BLOCKER,SampleCandidate,Sheet1,56,sample_sheet1_r0056,SAMPLE_MATERIAL_UNRESOLVED,Material belum tersedia dengan kunci Vendor + Brand + SKU; SKU sample tidak tersedia di sumber,Isi Vendor + Brand + SKU setelah Material terkurasi; baru pindahkan row ke 05_physical_samples.csv.
BLOCKER,SampleCandidate,Sheet1,57,sample_sheet1_r0057,SAMPLE_MATERIAL_UNRESOLVED,Material belum tersedia dengan kunci Vendor + Brand + SKU; SKU sample tidak tersedia di sumber,Isi Vendor + Brand + SKU setelah Material terkurasi; baru pindahkan row ke 05_physical_samples.csv.
BLOCKER,SampleCandidate,Sheet1,58,sample_sheet1_r0058,SAMPLE_MATERIAL_UNRESOLVED,Material belum tersedia dengan kunci Vendor + Brand + SKU; SKU sample tidak tersedia di sumber,Isi Vendor + Brand + SKU setelah Material terkurasi; baru pindahkan row ke 05_physical_samples.csv.
BLOCKER,SampleCandidate,Sheet1,59,sample_sheet1_r0059,SAMPLE_MATERIAL_UNRESOLVED,Material belum tersedia dengan kunci Vendor + Brand + SKU; SKU sample tidak tersedia di sumber,Isi Vendor + Brand + SKU setelah Material terkurasi; baru pindahkan row ke 05_physical_samples.csv.
BLOCKER,SampleCandidate,Sheet1,60,sample_sheet1_r0060,SAMPLE_MATERIAL_UNRESOLVED,Material belum tersedia dengan kunci Vendor + Brand + SKU; SKU sample tidak tersedia di sumber,Isi Vendor + Brand + SKU setelah Material terkurasi; baru pindahkan row ke 05_physical_samples.csv.
BLOCKER,SampleCandidate,Sheet1,61,sample_sheet1_r0061,SAMPLE_MATERIAL_UNRESOLVED,Material belum tersedia dengan kunci Vendor + Brand + SKU; SKU sample tidak tersedia di sumber,Isi Vendor + Brand + SKU setelah Material terkurasi; baru pindahkan row ke 05_physical_samples.csv.
BLOCKER,SampleCandidate,Sheet1,62,sample_sheet1_r0062,SAMPLE_MATERIAL_UNRESOLVED,Material belum tersedia dengan kunci Vendor + Brand + SKU; SKU sample tidak tersedia di sumber,Isi Vendor + Brand + SKU setelah Material terkurasi; baru pindahkan row ke 05_physical_samples.csv.
BLOCKER,SampleCandidate,Sheet1,63,sample_sheet1_r0063,SAMPLE_MATERIAL_UNRESOLVED,Material belum tersedia dengan kunci Vendor + Brand + SKU; SKU sample tidak tersedia di sumber,Isi Vendor + Brand + SKU setelah Material terkurasi; baru pindahkan row ke 05_physical_samples.csv.
BLOCKER,SampleCandidate,Sheet1,64,sample_sheet1_r0064,SAMPLE_MATERIAL_UNRESOLVED,Material belum tersedia dengan kunci Vendor + Brand + SKU; SKU sample tidak tersedia di sumber,Isi Vendor + Brand + SKU setelah Material terkurasi; baru pindahkan row ke 05_physical_samples.csv.
BLOCKER,SampleCandidate,Sheet1,65,sample_sheet1_r0065,SAMPLE_MATERIAL_UNRESOLVED,Material belum tersedia dengan kunci Vendor + Brand + SKU; SKU sample tidak tersedia di sumber,Isi Vendor + Brand + SKU setelah Material terkurasi; baru pindahkan row ke 05_physical_samples.csv.
BLOCKER,SampleCandidate,Sheet1,66,sample_sheet1_r0066,SAMPLE_MATERIAL_UNRESOLVED,Material belum tersedia dengan kunci Vendor + Brand + SKU; SKU sample tidak tersedia di sumber,Isi Vendor + Brand + SKU setelah Material terkurasi; baru pindahkan row ke 05_physical_samples.csv.
BLOCKER,SampleCandidate,Sheet1,67,sample_sheet1_r0067,SAMPLE_MATERIAL_UNRESOLVED,Material belum tersedia dengan kunci Vendor + Brand + SKU; SKU sample tidak tersedia di sumber,Isi Vendor + Brand + SKU setelah Material terkurasi; baru pindahkan row ke 05_physical_samples.csv.
BLOCKER,SampleCandidate,Sheet1,68,sample_sheet1_r0068,SAMPLE_MATERIAL_UNRESOLVED,Material belum tersedia dengan kunci Vendor + Brand + SKU; SKU sample tidak tersedia di sumber,Isi Vendor + Brand + SKU setelah Material terkurasi; baru pindahkan row ke 05_physical_samples.csv.
BLOCKER,SampleCandidate,Sheet1,69,sample_sheet1_r0069,SAMPLE_MATERIAL_UNRESOLVED,Material belum tersedia dengan kunci Vendor + Brand + SKU; SKU sample tidak tersedia di sumber,Isi Vendor + Brand + SKU setelah Material terkurasi; baru pindahkan row ke 05_physical_samples.csv.
BLOCKER,SampleCandidate,Sheet1,70,sample_sheet1_r0070,SAMPLE_MATERIAL_UNRESOLVED,Material belum tersedia dengan kunci Vendor + Brand + SKU; SKU sample tidak tersedia di sumber; Vendor belum match tepat,Isi Vendor + Brand + SKU setelah Material terkurasi; baru pindahkan row ke 05_physical_samples.csv.
BLOCKER,SampleCandidate,Sheet1,71,sample_sheet1_r0071,SAMPLE_MATERIAL_UNRESOLVED,Material belum tersedia dengan kunci Vendor + Brand + SKU; SKU sample tidak tersedia di sumber; Vendor belum match tepat,Isi Vendor + Brand + SKU setelah Material terkurasi; baru pindahkan row ke 05_physical_samples.csv.
BLOCKER,SampleCandidate,Sheet1,72,sample_sheet1_r0072,SAMPLE_MATERIAL_UNRESOLVED,Material belum tersedia dengan kunci Vendor + Brand + SKU; SKU sample tidak tersedia di sumber; Vendor belum match tepat,Isi Vendor + Brand + SKU setelah Material terkurasi; baru pindahkan row ke 05_physical_samples.csv.
BLOCKER,SampleCandidate,Sheet1,73,sample_sheet1_r0073,SAMPLE_MATERIAL_UNRESOLVED,Material belum tersedia dengan kunci Vendor + Brand + SKU; SKU sample tidak tersedia di sumber; Vendor belum match tepat,Isi Vendor + Brand + SKU setelah Material terkurasi; baru pindahkan row ke 05_physical_samples.csv.
BLOCKER,SampleCandidate,Sheet1,74,sample_sheet1_r0074,SAMPLE_MATERIAL_UNRESOLVED,Material belum tersedia dengan kunci Vendor + Brand + SKU; SKU sample tidak tersedia di sumber; Vendor belum match tepat,Isi Vendor + Brand + SKU setelah Material terkurasi; baru pindahkan row ke 05_physical_samples.csv.
BLOCKER,SampleCandidate,Sheet1,75,sample_sheet1_r0075,SAMPLE_MATERIAL_UNRESOLVED,Material belum tersedia dengan kunci Vendor + Brand + SKU; SKU sample tidak tersedia di sumber; Vendor belum match tepat,Isi Vendor + Brand + SKU setelah Material terkurasi; baru pindahkan row ke 05_physical_samples.csv.
BLOCKER,SampleCandidate,Sheet1,76,sample_sheet1_r0076,SAMPLE_MATERIAL_UNRESOLVED,Material belum tersedia dengan kunci Vendor + Brand + SKU; SKU sample tidak tersedia di sumber; Vendor belum match tepat,Isi Vendor + Brand + SKU setelah Material terkurasi; baru pindahkan row ke 05_physical_samples.csv.
BLOCKER,SampleCandidate,Sheet1,77,sample_sheet1_r0077,SAMPLE_MATERIAL_UNRESOLVED,Material belum tersedia dengan kunci Vendor + Brand + SKU; SKU sample tidak tersedia di sumber; Vendor belum match tepat,Isi Vendor + Brand + SKU setelah Material terkurasi; baru pindahkan row ke 05_physical_samples.csv.
BLOCKER,SampleCandidate,Sheet1,78,sample_sheet1_r0078,SAMPLE_MATERIAL_UNRESOLVED,Material belum tersedia dengan kunci Vendor + Brand + SKU; SKU sample tidak tersedia di sumber; Vendor belum match tepat,Isi Vendor + Brand + SKU setelah Material terkurasi; baru pindahkan row ke 05_physical_samples.csv.
BLOCKER,SampleCandidate,Sheet1,79,sample_sheet1_r0079,SAMPLE_MATERIAL_UNRESOLVED,Material belum tersedia dengan kunci Vendor + Brand + SKU; SKU sample tidak tersedia di sumber; Vendor belum match tepat,Isi Vendor + Brand + SKU setelah Material terkurasi; baru pindahkan row ke 05_physical_samples.csv.
BLOCKER,SampleCandidate,Sheet1,80,sample_sheet1_r0080,SAMPLE_MATERIAL_UNRESOLVED,Material belum tersedia dengan kunci Vendor + Brand + SKU; SKU sample tidak tersedia di sumber; Vendor belum match tepat,Isi Vendor + Brand + SKU setelah Material terkurasi; baru pindahkan row ke 05_physical_samples.csv.
BLOCKER,SampleCandidate,Sheet1,81,sample_sheet1_r0081,SAMPLE_MATERIAL_UNRESOLVED,Material belum tersedia dengan kunci Vendor + Brand + SKU; SKU sample tidak tersedia di sumber; Vendor belum match tepat,Isi Vendor + Brand + SKU setelah Material terkurasi; baru pindahkan row ke 05_physical_samples.csv.
BLOCKER,SampleCandidate,Sheet1,82,sample_sheet1_r0082,SAMPLE_MATERIAL_UNRESOLVED,Material belum tersedia dengan kunci Vendor + Brand + SKU; SKU sample tidak tersedia di sumber; Vendor belum match tepat,Isi Vendor + Brand + SKU setelah Material terkurasi; baru pindahkan row ke 05_physical_samples.csv.
BLOCKER,SampleCandidate,Sheet1,83,sample_sheet1_r0083,SAMPLE_MATERIAL_UNRESOLVED,Material belum tersedia dengan kunci Vendor + Brand + SKU; SKU sample tidak tersedia di sumber; Vendor belum match tepat,Isi Vendor + Brand + SKU setelah Material terkurasi; baru pindahkan row ke 05_physical_samples.csv.
BLOCKER,SampleCandidate,Sheet1,84,sample_sheet1_r0084,SAMPLE_MATERIAL_UNRESOLVED,Material belum tersedia dengan kunci Vendor + Brand + SKU; SKU sample tidak tersedia di sumber; Vendor belum match tepat,Isi Vendor + Brand + SKU setelah Material terkurasi; baru pindahkan row ke 05_physical_samples.csv.
BLOCKER,SampleCandidate,Sheet1,85,sample_sheet1_r0085,SAMPLE_MATERIAL_UNRESOLVED,Material belum tersedia dengan kunci Vendor + Brand + SKU; SKU sample tidak tersedia di sumber; Vendor belum match tepat,Isi Vendor + Brand + SKU setelah Material terkurasi; baru pindahkan row ke 05_physical_samples.csv.
BLOCKER,SampleCandidate,Sheet1,86,sample_sheet1_r0086,SAMPLE_MATERIAL_UNRESOLVED,Material belum tersedia dengan kunci Vendor + Brand + SKU; SKU sample tidak tersedia di sumber; Vendor belum match tepat,Isi Vendor + Brand + SKU setelah Material terkurasi; baru pindahkan row ke 05_physical_samples.csv.
BLOCKER,SampleCandidate,Sheet1,87,sample_sheet1_r0087,SAMPLE_MATERIAL_UNRESOLVED,Material belum tersedia dengan kunci Vendor + Brand + SKU; SKU sample tidak tersedia di sumber; Vendor belum match tepat,Isi Vendor + Brand + SKU setelah Material terkurasi; baru pindahkan row ke 05_physical_samples.csv.
BLOCKER,SampleCandidate,Sheet1,88,sample_sheet1_r0088,SAMPLE_MATERIAL_UNRESOLVED,Material belum tersedia dengan kunci Vendor + Brand + SKU; SKU sample tidak tersedia di sumber,Isi Vendor + Brand + SKU setelah Material terkurasi; baru pindahkan row ke 05_physical_samples.csv.
BLOCKER,SampleCandidate,Sheet1,89,sample_sheet1_r0089,SAMPLE_MATERIAL_UNRESOLVED,Material belum tersedia dengan kunci Vendor + Brand + SKU; SKU sample tidak tersedia di sumber,Isi Vendor + Brand + SKU setelah Material terkurasi; baru pindahkan row ke 05_physical_samples.csv.
BLOCKER,SampleCandidate,Sheet1,90,sample_sheet1_r0090,SAMPLE_MATERIAL_UNRESOLVED,Material belum tersedia dengan kunci Vendor + Brand + SKU; SKU sample tidak tersedia di sumber,Isi Vendor + Brand + SKU setelah Material terkurasi; baru pindahkan row ke 05_physical_samples.csv.
BLOCKER,SampleCandidate,Sheet1,91,sample_sheet1_r0091,SAMPLE_MATERIAL_UNRESOLVED,Material belum tersedia dengan kunci Vendor + Brand + SKU; SKU sample tidak tersedia di sumber,Isi Vendor + Brand + SKU setelah Material terkurasi; baru pindahkan row ke 05_physical_samples.csv.
BLOCKER,SampleCandidate,Sheet1,92,sample_sheet1_r0092,SAMPLE_MATERIAL_UNRESOLVED,Material belum tersedia dengan kunci Vendor + Brand + SKU; SKU sample tidak tersedia di sumber,Isi Vendor + Brand + SKU setelah Material terkurasi; baru pindahkan row ke 05_physical_samples.csv.
BLOCKER,SampleCandidate,Sheet1,93,sample_sheet1_r0093,SAMPLE_MATERIAL_UNRESOLVED,Material belum tersedia dengan kunci Vendor + Brand + SKU; SKU sample tidak tersedia di sumber,Isi Vendor + Brand + SKU setelah Material terkurasi; baru pindahkan row ke 05_physical_samples.csv.
BLOCKER,SampleCandidate,Sheet1,94,sample_sheet1_r0094,SAMPLE_MATERIAL_UNRESOLVED,Material belum tersedia dengan kunci Vendor + Brand + SKU; SKU sample tidak tersedia di sumber,Isi Vendor + Brand + SKU setelah Material terkurasi; baru pindahkan row ke 05_physical_samples.csv.
BLOCKER,SampleCandidate,Sheet1,95,sample_sheet1_r0095,SAMPLE_MATERIAL_UNRESOLVED,Material belum tersedia dengan kunci Vendor + Brand + SKU; SKU sample tidak tersedia di sumber,Isi Vendor + Brand + SKU setelah Material terkurasi; baru pindahkan row ke 05_physical_samples.csv.
BLOCKER,SampleCandidate,Sheet1,96,sample_sheet1_r0096,SAMPLE_MATERIAL_UNRESOLVED,Material belum tersedia dengan kunci Vendor + Brand + SKU; SKU sample tidak tersedia di sumber,Isi Vendor + Brand + SKU setelah Material terkurasi; baru pindahkan row ke 05_physical_samples.csv.
BLOCKER,SampleCandidate,Sheet1,97,sample_sheet1_r0097,SAMPLE_MATERIAL_UNRESOLVED,Material belum tersedia dengan kunci Vendor + Brand + SKU; SKU sample tidak tersedia di sumber,Isi Vendor + Brand + SKU setelah Material terkurasi; baru pindahkan row ke 05_physical_samples.csv.
BLOCKER,SampleCandidate,Sheet1,98,sample_sheet1_r0098,SAMPLE_MATERIAL_UNRESOLVED,Material belum tersedia dengan kunci Vendor + Brand + SKU; SKU sample tidak tersedia di sumber,Isi Vendor + Brand + SKU setelah Material terkurasi; baru pindahkan row ke 05_physical_samples.csv.
BLOCKER,SampleCandidate,Sheet1,99,sample_sheet1_r0099,SAMPLE_MATERIAL_UNRESOLVED,Material belum tersedia dengan kunci Vendor + Brand + SKU; SKU sample tidak tersedia di sumber,Isi Vendor + Brand + SKU setelah Material terkurasi; baru pindahkan row ke 05_physical_samples.csv.
BLOCKER,SampleCandidate,Sheet1,100,sample_sheet1_r0100,SAMPLE_MATERIAL_UNRESOLVED,Material belum tersedia dengan kunci Vendor + Brand + SKU; SKU sample tidak tersedia di sumber; Vendor belum match tepat,Isi Vendor + Brand + SKU setelah Material terkurasi; baru pindahkan row ke 05_physical_samples.csv.
BLOCKER,SampleCandidate,Sheet1,101,sample_sheet1_r0101,SAMPLE_MATERIAL_UNRESOLVED,Material belum tersedia dengan kunci Vendor + Brand + SKU; SKU sample tidak tersedia di sumber,Isi Vendor + Brand + SKU setelah Material terkurasi; baru pindahkan row ke 05_physical_samples.csv.
BLOCKER,SampleCandidate,Sheet1,102,sample_sheet1_r0102,SAMPLE_MATERIAL_UNRESOLVED,Material belum tersedia dengan kunci Vendor + Brand + SKU; SKU sample tidak tersedia di sumber,Isi Vendor + Brand + SKU setelah Material terkurasi; baru pindahkan row ke 05_physical_samples.csv.
BLOCKER,SampleCandidate,Sheet1,103,sample_sheet1_r0103,SAMPLE_MATERIAL_UNRESOLVED,Material belum tersedia dengan kunci Vendor + Brand + SKU; SKU sample tidak tersedia di sumber,Isi Vendor + Brand + SKU setelah Material terkurasi; baru pindahkan row ke 05_physical_samples.csv.
BLOCKER,SampleCandidate,Sheet1,104,sample_sheet1_r0104,SAMPLE_MATERIAL_UNRESOLVED,Material belum tersedia dengan kunci Vendor + Brand + SKU; SKU sample tidak tersedia di sumber,Isi Vendor + Brand + SKU setelah Material terkurasi; baru pindahkan row ke 05_physical_samples.csv.
BLOCKER,SampleCandidate,Sheet1,105,sample_sheet1_r0105,SAMPLE_MATERIAL_UNRESOLVED,Material belum tersedia dengan kunci Vendor + Brand + SKU; SKU sample tidak tersedia di sumber,Isi Vendor + Brand + SKU setelah Material terkurasi; baru pindahkan row ke 05_physical_samples.csv.
BLOCKER,SampleCandidate,Sheet1,106,sample_sheet1_r0106,SAMPLE_MATERIAL_UNRESOLVED,Material belum tersedia dengan kunci Vendor + Brand + SKU; SKU sample tidak tersedia di sumber,Isi Vendor + Brand + SKU setelah Material terkurasi; baru pindahkan row ke 05_physical_samples.csv.
BLOCKER,SampleCandidate,Sheet1,107,sample_sheet1_r0107,SAMPLE_MATERIAL_UNRESOLVED,Material belum tersedia dengan kunci Vendor + Brand + SKU; SKU sample tidak tersedia di sumber,Isi Vendor + Brand + SKU setelah Material terkurasi; baru pindahkan row ke 05_physical_samples.csv.
BLOCKER,SampleCandidate,Sheet1,108,sample_sheet1_r0108,SAMPLE_MATERIAL_UNRESOLVED,Material belum tersedia dengan kunci Vendor + Brand + SKU; SKU sample tidak tersedia di sumber,Isi Vendor + Brand + SKU setelah Material terkurasi; baru pindahkan row ke 05_physical_samples.csv.
BLOCKER,SampleCandidate,Sheet1,109,sample_sheet1_r0109,SAMPLE_MATERIAL_UNRESOLVED,Material belum tersedia dengan kunci Vendor + Brand + SKU; SKU sample tidak tersedia di sumber,Isi Vendor + Brand + SKU setelah Material terkurasi; baru pindahkan row ke 05_physical_samples.csv.
BLOCKER,SampleCandidate,Sheet1,110,sample_sheet1_r0110,SAMPLE_MATERIAL_UNRESOLVED,Material belum tersedia dengan kunci Vendor + Brand + SKU; SKU sample tidak tersedia di sumber,Isi Vendor + Brand + SKU setelah Material terkurasi; baru pindahkan row ke 05_physical_samples.csv.
BLOCKER,SampleCandidate,Sheet1,111,sample_sheet1_r0111,SAMPLE_MATERIAL_UNRESOLVED,Material belum tersedia dengan kunci Vendor + Brand + SKU; SKU sample tidak tersedia di sumber,Isi Vendor + Brand + SKU setelah Material terkurasi; baru pindahkan row ke 05_physical_samples.csv.
BLOCKER,SampleCandidate,Sheet1,112,sample_sheet1_r0112,SAMPLE_MATERIAL_UNRESOLVED,Material belum tersedia dengan kunci Vendor + Brand + SKU; SKU sample tidak tersedia di sumber,Isi Vendor + Brand + SKU setelah Material terkurasi; baru pindahkan row ke 05_physical_samples.csv.
BLOCKER,SampleCandidate,Sheet1,113,sample_sheet1_r0113,SAMPLE_MATERIAL_UNRESOLVED,Material belum tersedia dengan kunci Vendor + Brand + SKU; SKU sample tidak tersedia di sumber,Isi Vendor + Brand + SKU setelah Material terkurasi; baru pindahkan row ke 05_physical_samples.csv.
BLOCKER,SampleCandidate,Sheet1,114,sample_sheet1_r0114,SAMPLE_MATERIAL_UNRESOLVED,Material belum tersedia dengan kunci Vendor + Brand + SKU; SKU sample tidak tersedia di sumber,Isi Vendor + Brand + SKU setelah Material terkurasi; baru pindahkan row ke 05_physical_samples.csv.
BLOCKER,SampleCandidate,Sheet1,115,sample_sheet1_r0115,SAMPLE_MATERIAL_UNRESOLVED,Material belum tersedia dengan kunci Vendor + Brand + SKU; SKU sample tidak tersedia di sumber,Isi Vendor + Brand + SKU setelah Material terkurasi; baru pindahkan row ke 05_physical_samples.csv.
BLOCKER,SampleCandidate,Sheet1,116,sample_sheet1_r0116,SAMPLE_MATERIAL_UNRESOLVED,Material belum tersedia dengan kunci Vendor + Brand + SKU; SKU sample tidak tersedia di sumber,Isi Vendor + Brand + SKU setelah Material terkurasi; baru pindahkan row ke 05_physical_samples.csv.
BLOCKER,SampleCandidate,Sheet1,117,sample_sheet1_r0117,SAMPLE_MATERIAL_UNRESOLVED,Material belum tersedia dengan kunci Vendor + Brand + SKU; SKU sample tidak tersedia di sumber,Isi Vendor + Brand + SKU setelah Material terkurasi; baru pindahkan row ke 05_physical_samples.csv.
BLOCKER,SampleCandidate,Sheet1,118,sample_sheet1_r0118,SAMPLE_MATERIAL_UNRESOLVED,Material belum tersedia dengan kunci Vendor + Brand + SKU; SKU sample tidak tersedia di sumber,Isi Vendor + Brand + SKU setelah Material terkurasi; baru pindahkan row ke 05_physical_samples.csv.
BLOCKER,SampleCandidate,Sheet1,119,sample_sheet1_r0119,SAMPLE_MATERIAL_UNRESOLVED,Material belum tersedia dengan kunci Vendor + Brand + SKU; SKU sample tidak tersedia di sumber,Isi Vendor + Brand + SKU setelah Material terkurasi; baru pindahkan row ke 05_physical_samples.csv.
BLOCKER,SampleCandidate,Sheet1,120,sample_sheet1_r0120,SAMPLE_MATERIAL_UNRESOLVED,Material belum tersedia dengan kunci Vendor + Brand + SKU; SKU sample tidak tersedia di sumber,Isi Vendor + Brand + SKU setelah Material terkurasi; baru pindahkan row ke 05_physical_samples.csv.
BLOCKER,SampleCandidate,Sheet1,121,sample_sheet1_r0121,SAMPLE_MATERIAL_UNRESOLVED,Material belum tersedia dengan kunci Vendor + Brand + SKU; SKU sample tidak tersedia di sumber,Isi Vendor + Brand + SKU setelah Material terkurasi; baru pindahkan row ke 05_physical_samples.csv.
BLOCKER,SampleCandidate,Sheet1,122,sample_sheet1_r0122,SAMPLE_MATERIAL_UNRESOLVED,Material belum tersedia dengan kunci Vendor + Brand + SKU; SKU sample tidak tersedia di sumber,Isi Vendor + Brand + SKU setelah Material terkurasi; baru pindahkan row ke 05_physical_samples.csv.
BLOCKER,SampleCandidate,Sheet1,123,sample_sheet1_r0123,SAMPLE_MATERIAL_UNRESOLVED,Material belum tersedia dengan kunci Vendor + Brand + SKU; SKU sample tidak tersedia di sumber,Isi Vendor + Brand + SKU setelah Material terkurasi; baru pindahkan row ke 05_physical_samples.csv.
BLOCKER,SampleCandidate,Sheet1,124,sample_sheet1_r0124,SAMPLE_MATERIAL_UNRESOLVED,Material belum tersedia dengan kunci Vendor + Brand + SKU; SKU sample tidak tersedia di sumber,Isi Vendor + Brand + SKU setelah Material terkurasi; baru pindahkan row ke 05_physical_samples.csv.
BLOCKER,SampleCandidate,Sheet1,125,sample_sheet1_r0125,SAMPLE_MATERIAL_UNRESOLVED,Material belum tersedia dengan kunci Vendor + Brand + SKU; SKU sample tidak tersedia di sumber,Isi Vendor + Brand + SKU setelah Material terkurasi; baru pindahkan row ke 05_physical_samples.csv.
BLOCKER,SampleCandidate,Sheet1,126,sample_sheet1_r0126,SAMPLE_MATERIAL_UNRESOLVED,Material belum tersedia dengan kunci Vendor + Brand + SKU; SKU sample tidak tersedia di sumber,Isi Vendor + Brand + SKU setelah Material terkurasi; baru pindahkan row ke 05_physical_samples.csv.
BLOCKER,SampleCandidate,Sheet1,127,sample_sheet1_r0127,SAMPLE_MATERIAL_UNRESOLVED,Material belum tersedia dengan kunci Vendor + Brand + SKU; SKU sample tidak tersedia di sumber,Isi Vendor + Brand + SKU setelah Material terkurasi; baru pindahkan row ke 05_physical_samples.csv.
BLOCKER,SampleCandidate,Sheet1,128,sample_sheet1_r0128,SAMPLE_MATERIAL_UNRESOLVED,Material belum tersedia dengan kunci Vendor + Brand + SKU; SKU sample tidak tersedia di sumber,Isi Vendor + Brand + SKU setelah Material terkurasi; baru pindahkan row ke 05_physical_samples.csv.
BLOCKER,SampleCandidate,Sheet1,129,sample_sheet1_r0129,SAMPLE_MATERIAL_UNRESOLVED,Material belum tersedia dengan kunci Vendor + Brand + SKU; SKU sample tidak tersedia di sumber,Isi Vendor + Brand + SKU setelah Material terkurasi; baru pindahkan row ke 05_physical_samples.csv.
BLOCKER,SampleCandidate,Sheet1,130,sample_sheet1_r0130,SAMPLE_MATERIAL_UNRESOLVED,Material belum tersedia dengan kunci Vendor + Brand + SKU; SKU sample tidak tersedia di sumber,Isi Vendor + Brand + SKU setelah Material terkurasi; baru pindahkan row ke 05_physical_samples.csv.
BLOCKER,SampleCandidate,Sheet1,131,sample_sheet1_r0131,SAMPLE_MATERIAL_UNRESOLVED,Material belum tersedia dengan kunci Vendor + Brand + SKU; SKU sample tidak tersedia di sumber,Isi Vendor + Brand + SKU setelah Material terkurasi; baru pindahkan row ke 05_physical_samples.csv.
BLOCKER,SampleCandidate,Sheet1,132,sample_sheet1_r0132,SAMPLE_MATERIAL_UNRESOLVED,Material belum tersedia dengan kunci Vendor + Brand + SKU; SKU sample tidak tersedia di sumber,Isi Vendor + Brand + SKU setelah Material terkurasi; baru pindahkan row ke 05_physical_samples.csv.
BLOCKER,SampleCandidate,Sheet1,133,sample_sheet1_r0133,SAMPLE_MATERIAL_UNRESOLVED,Material belum tersedia dengan kunci Vendor + Brand + SKU; SKU sample tidak tersedia di sumber,Isi Vendor + Brand + SKU setelah Material terkurasi; baru pindahkan row ke 05_physical_samples.csv.
BLOCKER,SampleCandidate,Sheet1,134,sample_sheet1_r0134,SAMPLE_MATERIAL_UNRESOLVED,Material belum tersedia dengan kunci Vendor + Brand + SKU; SKU sample tidak tersedia di sumber,Isi Vendor + Brand + SKU setelah Material terkurasi; baru pindahkan row ke 05_physical_samples.csv.
BLOCKER,SampleCandidate,Sheet1,135,sample_sheet1_r0135,SAMPLE_MATERIAL_UNRESOLVED,Material belum tersedia dengan kunci Vendor + Brand + SKU; SKU sample tidak tersedia di sumber,Isi Vendor + Brand + SKU setelah Material terkurasi; baru pindahkan row ke 05_physical_samples.csv.
BLOCKER,SampleCandidate,Sheet1,136,sample_sheet1_r0136,SAMPLE_MATERIAL_UNRESOLVED,Material belum tersedia dengan kunci Vendor + Brand + SKU; SKU sample tidak tersedia di sumber; Vendor belum match tepat,Isi Vendor + Brand + SKU setelah Material terkurasi; baru pindahkan row ke 05_physical_samples.csv.
BLOCKER,SampleCandidate,Sheet1,137,sample_sheet1_r0137,SAMPLE_MATERIAL_UNRESOLVED,Material belum tersedia dengan kunci Vendor + Brand + SKU; SKU sample tidak tersedia di sumber,Isi Vendor + Brand + SKU setelah Material terkurasi; baru pindahkan row ke 05_physical_samples.csv.
BLOCKER,SampleCandidate,Sheet1,138,sample_sheet1_r0138,SAMPLE_MATERIAL_UNRESOLVED,Material belum tersedia dengan kunci Vendor + Brand + SKU; SKU sample tidak tersedia di sumber; Vendor belum match tepat,Isi Vendor + Brand + SKU setelah Material terkurasi; baru pindahkan row ke 05_physical_samples.csv.
BLOCKER,SampleCandidate,Sheet1,139,sample_sheet1_r0139,SAMPLE_MATERIAL_UNRESOLVED,Material belum tersedia dengan kunci Vendor + Brand + SKU; SKU sample tidak tersedia di sumber; Vendor belum match tepat,Isi Vendor + Brand + SKU setelah Material terkurasi; baru pindahkan row ke 05_physical_samples.csv.
BLOCKER,SampleCandidate,Sheet1,140,sample_sheet1_r0140,SAMPLE_MATERIAL_UNRESOLVED,Material belum tersedia dengan kunci Vendor + Brand + SKU; SKU sample tidak tersedia di sumber; Vendor belum match tepat,Isi Vendor + Brand + SKU setelah Material terkurasi; baru pindahkan row ke 05_physical_samples.csv.
BLOCKER,SampleCandidate,Sheet1,141,sample_sheet1_r0141,SAMPLE_MATERIAL_UNRESOLVED,Material belum tersedia dengan kunci Vendor + Brand + SKU; SKU sample tidak tersedia di sumber; Vendor belum match tepat,Isi Vendor + Brand + SKU setelah Material terkurasi; baru pindahkan row ke 05_physical_samples.csv.
BLOCKER,SampleCandidate,Sheet1,142,sample_sheet1_r0142,SAMPLE_MATERIAL_UNRESOLVED,Material belum tersedia dengan kunci Vendor + Brand + SKU; SKU sample tidak tersedia di sumber; Vendor belum match tepat,Isi Vendor + Brand + SKU setelah Material terkurasi; baru pindahkan row ke 05_physical_samples.csv.
BLOCKER,SampleCandidate,Sheet1,143,sample_sheet1_r0143,SAMPLE_MATERIAL_UNRESOLVED,Material belum tersedia dengan kunci Vendor + Brand + SKU; SKU sample tidak tersedia di sumber; Vendor belum match tepat,Isi Vendor + Brand + SKU setelah Material terkurasi; baru pindahkan row ke 05_physical_samples.csv.
BLOCKER,SampleCandidate,Sheet1,144,sample_sheet1_r0144,SAMPLE_MATERIAL_UNRESOLVED,Material belum tersedia dengan kunci Vendor + Brand + SKU; SKU sample tidak tersedia di sumber; Vendor belum match tepat,Isi Vendor + Brand + SKU setelah Material terkurasi; baru pindahkan row ke 05_physical_samples.csv.
BLOCKER,SampleCandidate,Sheet1,145,sample_sheet1_r0145,SAMPLE_MATERIAL_UNRESOLVED,Material belum tersedia dengan kunci Vendor + Brand + SKU; SKU sample tidak tersedia di sumber; Vendor belum match tepat,Isi Vendor + Brand + SKU setelah Material terkurasi; baru pindahkan row ke 05_physical_samples.csv.
BLOCKER,SampleCandidate,Sheet1,146,sample_sheet1_r0146,SAMPLE_MATERIAL_UNRESOLVED,Material belum tersedia dengan kunci Vendor + Brand + SKU; SKU sample tidak tersedia di sumber; Vendor belum match tepat,Isi Vendor + Brand + SKU setelah Material terkurasi; baru pindahkan row ke 05_physical_samples.csv.
BLOCKER,SampleCandidate,Sheet1,147,sample_sheet1_r0147,SAMPLE_MATERIAL_UNRESOLVED,Material belum tersedia dengan kunci Vendor + Brand + SKU; SKU sample tidak tersedia di sumber; Vendor belum match tepat,Isi Vendor + Brand + SKU setelah Material terkurasi; baru pindahkan row ke 05_physical_samples.csv.
BLOCKER,SampleCandidate,Sheet1,148,sample_sheet1_r0148,SAMPLE_MATERIAL_UNRESOLVED,Material belum tersedia dengan kunci Vendor + Brand + SKU; SKU sample tidak tersedia di sumber,Isi Vendor + Brand + SKU setelah Material terkurasi; baru pindahkan row ke 05_physical_samples.csv.
BLOCKER,SampleCandidate,Sheet1,149,sample_sheet1_r0149,SAMPLE_MATERIAL_UNRESOLVED,Material belum tersedia dengan kunci Vendor + Brand + SKU; SKU sample tidak tersedia di sumber,Isi Vendor + Brand + SKU setelah Material terkurasi; baru pindahkan row ke 05_physical_samples.csv.
BLOCKER,SampleCandidate,Sheet1,150,sample_sheet1_r0150,SAMPLE_MATERIAL_UNRESOLVED,Material belum tersedia dengan kunci Vendor + Brand + SKU; SKU sample tidak tersedia di sumber,Isi Vendor + Brand + SKU setelah Material terkurasi; baru pindahkan row ke 05_physical_samples.csv.
BLOCKER,SampleCandidate,Sheet1,151,sample_sheet1_r0151,SAMPLE_MATERIAL_UNRESOLVED,Material belum tersedia dengan kunci Vendor + Brand + SKU; SKU sample tidak tersedia di sumber,Isi Vendor + Brand + SKU setelah Material terkurasi; baru pindahkan row ke 05_physical_samples.csv.
BLOCKER,SampleCandidate,Sheet1,152,sample_sheet1_r0152,SAMPLE_MATERIAL_UNRESOLVED,Material belum tersedia dengan kunci Vendor + Brand + SKU; SKU sample tidak tersedia di sumber,Isi Vendor + Brand + SKU setelah Material terkurasi; baru pindahkan row ke 05_physical_samples.csv.
BLOCKER,SampleCandidate,Sheet1,153,sample_sheet1_r0153,SAMPLE_MATERIAL_UNRESOLVED,Material belum tersedia dengan kunci Vendor + Brand + SKU; SKU sample tidak tersedia di sumber,Isi Vendor + Brand + SKU setelah Material terkurasi; baru pindahkan row ke 05_physical_samples.csv.
BLOCKER,SampleCandidate,Sheet1,154,sample_sheet1_r0154,SAMPLE_MATERIAL_UNRESOLVED,Material belum tersedia dengan kunci Vendor + Brand + SKU; SKU sample tidak tersedia di sumber,Isi Vendor + Brand + SKU setelah Material terkurasi; baru pindahkan row ke 05_physical_samples.csv.
BLOCKER,SampleCandidate,Sheet1,155,sample_sheet1_r0155,SAMPLE_MATERIAL_UNRESOLVED,Material belum tersedia dengan kunci Vendor + Brand + SKU; SKU sample tidak tersedia di sumber; Vendor belum match tepat,Isi Vendor + Brand + SKU setelah Material terkurasi; baru pindahkan row ke 05_physical_samples.csv.
BLOCKER,SampleCandidate,Sheet1,156,sample_sheet1_r0156,SAMPLE_MATERIAL_UNRESOLVED,Material belum tersedia dengan kunci Vendor + Brand + SKU; SKU sample tidak tersedia di sumber; Vendor belum match tepat,Isi Vendor + Brand + SKU setelah Material terkurasi; baru pindahkan row ke 05_physical_samples.csv.
BLOCKER,SampleCandidate,Sheet1,157,sample_sheet1_r0157,SAMPLE_MATERIAL_UNRESOLVED,Material belum tersedia dengan kunci Vendor + Brand + SKU; SKU sample tidak tersedia di sumber; Vendor belum match tepat,Isi Vendor + Brand + SKU setelah Material terkurasi; baru pindahkan row ke 05_physical_samples.csv.
BLOCKER,SampleCandidate,Sheet1,158,sample_sheet1_r0158,SAMPLE_MATERIAL_UNRESOLVED,Material belum tersedia dengan kunci Vendor + Brand + SKU; SKU sample tidak tersedia di sumber; Vendor belum match tepat,Isi Vendor + Brand + SKU setelah Material terkurasi; baru pindahkan row ke 05_physical_samples.csv.
BLOCKER,SampleCandidate,Sheet1,159,sample_sheet1_r0159,SAMPLE_MATERIAL_UNRESOLVED,Material belum tersedia dengan kunci Vendor + Brand + SKU; SKU sample tidak tersedia di sumber; Vendor belum match tepat,Isi Vendor + Brand + SKU setelah Material terkurasi; baru pindahkan row ke 05_physical_samples.csv.
BLOCKER,SampleCandidate,Sheet1,160,sample_sheet1_r0160,SAMPLE_MATERIAL_UNRESOLVED,Material belum tersedia dengan kunci Vendor + Brand + SKU; SKU sample tidak tersedia di sumber,Isi Vendor + Brand + SKU setelah Material terkurasi; baru pindahkan row ke 05_physical_samples.csv.
BLOCKER,SampleCandidate,Sheet1,161,sample_sheet1_r0161,SAMPLE_MATERIAL_UNRESOLVED,Material belum tersedia dengan kunci Vendor + Brand + SKU; SKU sample tidak tersedia di sumber; Vendor belum match tepat,Isi Vendor + Brand + SKU setelah Material terkurasi; baru pindahkan row ke 05_physical_samples.csv.
BLOCKER,SampleCandidate,Sheet1,162,sample_sheet1_r0162,SAMPLE_MATERIAL_UNRESOLVED,Material belum tersedia dengan kunci Vendor + Brand + SKU; SKU sample tidak tersedia di sumber,Isi Vendor + Brand + SKU setelah Material terkurasi; baru pindahkan row ke 05_physical_samples.csv.
BLOCKER,SampleCandidate,Sheet1,163,sample_sheet1_r0163,SAMPLE_MATERIAL_UNRESOLVED,Material belum tersedia dengan kunci Vendor + Brand + SKU; SKU sample tidak tersedia di sumber,Isi Vendor + Brand + SKU setelah Material terkurasi; baru pindahkan row ke 05_physical_samples.csv.
BLOCKER,SampleCandidate,Sheet1,164,sample_sheet1_r0164,SAMPLE_MATERIAL_UNRESOLVED,Material belum tersedia dengan kunci Vendor + Brand + SKU; SKU sample tidak tersedia di sumber; Vendor belum match tepat,Isi Vendor + Brand + SKU setelah Material terkurasi; baru pindahkan row ke 05_physical_samples.csv.
BLOCKER,SampleCandidate,Sheet1,165,sample_sheet1_r0165,SAMPLE_MATERIAL_UNRESOLVED,Material belum tersedia dengan kunci Vendor + Brand + SKU; SKU sample tidak tersedia di sumber,Isi Vendor + Brand + SKU setelah Material terkurasi; baru pindahkan row ke 05_physical_samples.csv.
BLOCKER,SampleCandidate,Sheet1,166,sample_sheet1_r0166,SAMPLE_MATERIAL_UNRESOLVED,Material belum tersedia dengan kunci Vendor + Brand + SKU; SKU sample tidak tersedia di sumber,Isi Vendor + Brand + SKU setelah Material terkurasi; baru pindahkan row ke 05_physical_samples.csv.
BLOCKER,SampleCandidate,Sheet1,167,sample_sheet1_r0167,SAMPLE_MATERIAL_UNRESOLVED,Material belum tersedia dengan kunci Vendor + Brand + SKU; SKU sample tidak tersedia di sumber,Isi Vendor + Brand + SKU setelah Material terkurasi; baru pindahkan row ke 05_physical_samples.csv.
BLOCKER,SampleCandidate,Sheet1,168,sample_sheet1_r0168,SAMPLE_MATERIAL_UNRESOLVED,Material belum tersedia dengan kunci Vendor + Brand + SKU; SKU sample tidak tersedia di sumber,Isi Vendor + Brand + SKU setelah Material terkurasi; baru pindahkan row ke 05_physical_samples.csv.
BLOCKER,SampleCandidate,Sheet1,169,sample_sheet1_r0169,SAMPLE_MATERIAL_UNRESOLVED,Material belum tersedia dengan kunci Vendor + Brand + SKU; SKU sample tidak tersedia di sumber,Isi Vendor + Brand + SKU setelah Material terkurasi; baru pindahkan row ke 05_physical_samples.csv.
BLOCKER,SampleCandidate,Sheet1,170,sample_sheet1_r0170,SAMPLE_MATERIAL_UNRESOLVED,Material belum tersedia dengan kunci Vendor + Brand + SKU; SKU sample tidak tersedia di sumber; Vendor belum match tepat,Isi Vendor + Brand + SKU setelah Material terkurasi; baru pindahkan row ke 05_physical_samples.csv.
BLOCKER,SampleCandidate,Sheet1,171,sample_sheet1_r0171,SAMPLE_MATERIAL_UNRESOLVED,Material belum tersedia dengan kunci Vendor + Brand + SKU; SKU sample tidak tersedia di sumber; Vendor belum match tepat,Isi Vendor + Brand + SKU setelah Material terkurasi; baru pindahkan row ke 05_physical_samples.csv.
BLOCKER,SampleCandidate,Sheet1,172,sample_sheet1_r0172,SAMPLE_MATERIAL_UNRESOLVED,Material belum tersedia dengan kunci Vendor + Brand + SKU; SKU sample tidak tersedia di sumber; Vendor belum match tepat,Isi Vendor + Brand + SKU setelah Material terkurasi; baru pindahkan row ke 05_physical_samples.csv.
BLOCKER,SampleCandidate,Sheet1,173,sample_sheet1_r0173,SAMPLE_MATERIAL_UNRESOLVED,Material belum tersedia dengan kunci Vendor + Brand + SKU; SKU sample tidak tersedia di sumber; Vendor belum match tepat,Isi Vendor + Brand + SKU setelah Material terkurasi; baru pindahkan row ke 05_physical_samples.csv.
BLOCKER,SampleCandidate,Sheet1,174,sample_sheet1_r0174,SAMPLE_MATERIAL_UNRESOLVED,Material belum tersedia dengan kunci Vendor + Brand + SKU; SKU sample tidak tersedia di sumber; Vendor belum match tepat,Isi Vendor + Brand + SKU setelah Material terkurasi; baru pindahkan row ke 05_physical_samples.csv.
BLOCKER,SampleCandidate,Sheet1,175,sample_sheet1_r0175,SAMPLE_MATERIAL_UNRESOLVED,Material belum tersedia dengan kunci Vendor + Brand + SKU; SKU sample tidak tersedia di sumber,Isi Vendor + Brand + SKU setelah Material terkurasi; baru pindahkan row ke 05_physical_samples.csv.
BLOCKER,SampleCandidate,Sheet1,176,sample_sheet1_r0176,SAMPLE_MATERIAL_UNRESOLVED,Material belum tersedia dengan kunci Vendor + Brand + SKU; SKU sample tidak tersedia di sumber; Vendor belum match tepat,Isi Vendor + Brand + SKU setelah Material terkurasi; baru pindahkan row ke 05_physical_samples.csv.
BLOCKER,SampleCandidate,Sheet1,177,sample_sheet1_r0177,SAMPLE_MATERIAL_UNRESOLVED,Material belum tersedia dengan kunci Vendor + Brand + SKU; SKU sample tidak tersedia di sumber; Vendor belum match tepat,Isi Vendor + Brand + SKU setelah Material terkurasi; baru pindahkan row ke 05_physical_samples.csv.
BLOCKER,SampleCandidate,Sheet1,178,sample_sheet1_r0178,SAMPLE_MATERIAL_UNRESOLVED,Material belum tersedia dengan kunci Vendor + Brand + SKU; SKU sample tidak tersedia di sumber; Vendor belum match tepat,Isi Vendor + Brand + SKU setelah Material terkurasi; baru pindahkan row ke 05_physical_samples.csv.
BLOCKER,SampleCandidate,Sheet1,179,sample_sheet1_r0179,SAMPLE_MATERIAL_UNRESOLVED,Material belum tersedia dengan kunci Vendor + Brand + SKU; SKU sample tidak tersedia di sumber; Vendor belum match tepat,Isi Vendor + Brand + SKU setelah Material terkurasi; baru pindahkan row ke 05_physical_samples.csv.
BLOCKER,SampleCandidate,Sheet1,180,sample_sheet1_r0180,SAMPLE_MATERIAL_UNRESOLVED,Material belum tersedia dengan kunci Vendor + Brand + SKU; SKU sample tidak tersedia di sumber; Vendor belum match tepat,Isi Vendor + Brand + SKU setelah Material terkurasi; baru pindahkan row ke 05_physical_samples.csv.
BLOCKER,SampleCandidate,Sheet1,181,sample_sheet1_r0181,SAMPLE_MATERIAL_UNRESOLVED,Material belum tersedia dengan kunci Vendor + Brand + SKU; SKU sample tidak tersedia di sumber; Vendor belum match tepat,Isi Vendor + Brand + SKU setelah Material terkurasi; baru pindahkan row ke 05_physical_samples.csv.
BLOCKER,SampleCandidate,Sheet1,182,sample_sheet1_r0182,SAMPLE_MATERIAL_UNRESOLVED,Material belum tersedia dengan kunci Vendor + Brand + SKU; SKU sample tidak tersedia di sumber; Vendor belum match tepat,Isi Vendor + Brand + SKU setelah Material terkurasi; baru pindahkan row ke 05_physical_samples.csv.
BLOCKER,SampleCandidate,Sheet1,183,sample_sheet1_r0183,SAMPLE_MATERIAL_UNRESOLVED,Material belum tersedia dengan kunci Vendor + Brand + SKU; SKU sample tidak tersedia di sumber,Isi Vendor + Brand + SKU setelah Material terkurasi; baru pindahkan row ke 05_physical_samples.csv.
BLOCKER,SampleCandidate,Sheet1,184,sample_sheet1_r0184,SAMPLE_MATERIAL_UNRESOLVED,Material belum tersedia dengan kunci Vendor + Brand + SKU; SKU sample tidak tersedia di sumber,Isi Vendor + Brand + SKU setelah Material terkurasi; baru pindahkan row ke 05_physical_samples.csv.
BLOCKER,SampleCandidate,Sheet1,185,sample_sheet1_r0185,SAMPLE_MATERIAL_UNRESOLVED,Material belum tersedia dengan kunci Vendor + Brand + SKU; SKU sample tidak tersedia di sumber; Vendor belum match tepat,Isi Vendor + Brand + SKU setelah Material terkurasi; baru pindahkan row ke 05_physical_samples.csv.
BLOCKER,SampleCandidate,Sheet1,186,sample_sheet1_r0186,SAMPLE_MATERIAL_UNRESOLVED,Material belum tersedia dengan kunci Vendor + Brand + SKU; SKU sample tidak tersedia di sumber,Isi Vendor + Brand + SKU setelah Material terkurasi; baru pindahkan row ke 05_physical_samples.csv.
BLOCKER,SampleCandidate,Sheet1,187,sample_sheet1_r0187,SAMPLE_MATERIAL_UNRESOLVED,Material belum tersedia dengan kunci Vendor + Brand + SKU; SKU sample tidak tersedia di sumber,Isi Vendor + Brand + SKU setelah Material terkurasi; baru pindahkan row ke 05_physical_samples.csv.
BLOCKER,SampleCandidate,Sheet1,188,sample_sheet1_r0188,SAMPLE_MATERIAL_UNRESOLVED,Material belum tersedia dengan kunci Vendor + Brand + SKU; SKU sample tidak tersedia di sumber,Isi Vendor + Brand + SKU setelah Material terkurasi; baru pindahkan row ke 05_physical_samples.csv.
BLOCKER,SampleCandidate,Sheet1,189,sample_sheet1_r0189,SAMPLE_MATERIAL_UNRESOLVED,Material belum tersedia dengan kunci Vendor + Brand + SKU; SKU sample tidak tersedia di sumber,Isi Vendor + Brand + SKU setelah Material terkurasi; baru pindahkan row ke 05_physical_samples.csv.
BLOCKER,SampleCandidate,Sheet1,190,sample_sheet1_r0190,SAMPLE_MATERIAL_UNRESOLVED,Material belum tersedia dengan kunci Vendor + Brand + SKU; SKU sample tidak tersedia di sumber,Isi Vendor + Brand + SKU setelah Material terkurasi; baru pindahkan row ke 05_physical_samples.csv.
BLOCKER,SampleCandidate,Sheet1,191,sample_sheet1_r0191,SAMPLE_MATERIAL_UNRESOLVED,Material belum tersedia dengan kunci Vendor + Brand + SKU; SKU sample tidak tersedia di sumber; Vendor belum match tepat; Brand kosong,Isi Vendor + Brand + SKU setelah Material terkurasi; baru pindahkan row ke 05_physical_samples.csv.
BLOCKER,SampleCandidate,Sheet1,192,sample_sheet1_r0192,SAMPLE_MATERIAL_UNRESOLVED,Material belum tersedia dengan kunci Vendor + Brand + SKU; SKU sample tidak tersedia di sumber; Vendor belum match tepat; Brand kosong,Isi Vendor + Brand + SKU setelah Material terkurasi; baru pindahkan row ke 05_physical_samples.csv.
BLOCKER,SampleCandidate,Sheet1,193,sample_sheet1_r0193,SAMPLE_MATERIAL_UNRESOLVED,Material belum tersedia dengan kunci Vendor + Brand + SKU; SKU sample tidak tersedia di sumber; Vendor belum match tepat; Brand kosong,Isi Vendor + Brand + SKU setelah Material terkurasi; baru pindahkan row ke 05_physical_samples.csv.
BLOCKER,SampleCandidate,Sheet1,194,sample_sheet1_r0194,SAMPLE_MATERIAL_UNRESOLVED,Material belum tersedia dengan kunci Vendor + Brand + SKU; SKU sample tidak tersedia di sumber; Vendor belum match tepat; Brand kosong,Isi Vendor + Brand + SKU setelah Material terkurasi; baru pindahkan row ke 05_physical_samples.csv.
BLOCKER,SampleCandidate,Sheet1,195,sample_sheet1_r0195,SAMPLE_MATERIAL_UNRESOLVED,Material belum tersedia dengan kunci Vendor + Brand + SKU; SKU sample tidak tersedia di sumber; Vendor belum match tepat; Brand kosong,Isi Vendor + Brand + SKU setelah Material terkurasi; baru pindahkan row ke 05_physical_samples.csv.
BLOCKER,SampleCandidate,Sheet1,196,sample_sheet1_r0196,SAMPLE_MATERIAL_UNRESOLVED,Material belum tersedia dengan kunci Vendor + Brand + SKU; SKU sample tidak tersedia di sumber; Vendor belum match tepat; Brand kosong,Isi Vendor + Brand + SKU setelah Material terkurasi; baru pindahkan row ke 05_physical_samples.csv.
BLOCKER,SampleCandidate,Sheet1,197,sample_sheet1_r0197,SAMPLE_MATERIAL_UNRESOLVED,Material belum tersedia dengan kunci Vendor + Brand + SKU; SKU sample tidak tersedia di sumber; Vendor belum match tepat; Brand kosong; Tipe/seri kosong,Isi Vendor + Brand + SKU setelah Material terkurasi; baru pindahkan row ke 05_physical_samples.csv.
BLOCKER,SampleCandidate,Sheet1,198,sample_sheet1_r0198,SAMPLE_MATERIAL_UNRESOLVED,Material belum tersedia dengan kunci Vendor + Brand + SKU; SKU sample tidak tersedia di sumber,Isi Vendor + Brand + SKU setelah Material terkurasi; baru pindahkan row ke 05_physical_samples.csv.
BLOCKER,SampleCandidate,Sheet1,199,sample_sheet1_r0199,SAMPLE_MATERIAL_UNRESOLVED,Material belum tersedia dengan kunci Vendor + Brand + SKU; SKU sample tidak tersedia di sumber,Isi Vendor + Brand + SKU setelah Material terkurasi; baru pindahkan row ke 05_physical_samples.csv.
BLOCKER,SampleCandidate,Sheet1,200,sample_sheet1_r0200,SAMPLE_MATERIAL_UNRESOLVED,Material belum tersedia dengan kunci Vendor + Brand + SKU; SKU sample tidak tersedia di sumber,Isi Vendor + Brand + SKU setelah Material terkurasi; baru pindahkan row ke 05_physical_samples.csv.
BLOCKER,SampleCandidate,Sheet1,201,sample_sheet1_r0201,SAMPLE_MATERIAL_UNRESOLVED,Material belum tersedia dengan kunci Vendor + Brand + SKU; SKU sample tidak tersedia di sumber,Isi Vendor + Brand + SKU setelah Material terkurasi; baru pindahkan row ke 05_physical_samples.csv.
BLOCKER,SampleCandidate,Sheet1,202,sample_sheet1_r0202,SAMPLE_MATERIAL_UNRESOLVED,Material belum tersedia dengan kunci Vendor + Brand + SKU; SKU sample tidak tersedia di sumber,Isi Vendor + Brand + SKU setelah Material terkurasi; baru pindahkan row ke 05_physical_samples.csv.
BLOCKER,SampleCandidate,Sheet1,203,sample_sheet1_r0203,SAMPLE_MATERIAL_UNRESOLVED,Material belum tersedia dengan kunci Vendor + Brand + SKU; SKU sample tidak tersedia di sumber,Isi Vendor + Brand + SKU setelah Material terkurasi; baru pindahkan row ke 05_physical_samples.csv.
BLOCKER,SampleCandidate,Sheet1,204,sample_sheet1_r0204,SAMPLE_MATERIAL_UNRESOLVED,Material belum tersedia dengan kunci Vendor + Brand + SKU; SKU sample tidak tersedia di sumber,Isi Vendor + Brand + SKU setelah Material terkurasi; baru pindahkan row ke 05_physical_samples.csv.
BLOCKER,SampleCandidate,Sheet1,205,sample_sheet1_r0205,SAMPLE_MATERIAL_UNRESOLVED,Material belum tersedia dengan kunci Vendor + Brand + SKU; SKU sample tidak tersedia di sumber,Isi Vendor + Brand + SKU setelah Material terkurasi; baru pindahkan row ke 05_physical_samples.csv.
BLOCKER,SampleCandidate,Sheet1,206,sample_sheet1_r0206,SAMPLE_MATERIAL_UNRESOLVED,Material belum tersedia dengan kunci Vendor + Brand + SKU; SKU sample tidak tersedia di sumber,Isi Vendor + Brand + SKU setelah Material terkurasi; baru pindahkan row ke 05_physical_samples.csv.
BLOCKER,SampleCandidate,Sheet1,207,sample_sheet1_r0207,SAMPLE_MATERIAL_UNRESOLVED,Material belum tersedia dengan kunci Vendor + Brand + SKU; SKU sample tidak tersedia di sumber,Isi Vendor + Brand + SKU setelah Material terkurasi; baru pindahkan row ke 05_physical_samples.csv.
BLOCKER,SampleCandidate,Sheet1,208,sample_sheet1_r0208,SAMPLE_MATERIAL_UNRESOLVED,Material belum tersedia dengan kunci Vendor + Brand + SKU; SKU sample tidak tersedia di sumber,Isi Vendor + Brand + SKU setelah Material terkurasi; baru pindahkan row ke 05_physical_samples.csv.
BLOCKER,SampleCandidate,Sheet1,209,sample_sheet1_r0209,SAMPLE_MATERIAL_UNRESOLVED,Material belum tersedia dengan kunci Vendor + Brand + SKU; SKU sample tidak tersedia di sumber,Isi Vendor + Brand + SKU setelah Material terkurasi; baru pindahkan row ke 05_physical_samples.csv.
BLOCKER,SampleCandidate,Sheet1,210,sample_sheet1_r0210,SAMPLE_MATERIAL_UNRESOLVED,Material belum tersedia dengan kunci Vendor + Brand + SKU; SKU sample tidak tersedia di sumber,Isi Vendor + Brand + SKU setelah Material terkurasi; baru pindahkan row ke 05_physical_samples.csv.
BLOCKER,SampleCandidate,Sheet1,211,sample_sheet1_r0211,SAMPLE_MATERIAL_UNRESOLVED,Material belum tersedia dengan kunci Vendor + Brand + SKU; SKU sample tidak tersedia di sumber,Isi Vendor + Brand + SKU setelah Material terkurasi; baru pindahkan row ke 05_physical_samples.csv.
BLOCKER,SampleCandidate,Sheet1,212,sample_sheet1_r0212,SAMPLE_MATERIAL_UNRESOLVED,Material belum tersedia dengan kunci Vendor + Brand + SKU; SKU sample tidak tersedia di sumber,Isi Vendor + Brand + SKU setelah Material terkurasi; baru pindahkan row ke 05_physical_samples.csv.
BLOCKER,SampleCandidate,Sheet1,213,sample_sheet1_r0213,SAMPLE_MATERIAL_UNRESOLVED,Material belum tersedia dengan kunci Vendor + Brand + SKU; SKU sample tidak tersedia di sumber,Isi Vendor + Brand + SKU setelah Material terkurasi; baru pindahkan row ke 05_physical_samples.csv.
BLOCKER,SampleCandidate,Sheet1,214,sample_sheet1_r0214,SAMPLE_MATERIAL_UNRESOLVED,Material belum tersedia dengan kunci Vendor + Brand + SKU; SKU sample tidak tersedia di sumber,Isi Vendor + Brand + SKU setelah Material terkurasi; baru pindahkan row ke 05_physical_samples.csv.
BLOCKER,SampleCandidate,Sheet1,215,sample_sheet1_r0215,SAMPLE_MATERIAL_UNRESOLVED,Material belum tersedia dengan kunci Vendor + Brand + SKU; SKU sample tidak tersedia di sumber,Isi Vendor + Brand + SKU setelah Material terkurasi; baru pindahkan row ke 05_physical_samples.csv.
BLOCKER,SampleCandidate,Sheet1,216,sample_sheet1_r0216,SAMPLE_MATERIAL_UNRESOLVED,Material belum tersedia dengan kunci Vendor + Brand + SKU; SKU sample tidak tersedia di sumber,Isi Vendor + Brand + SKU setelah Material terkurasi; baru pindahkan row ke 05_physical_samples.csv.
BLOCKER,SampleCandidate,Sheet1,217,sample_sheet1_r0217,SAMPLE_MATERIAL_UNRESOLVED,Material belum tersedia dengan kunci Vendor + Brand + SKU; SKU sample tidak tersedia di sumber,Isi Vendor + Brand + SKU setelah Material terkurasi; baru pindahkan row ke 05_physical_samples.csv.
BLOCKER,SampleCandidate,Sheet1,218,sample_sheet1_r0218,SAMPLE_MATERIAL_UNRESOLVED,Material belum tersedia dengan kunci Vendor + Brand + SKU; SKU sample tidak tersedia di sumber,Isi Vendor + Brand + SKU setelah Material terkurasi; baru pindahkan row ke 05_physical_samples.csv.
BLOCKER,SampleCandidate,Sheet1,219,sample_sheet1_r0219,SAMPLE_MATERIAL_UNRESOLVED,Material belum tersedia dengan kunci Vendor + Brand + SKU; SKU sample tidak tersedia di sumber,Isi Vendor + Brand + SKU setelah Material terkurasi; baru pindahkan row ke 05_physical_samples.csv.
BLOCKER,SampleCandidate,Sheet1,220,sample_sheet1_r0220,SAMPLE_MATERIAL_UNRESOLVED,Material belum tersedia dengan kunci Vendor + Brand + SKU; SKU sample tidak tersedia di sumber,Isi Vendor + Brand + SKU setelah Material terkurasi; baru pindahkan row ke 05_physical_samples.csv.
BLOCKER,SampleCandidate,Sheet1,221,sample_sheet1_r0221,SAMPLE_MATERIAL_UNRESOLVED,Material belum tersedia dengan kunci Vendor + Brand + SKU; SKU sample tidak tersedia di sumber,Isi Vendor + Brand + SKU setelah Material terkurasi; baru pindahkan row ke 05_physical_samples.csv.
BLOCKER,SampleCandidate,Sheet1,222,sample_sheet1_r0222,SAMPLE_MATERIAL_UNRESOLVED,Material belum tersedia dengan kunci Vendor + Brand + SKU; SKU sample tidak tersedia di sumber,Isi Vendor + Brand + SKU setelah Material terkurasi; baru pindahkan row ke 05_physical_samples.csv.
BLOCKER,SampleCandidate,Sheet1,223,sample_sheet1_r0223,SAMPLE_MATERIAL_UNRESOLVED,Material belum tersedia dengan kunci Vendor + Brand + SKU; SKU sample tidak tersedia di sumber,Isi Vendor + Brand + SKU setelah Material terkurasi; baru pindahkan row ke 05_physical_samples.csv.
BLOCKER,SampleCandidate,Sheet1,224,sample_sheet1_r0224,SAMPLE_MATERIAL_UNRESOLVED,Material belum tersedia dengan kunci Vendor + Brand + SKU; SKU sample tidak tersedia di sumber,Isi Vendor + Brand + SKU setelah Material terkurasi; baru pindahkan row ke 05_physical_samples.csv.
BLOCKER,SampleCandidate,Sheet1,225,sample_sheet1_r0225,SAMPLE_MATERIAL_UNRESOLVED,Material belum tersedia dengan kunci Vendor + Brand + SKU; SKU sample tidak tersedia di sumber,Isi Vendor + Brand + SKU setelah Material terkurasi; baru pindahkan row ke 05_physical_samples.csv.
BLOCKER,SampleCandidate,Sheet1,226,sample_sheet1_r0226,SAMPLE_MATERIAL_UNRESOLVED,Material belum tersedia dengan kunci Vendor + Brand + SKU; SKU sample tidak tersedia di sumber,Isi Vendor + Brand + SKU setelah Material terkurasi; baru pindahkan row ke 05_physical_samples.csv.
BLOCKER,SampleCandidate,Sheet1,227,sample_sheet1_r0227,SAMPLE_MATERIAL_UNRESOLVED,Material belum tersedia dengan kunci Vendor + Brand + SKU; SKU sample tidak tersedia di sumber,Isi Vendor + Brand + SKU setelah Material terkurasi; baru pindahkan row ke 05_physical_samples.csv.
BLOCKER,SampleCandidate,Sheet1,228,sample_sheet1_r0228,SAMPLE_MATERIAL_UNRESOLVED,Material belum tersedia dengan kunci Vendor + Brand + SKU; SKU sample tidak tersedia di sumber,Isi Vendor + Brand + SKU setelah Material terkurasi; baru pindahkan row ke 05_physical_samples.csv.
BLOCKER,SampleCandidate,Sheet1,229,sample_sheet1_r0229,SAMPLE_MATERIAL_UNRESOLVED,Material belum tersedia dengan kunci Vendor + Brand + SKU; SKU sample tidak tersedia di sumber,Isi Vendor + Brand + SKU setelah Material terkurasi; baru pindahkan row ke 05_physical_samples.csv.
BLOCKER,SampleCandidate,Sheet1,230,sample_sheet1_r0230,SAMPLE_MATERIAL_UNRESOLVED,Material belum tersedia dengan kunci Vendor + Brand + SKU; SKU sample tidak tersedia di sumber,Isi Vendor + Brand + SKU setelah Material terkurasi; baru pindahkan row ke 05_physical_samples.csv.
BLOCKER,SampleCandidate,Sheet1,231,sample_sheet1_r0231,SAMPLE_MATERIAL_UNRESOLVED,Material belum tersedia dengan kunci Vendor + Brand + SKU; SKU sample tidak tersedia di sumber; Vendor belum match tepat,Isi Vendor + Brand + SKU setelah Material terkurasi; baru pindahkan row ke 05_physical_samples.csv.
BLOCKER,SampleCandidate,Sheet1,232,sample_sheet1_r0232,SAMPLE_MATERIAL_UNRESOLVED,Material belum tersedia dengan kunci Vendor + Brand + SKU; SKU sample tidak tersedia di sumber; Vendor belum match tepat,Isi Vendor + Brand + SKU setelah Material terkurasi; baru pindahkan row ke 05_physical_samples.csv.
BLOCKER,SampleCandidate,Sheet1,233,sample_sheet1_r0233,SAMPLE_MATERIAL_UNRESOLVED,Material belum tersedia dengan kunci Vendor + Brand + SKU; SKU sample tidak tersedia di sumber; Vendor belum match tepat,Isi Vendor + Brand + SKU setelah Material terkurasi; baru pindahkan row ke 05_physical_samples.csv.
BLOCKER,SampleCandidate,Sheet1,234,sample_sheet1_r0234,SAMPLE_MATERIAL_UNRESOLVED,Material belum tersedia dengan kunci Vendor + Brand + SKU; SKU sample tidak tersedia di sumber; Vendor belum match tepat,Isi Vendor + Brand + SKU setelah Material terkurasi; baru pindahkan row ke 05_physical_samples.csv.
BLOCKER,SampleCandidate,Sheet1,235,sample_sheet1_r0235,SAMPLE_MATERIAL_UNRESOLVED,Material belum tersedia dengan kunci Vendor + Brand + SKU; SKU sample tidak tersedia di sumber,Isi Vendor + Brand + SKU setelah Material terkurasi; baru pindahkan row ke 05_physical_samples.csv.
BLOCKER,SampleCandidate,Sheet1,236,sample_sheet1_r0236,SAMPLE_MATERIAL_UNRESOLVED,Material belum tersedia dengan kunci Vendor + Brand + SKU; SKU sample tidak tersedia di sumber,Isi Vendor + Brand + SKU setelah Material terkurasi; baru pindahkan row ke 05_physical_samples.csv.
BLOCKER,SampleCandidate,Sheet1,237,sample_sheet1_r0237,SAMPLE_MATERIAL_UNRESOLVED,Material belum tersedia dengan kunci Vendor + Brand + SKU; SKU sample tidak tersedia di sumber,Isi Vendor + Brand + SKU setelah Material terkurasi; baru pindahkan row ke 05_physical_samples.csv.
BLOCKER,SampleCandidate,Sheet1,238,sample_sheet1_r0238,SAMPLE_MATERIAL_UNRESOLVED,Material belum tersedia dengan kunci Vendor + Brand + SKU; SKU sample tidak tersedia di sumber,Isi Vendor + Brand + SKU setelah Material terkurasi; baru pindahkan row ke 05_physical_samples.csv.
BLOCKER,SampleCandidate,Sheet1,239,sample_sheet1_r0239,SAMPLE_MATERIAL_UNRESOLVED,Material belum tersedia dengan kunci Vendor + Brand + SKU; SKU sample tidak tersedia di sumber,Isi Vendor + Brand + SKU setelah Material terkurasi; baru pindahkan row ke 05_physical_samples.csv.
BLOCKER,SampleCandidate,Sheet1,240,sample_sheet1_r0240,SAMPLE_MATERIAL_UNRESOLVED,Material belum tersedia dengan kunci Vendor + Brand + SKU; SKU sample tidak tersedia di sumber,Isi Vendor + Brand + SKU setelah Material terkurasi; baru pindahkan row ke 05_physical_samples.csv.
BLOCKER,SampleCandidate,Sheet1,241,sample_sheet1_r0241,SAMPLE_MATERIAL_UNRESOLVED,Material belum tersedia dengan kunci Vendor + Brand + SKU; SKU sample tidak tersedia di sumber,Isi Vendor + Brand + SKU setelah Material terkurasi; baru pindahkan row ke 05_physical_samples.csv.
BLOCKER,SampleCandidate,Sheet1,242,sample_sheet1_r0242,SAMPLE_MATERIAL_UNRESOLVED,Material belum tersedia dengan kunci Vendor + Brand + SKU; SKU sample tidak tersedia di sumber,Isi Vendor + Brand + SKU setelah Material terkurasi; baru pindahkan row ke 05_physical_samples.csv.
BLOCKER,SampleCandidate,Sheet1,243,sample_sheet1_r0243,SAMPLE_MATERIAL_UNRESOLVED,Material belum tersedia dengan kunci Vendor + Brand + SKU; SKU sample tidak tersedia di sumber,Isi Vendor + Brand + SKU setelah Material terkurasi; baru pindahkan row ke 05_physical_samples.csv.
BLOCKER,SampleCandidate,Sheet1,244,sample_sheet1_r0244,SAMPLE_MATERIAL_UNRESOLVED,Material belum tersedia dengan kunci Vendor + Brand + SKU; SKU sample tidak tersedia di sumber,Isi Vendor + Brand + SKU setelah Material terkurasi; baru pindahkan row ke 05_physical_samples.csv.
BLOCKER,SampleCandidate,Sheet1,245,sample_sheet1_r0245,SAMPLE_MATERIAL_UNRESOLVED,Material belum tersedia dengan kunci Vendor + Brand + SKU; SKU sample tidak tersedia di sumber,Isi Vendor + Brand + SKU setelah Material terkurasi; baru pindahkan row ke 05_physical_samples.csv.
BLOCKER,SampleCandidate,Sheet1,246,sample_sheet1_r0246,SAMPLE_MATERIAL_UNRESOLVED,Material belum tersedia dengan kunci Vendor + Brand + SKU; SKU sample tidak tersedia di sumber,Isi Vendor + Brand + SKU setelah Material terkurasi; baru pindahkan row ke 05_physical_samples.csv.
BLOCKER,SampleCandidate,Sheet1,247,sample_sheet1_r0247,SAMPLE_MATERIAL_UNRESOLVED,Material belum tersedia dengan kunci Vendor + Brand + SKU; SKU sample tidak tersedia di sumber,Isi Vendor + Brand + SKU setelah Material terkurasi; baru pindahkan row ke 05_physical_samples.csv.
BLOCKER,SampleCandidate,Sheet1,248,sample_sheet1_r0248,SAMPLE_MATERIAL_UNRESOLVED,Material belum tersedia dengan kunci Vendor + Brand + SKU; SKU sample tidak tersedia di sumber,Isi Vendor + Brand + SKU setelah Material terkurasi; baru pindahkan row ke 05_physical_samples.csv.
BLOCKER,SampleCandidate,Sheet1,249,sample_sheet1_r0249,SAMPLE_MATERIAL_UNRESOLVED,Material belum tersedia dengan kunci Vendor + Brand + SKU; SKU sample tidak tersedia di sumber,Isi Vendor + Brand + SKU setelah Material terkurasi; baru pindahkan row ke 05_physical_samples.csv.
BLOCKER,SampleCandidate,Sheet1,250,sample_sheet1_r0250,SAMPLE_MATERIAL_UNRESOLVED,Material belum tersedia dengan kunci Vendor + Brand + SKU; SKU sample tidak tersedia di sumber,Isi Vendor + Brand + SKU setelah Material terkurasi; baru pindahkan row ke 05_physical_samples.csv.
BLOCKER,SampleCandidate,Sheet1,251,sample_sheet1_r0251,SAMPLE_MATERIAL_UNRESOLVED,Material belum tersedia dengan kunci Vendor + Brand + SKU; SKU sample tidak tersedia di sumber,Isi Vendor + Brand + SKU setelah Material terkurasi; baru pindahkan row ke 05_physical_samples.csv.
BLOCKER,SampleCandidate,Sheet1,252,sample_sheet1_r0252,SAMPLE_MATERIAL_UNRESOLVED,Material belum tersedia dengan kunci Vendor + Brand + SKU; SKU sample tidak tersedia di sumber,Isi Vendor + Brand + SKU setelah Material terkurasi; baru pindahkan row ke 05_physical_samples.csv.
BLOCKER,SampleCandidate,Sheet1,253,sample_sheet1_r0253,SAMPLE_MATERIAL_UNRESOLVED,Material belum tersedia dengan kunci Vendor + Brand + SKU; SKU sample tidak tersedia di sumber,Isi Vendor + Brand + SKU setelah Material terkurasi; baru pindahkan row ke 05_physical_samples.csv.
BLOCKER,SampleCandidate,Sheet1,254,sample_sheet1_r0254,SAMPLE_MATERIAL_UNRESOLVED,Material belum tersedia dengan kunci Vendor + Brand + SKU; SKU sample tidak tersedia di sumber,Isi Vendor + Brand + SKU setelah Material terkurasi; baru pindahkan row ke 05_physical_samples.csv.
BLOCKER,SampleCandidate,Sheet1,255,sample_sheet1_r0255,SAMPLE_MATERIAL_UNRESOLVED,Material belum tersedia dengan kunci Vendor + Brand + SKU; SKU sample tidak tersedia di sumber,Isi Vendor + Brand + SKU setelah Material terkurasi; baru pindahkan row ke 05_physical_samples.csv.
BLOCKER,SampleCandidate,Sheet1,256,sample_sheet1_r0256,SAMPLE_MATERIAL_UNRESOLVED,Material belum tersedia dengan kunci Vendor + Brand + SKU; SKU sample tidak tersedia di sumber,Isi Vendor + Brand + SKU setelah Material terkurasi; baru pindahkan row ke 05_physical_samples.csv.
BLOCKER,SampleCandidate,Sheet1,257,sample_sheet1_r0257,SAMPLE_MATERIAL_UNRESOLVED,Material belum tersedia dengan kunci Vendor + Brand + SKU; SKU sample tidak tersedia di sumber,Isi Vendor + Brand + SKU setelah Material terkurasi; baru pindahkan row ke 05_physical_samples.csv.
BLOCKER,SampleCandidate,Sheet1,258,sample_sheet1_r0258,SAMPLE_MATERIAL_UNRESOLVED,Material belum tersedia dengan kunci Vendor + Brand + SKU; SKU sample tidak tersedia di sumber,Isi Vendor + Brand + SKU setelah Material terkurasi; baru pindahkan row ke 05_physical_samples.csv.
BLOCKER,SampleCandidate,Sheet1,259,sample_sheet1_r0259,SAMPLE_MATERIAL_UNRESOLVED,Material belum tersedia dengan kunci Vendor + Brand + SKU; SKU sample tidak tersedia di sumber,Isi Vendor + Brand + SKU setelah Material terkurasi; baru pindahkan row ke 05_physical_samples.csv.
BLOCKER,SampleCandidate,Sheet1,260,sample_sheet1_r0260,SAMPLE_MATERIAL_UNRESOLVED,Material belum tersedia dengan kunci Vendor + Brand + SKU; SKU sample tidak tersedia di sumber,Isi Vendor + Brand + SKU setelah Material terkurasi; baru pindahkan row ke 05_physical_samples.csv.
BLOCKER,SampleCandidate,Sheet1,261,sample_sheet1_r0261,SAMPLE_MATERIAL_UNRESOLVED,Material belum tersedia dengan kunci Vendor + Brand + SKU; SKU sample tidak tersedia di sumber,Isi Vendor + Brand + SKU setelah Material terkurasi; baru pindahkan row ke 05_physical_samples.csv.
BLOCKER,SampleCandidate,Sheet1,262,sample_sheet1_r0262,SAMPLE_MATERIAL_UNRESOLVED,Material belum tersedia dengan kunci Vendor + Brand + SKU; SKU sample tidak tersedia di sumber,Isi Vendor + Brand + SKU setelah Material terkurasi; baru pindahkan row ke 05_physical_samples.csv.
BLOCKER,SampleCandidate,Sheet1,263,sample_sheet1_r0263,SAMPLE_MATERIAL_UNRESOLVED,Material belum tersedia dengan kunci Vendor + Brand + SKU; SKU sample tidak tersedia di sumber,Isi Vendor + Brand + SKU setelah Material terkurasi; baru pindahkan row ke 05_physical_samples.csv.
BLOCKER,SampleCandidate,Sheet1,264,sample_sheet1_r0264,SAMPLE_MATERIAL_UNRESOLVED,Material belum tersedia dengan kunci Vendor + Brand + SKU; SKU sample tidak tersedia di sumber,Isi Vendor + Brand + SKU setelah Material terkurasi; baru pindahkan row ke 05_physical_samples.csv.
BLOCKER,SampleCandidate,Sheet1,265,sample_sheet1_r0265,SAMPLE_MATERIAL_UNRESOLVED,Material belum tersedia dengan kunci Vendor + Brand + SKU; SKU sample tidak tersedia di sumber,Isi Vendor + Brand + SKU setelah Material terkurasi; baru pindahkan row ke 05_physical_samples.csv.
BLOCKER,SampleCandidate,Sheet1,266,sample_sheet1_r0266,SAMPLE_MATERIAL_UNRESOLVED,Material belum tersedia dengan kunci Vendor + Brand + SKU; SKU sample tidak tersedia di sumber,Isi Vendor + Brand + SKU setelah Material terkurasi; baru pindahkan row ke 05_physical_samples.csv.
BLOCKER,SampleCandidate,Sheet1,267,sample_sheet1_r0267,SAMPLE_MATERIAL_UNRESOLVED,Material belum tersedia dengan kunci Vendor + Brand + SKU; SKU sample tidak tersedia di sumber,Isi Vendor + Brand + SKU setelah Material terkurasi; baru pindahkan row ke 05_physical_samples.csv.
BLOCKER,SampleCandidate,Sheet1,268,sample_sheet1_r0268,SAMPLE_MATERIAL_UNRESOLVED,Material belum tersedia dengan kunci Vendor + Brand + SKU; SKU sample tidak tersedia di sumber,Isi Vendor + Brand + SKU setelah Material terkurasi; baru pindahkan row ke 05_physical_samples.csv.
BLOCKER,SampleCandidate,Sheet1,269,sample_sheet1_r0269,SAMPLE_MATERIAL_UNRESOLVED,Material belum tersedia dengan kunci Vendor + Brand + SKU; SKU sample tidak tersedia di sumber,Isi Vendor + Brand + SKU setelah Material terkurasi; baru pindahkan row ke 05_physical_samples.csv.
BLOCKER,SampleCandidate,Sheet1,270,sample_sheet1_r0270,SAMPLE_MATERIAL_UNRESOLVED,Material belum tersedia dengan kunci Vendor + Brand + SKU; SKU sample tidak tersedia di sumber,Isi Vendor + Brand + SKU setelah Material terkurasi; baru pindahkan row ke 05_physical_samples.csv.
BLOCKER,SampleCandidate,Sheet1,271,sample_sheet1_r0271,SAMPLE_MATERIAL_UNRESOLVED,Material belum tersedia dengan kunci Vendor + Brand + SKU; SKU sample tidak tersedia di sumber,Isi Vendor + Brand + SKU setelah Material terkurasi; baru pindahkan row ke 05_physical_samples.csv.
BLOCKER,SampleCandidate,Sheet1,272,sample_sheet1_r0272,SAMPLE_MATERIAL_UNRESOLVED,Material belum tersedia dengan kunci Vendor + Brand + SKU; SKU sample tidak tersedia di sumber,Isi Vendor + Brand + SKU setelah Material terkurasi; baru pindahkan row ke 05_physical_samples.csv.
BLOCKER,SampleCandidate,Sheet1,273,sample_sheet1_r0273,SAMPLE_MATERIAL_UNRESOLVED,Material belum tersedia dengan kunci Vendor + Brand + SKU; SKU sample tidak tersedia di sumber,Isi Vendor + Brand + SKU setelah Material terkurasi; baru pindahkan row ke 05_physical_samples.csv.
BLOCKER,SampleCandidate,Sheet1,274,sample_sheet1_r0274,SAMPLE_MATERIAL_UNRESOLVED,Material belum tersedia dengan kunci Vendor + Brand + SKU; SKU sample tidak tersedia di sumber,Isi Vendor + Brand + SKU setelah Material terkurasi; baru pindahkan row ke 05_physical_samples.csv.
BLOCKER,SampleCandidate,Sheet1,275,sample_sheet1_r0275,SAMPLE_MATERIAL_UNRESOLVED,Material belum tersedia dengan kunci Vendor + Brand + SKU; SKU sample tidak tersedia di sumber,Isi Vendor + Brand + SKU setelah Material terkurasi; baru pindahkan row ke 05_physical_samples.csv.
BLOCKER,SampleCandidate,Sheet1,276,sample_sheet1_r0276,SAMPLE_MATERIAL_UNRESOLVED,Material belum tersedia dengan kunci Vendor + Brand + SKU; SKU sample tidak tersedia di sumber,Isi Vendor + Brand + SKU setelah Material terkurasi; baru pindahkan row ke 05_physical_samples.csv.
BLOCKER,SampleCandidate,Sheet1,277,sample_sheet1_r0277,SAMPLE_MATERIAL_UNRESOLVED,Material belum tersedia dengan kunci Vendor + Brand + SKU; SKU sample tidak tersedia di sumber,Isi Vendor + Brand + SKU setelah Material terkurasi; baru pindahkan row ke 05_physical_samples.csv.
BLOCKER,SampleCandidate,Sheet1,278,sample_sheet1_r0278,SAMPLE_MATERIAL_UNRESOLVED,Material belum tersedia dengan kunci Vendor + Brand + SKU; SKU sample tidak tersedia di sumber,Isi Vendor + Brand + SKU setelah Material terkurasi; baru pindahkan row ke 05_physical_samples.csv.
BLOCKER,SampleCandidate,Sheet1,279,sample_sheet1_r0279,SAMPLE_MATERIAL_UNRESOLVED,Material belum tersedia dengan kunci Vendor + Brand + SKU; SKU sample tidak tersedia di sumber,Isi Vendor + Brand + SKU setelah Material terkurasi; baru pindahkan row ke 05_physical_samples.csv.
BLOCKER,SampleCandidate,Sheet1,280,sample_sheet1_r0280,SAMPLE_MATERIAL_UNRESOLVED,Material belum tersedia dengan kunci Vendor + Brand + SKU; SKU sample tidak tersedia di sumber,Isi Vendor + Brand + SKU setelah Material terkurasi; baru pindahkan row ke 05_physical_samples.csv.
BLOCKER,SampleCandidate,Sheet1,281,sample_sheet1_r0281,SAMPLE_MATERIAL_UNRESOLVED,Material belum tersedia dengan kunci Vendor + Brand + SKU; SKU sample tidak tersedia di sumber,Isi Vendor + Brand + SKU setelah Material terkurasi; baru pindahkan row ke 05_physical_samples.csv.
BLOCKER,SampleCandidate,Sheet1,282,sample_sheet1_r0282,SAMPLE_MATERIAL_UNRESOLVED,Material belum tersedia dengan kunci Vendor + Brand + SKU; SKU sample tidak tersedia di sumber,Isi Vendor + Brand + SKU setelah Material terkurasi; baru pindahkan row ke 05_physical_samples.csv.
BLOCKER,SampleCandidate,Sheet1,283,sample_sheet1_r0283,SAMPLE_MATERIAL_UNRESOLVED,Material belum tersedia dengan kunci Vendor + Brand + SKU; SKU sample tidak tersedia di sumber,Isi Vendor + Brand + SKU setelah Material terkurasi; baru pindahkan row ke 05_physical_samples.csv.
BLOCKER,SampleCandidate,Sheet1,284,sample_sheet1_r0284,SAMPLE_MATERIAL_UNRESOLVED,Material belum tersedia dengan kunci Vendor + Brand + SKU; SKU sample tidak tersedia di sumber,Isi Vendor + Brand + SKU setelah Material terkurasi; baru pindahkan row ke 05_physical_samples.csv.
BLOCKER,SampleCandidate,Sheet1,285,sample_sheet1_r0285,SAMPLE_MATERIAL_UNRESOLVED,Material belum tersedia dengan kunci Vendor + Brand + SKU; SKU sample tidak tersedia di sumber,Isi Vendor + Brand + SKU setelah Material terkurasi; baru pindahkan row ke 05_physical_samples.csv.
BLOCKER,SampleCandidate,Sheet1,286,sample_sheet1_r0286,SAMPLE_MATERIAL_UNRESOLVED,Material belum tersedia dengan kunci Vendor + Brand + SKU; SKU sample tidak tersedia di sumber,Isi Vendor + Brand + SKU setelah Material terkurasi; baru pindahkan row ke 05_physical_samples.csv.
BLOCKER,SampleCandidate,Sheet1,287,sample_sheet1_r0287,SAMPLE_MATERIAL_UNRESOLVED,Material belum tersedia dengan kunci Vendor + Brand + SKU; SKU sample tidak tersedia di sumber,Isi Vendor + Brand + SKU setelah Material terkurasi; baru pindahkan row ke 05_physical_samples.csv.
BLOCKER,SampleCandidate,Sheet1,288,sample_sheet1_r0288,SAMPLE_MATERIAL_UNRESOLVED,Material belum tersedia dengan kunci Vendor + Brand + SKU; SKU sample tidak tersedia di sumber,Isi Vendor + Brand + SKU setelah Material terkurasi; baru pindahkan row ke 05_physical_samples.csv.
BLOCKER,SampleCandidate,Sheet1,289,sample_sheet1_r0289,SAMPLE_MATERIAL_UNRESOLVED,Material belum tersedia dengan kunci Vendor + Brand + SKU; SKU sample tidak tersedia di sumber,Isi Vendor + Brand + SKU setelah Material terkurasi; baru pindahkan row ke 05_physical_samples.csv.
BLOCKER,SampleCandidate,Sheet1,290,sample_sheet1_r0290,SAMPLE_MATERIAL_UNRESOLVED,Material belum tersedia dengan kunci Vendor + Brand + SKU; SKU sample tidak tersedia di sumber,Isi Vendor + Brand + SKU setelah Material terkurasi; baru pindahkan row ke 05_physical_samples.csv.
INFO,SourceSheet,Delete,1-47,Delete,SOURCE_SHEET_EXCLUDED,Sheet Delete berisi kandidat historis/dihapus dan tidak menjadi payload seed.,Biarkan terpisah kecuali owner memberi keputusan eksplisit untuk memulihkan row tertentu.
