vendor_row_id,canonical_brand_name,category_raw,tags,product_family_name,reference_url,folder_url,source_notes,jess_status,curated_by,active_status,verified_at,source_sheet,source_row,source_checksum,needs_review_multiline
v0001,Abcon,Window,"[""Window""]",Roller Blind,,https://drive.google.com/file/d/1ANDeiDYpYRJqI394RT0y7o-aA7UJF7f4/view,,VERIFIED_GREEN,Jessica,ACTIVE,,List,2,1AB11BD57893424EA226135F670197B31B96B861BA05C0C4962AF5BC8D0FBCEE,
v0002,Acourete,Materials,"[""Materials""]",Noice Control,"https://acourete.com/wp-content/uploads/2024/12/Katalog-Akustika-Bangunan_24.07.pdf

https://acourete.com/wp-content/uploads/2024/12/Katalog-Akustika-Arsitektur_24.04.pdf?fbclid=PARlRTSAM4idRleHRuA2FlbQIxMQABpz3ZLo0Qz2aRfdcIhGkSh3iI7k2CO11-esouOcv0WhBnrr6VypdP8syzp9zY_aem_9iixCgC4-D54GOE9kR4j0Q",,,VERIFIED_GREEN,Jessica,ACTIVE,,List,3,1AB11BD57893424EA226135F670197B31B96B861BA05C0C4962AF5BC8D0FBCEE,
v0003,Acqua Trend,Sanitary,"[""Sanitary""]",Bathroom,"https://acquatrend.com/product.php

https://www.tokopedia.com/acquatrend?source=universe&st=product",,,VERIFIED_GREEN,Jessica,ACTIVE,,List,4,1AB11BD57893424EA226135F670197B31B96B861BA05C0C4962AF5BC8D0FBCEE,
v0003,Acqua Trend,Sanitary,"[""Sanitary""]",Bathroom Accessories,"https://acquatrend.com/product.php

https://www.tokopedia.com/acquatrend?source=universe&st=product",,,VERIFIED_GREEN,Jessica,ACTIVE,,List,5,1AB11BD57893424EA226135F670197B31B96B861BA05C0C4962AF5BC8D0FBCEE,
v0005,Aetrio,Furniture,"[""Furniture""]",Furniture,https://afifjayafurniture.com/shop/,,,VERIFIED_GREEN,Jessica,ACTIVE,,List,6,1AB11BD57893424EA226135F670197B31B96B861BA05C0C4962AF5BC8D0FBCEE,
v0005,Aetrio,Sanitary,"[""Sanitary""]",,"https://aetrio.com
https://www.tokopedia.com/aetrio/product",KATALOG AETRIO 2025.pdf,,VERIFIED_GREEN,Jessica,ACTIVE,,List,7,1AB11BD57893424EA226135F670197B31B96B861BA05C0C4962AF5BC8D0FBCEE,
v0006,Agglotech,Finishing,"[""Finishing""]",Stones,https://mmgalleri.com/natural/?c=surabaya&material=marble,,,VERIFIED_GREEN,Jessica,ACTIVE,,List,8,1AB11BD57893424EA226135F670197B31B96B861BA05C0C4962AF5BC8D0FBCEE,
v0007,Agora,Flooring,"[""Flooring""]",Stones,,https://drive.google.com/drive/folders/1NUWs7cJx0be8NGALtXlAHXKlEDZNEuFh?usp=drive_link,,VERIFIED_GREEN,Jessica,ACTIVE,,List,9,1AB11BD57893424EA226135F670197B31B96B861BA05C0C4962AF5BC8D0FBCEE,
v0008,Aiga,Tiles,"[""Tiles""]",Mosaic,https://drive.google.com/file/d/1ERnQ27orJ5l4Q3zxWcQXdrDnfzEgq5HX/view?usp=drivesdk,https://drive.google.com/file/d/1J-v20LTKajuHL7NpbFjE3Bto_OMWqBZs/view?usp=drivesdk,IG & Web tidak bisa dibuka,UNREACHABLE_DARKRED,,ARCHIVED,,List,10,1AB11BD57893424EA226135F670197B31B96B861BA05C0C4962AF5BC8D0FBCEE,
v0009,Alco Blind,Window,"[""Window""]",Roller Blind,,,,VERIFIED_GREEN,Jessica,ACTIVE,,List,11,1AB11BD57893424EA226135F670197B31B96B861BA05C0C4962AF5BC8D0FBCEE,
v0010,Allegra,Door & Window,"[""Door & Window""]",Aluminium Door & Window,https://alegraaluminio.com/products/,,,VERIFIED_GREEN,Jessica,ACTIVE,,List,12,1AB11BD57893424EA226135F670197B31B96B861BA05C0C4962AF5BC8D0FBCEE,
v0011,Allurahomefabrics,Fabric,"[""Fabric""]","Curtain, Cushions, Wallcovering, Upholstery, Rugs",,Allurahomefabrics,,VERIFIED_GREEN,Jessica,ACTIVE,,List,13,1AB11BD57893424EA226135F670197B31B96B861BA05C0C4962AF5BC8D0FBCEE,
v0012,Almafloor,Flooring,"[""Flooring""]",Vinyl - SPC,"https://almaflor.id/images/e_catalog_all_new_duora_max_core.pdf

https://almaflor.id/images/e_catalog_artisan.pdf

https://almaflor.id/images/e_catalog_duora_max_prime.pdf

https://almaflor.id/images/e_catalog_signature.pdf

https://almaflor.id/images/e_catalog_ultima.pdf",https://www.almaflor.id/images/Almaflor_E-catalog_2022.pdf,,VERIFIED_GREEN,Jessica,ACTIVE,,List,14,1AB11BD57893424EA226135F670197B31B96B861BA05C0C4962AF5BC8D0FBCEE,
v0013,Aluveen,Finishing,"[""Finishing""]",Aluminium Composite Panel,https://lapakarsitek.com/compro/brosur_aluminium_battens_2025.pdf?fbclid=PARlRTSAN1DElleHRuA2FlbQIxMAABpxFOii0ObZHFL04mGApCd9DLwpLqDhbDCo4bP6QKl-o1X0rj-yNQlGyqdO4t_aem_KLrA0Gp71j77-FtcXNs9bA,https://lapakarsitek.com/compro/EMI_ComPro_Eng.pdf?fbclid=PARlRTSAN1DLBleHRuA2FlbQIxMAABpxFOii0ObZHFL04mGApCd9DLwpLqDhbDCo4bP6QKl-o1X0rj-yNQlGyqdO4t_aem_KLrA0Gp71j77-FtcXNs9bA,DNP Aluminium Decor Panel (Artellion),VERIFIED_GREEN,Jessica,ACTIVE,,List,15,1AB11BD57893424EA226135F670197B31B96B861BA05C0C4962AF5BC8D0FBCEE,
v0014,Amardeep Interior,Fabric,"[""Fabric""]","Upholstery, Curtains, Sheers, Outdoor Fabric","https://amardeepinterior.com/upholstery-sofa/

https://drive.google.com/file/d/1THUL_3fmOlo9z72xV-D32IlWdeVIEotd/view

https://drive.google.com/file/d/17ZdNCivuiC2CTnnlVANXjeMcHwHOjwfM/view

https://drive.google.com/file/d/17Fxf3aTawAFpaIHBiyd8h0oCBAyktj-M/view

https://amardeepinterior.com/drapery-curtain/

https://amardeepinterior.com/sheers/

https://amardeepinterior.com/outdoor-fabrics/",https://drive.google.com/drive/folders/1HqoasCi-f7QPrCVBk-92BUNyeBTUTBrn?usp=drive_link,,VERIFIED_GREEN,Jessica,ACTIVE,,List,16,1AB11BD57893424EA226135F670197B31B96B861BA05C0C4962AF5BC8D0FBCEE,
v0015,Amidoorlight,Lighting,"[""Lighting""]",,,Amidoorlight,,VERIFIED_GREEN,Jessica,ACTIVE,,List,17,1AB11BD57893424EA226135F670197B31B96B861BA05C0C4962AF5BC8D0FBCEE,
v0016,Antikmebel,Furniture,"[""Furniture""]","Loose Furniture (Sofa, Chair, Stool)","https://antikmebel.com/collections/armchair

https://antikmebel.com/collections/wingchair

https://antikmebel.com/collections/2-seater-1

https://antikmebel.com/collections/sofa-3-seater

https://antikmebel.com/collections/sofa-bed

https://antikmebel.com/collections/sofa-l-shape

https://antikmebel.com/collections/stool

https://antikmebel.com/collections/dining-chair",,Sofa,VERIFIED_GREEN,Jessica,ACTIVE,,List,18,1AB11BD57893424EA226135F670197B31B96B861BA05C0C4962AF5BC8D0FBCEE,
v0017,Architech Indonesia,Materials,"[""Materials""]",Switch - Power Outlet,https://www.tokopedia.com/architech-in?source=search-autocomplete.04.01.01&utm_medium=google&utm_source=https%3A%2F%2Fanalytics.google.com%2Fanalytics%2Fweb%2Fprovision%2F%23%2Fp444544963%2Freports%2Fexplorer%3Fparams%3D_u..nav%253dmaui%26r%3Decomm-product%26ruid%3Decomm-product%2Cbusiness-objectives%2Cdrive-online-sales%26collectionid%3Dbusiness-objectives&utm_campaign=tokopedia,,,VERIFIED_GREEN,Jessica,ACTIVE,,List,19,1AB11BD57893424EA226135F670197B31B96B861BA05C0C4962AF5BC8D0FBCEE,
v0018,Arcomarmer,Finishing,"[""Finishing""]",Stones,,,,VERIFIED_GREEN,Jessica,ACTIVE,,List,20,1AB11BD57893424EA226135F670197B31B96B861BA05C0C4962AF5BC8D0FBCEE,
v0018,Arcomarmer,Flooring,"[""Flooring""]",Marmer,,,,VERIFIED_GREEN,Jessica,ACTIVE,,List,21,1AB11BD57893424EA226135F670197B31B96B861BA05C0C4962AF5BC8D0FBCEE,
v0019,Arde,Fabric,"[""Fabric""]",,,https://drive.google.com/drive/folders/1pHeto5KWNk5eiQv7jOn3nXSw99hytXGL?usp=drive_link,,VERIFIED_GREEN,Jessica,ACTIVE,,List,22,1AB11BD57893424EA226135F670197B31B96B861BA05C0C4962AF5BC8D0FBCEE,
v0020,Ardente lightning,Lighting,"[""Lighting""]","Hanging Lamp, Table Lamp, Wall Lamp, Ceiling Lamp, Chandelier",https://www.ardentelighting.com/_files/ugd/2727bf_1b248f64be124796873fcfa06c7c31f5.pdf,https://drive.google.com/drive/folders/1YCJYkIQ0mc2HVe5J-tGu7bCd_6E0sCCi?usp=drive_link,,VERIFIED_GREEN,Jessica,ACTIVE,,List,23,1AB11BD57893424EA226135F670197B31B96B861BA05C0C4962AF5BC8D0FBCEE,
v0021,Armonia Paint,Wall Finishing,"[""Wall Finishing""]",Texture Paint,https://armoniapaint.com/our-textures,,Fabric nya pakai Amardeep,INACTIVE_RED,,ARCHIVED,,List,24,1AB11BD57893424EA226135F670197B31B96B861BA05C0C4962AF5BC8D0FBCEE,
v0022,Arna,Flooring,"[""Flooring""]",Marble - Industrial - Stone - Terrazzo - Wood,,https://drive.google.com/drive/folders/16FQLqyLXlmgOpEUm8ywIl35EfZVRaWZo?usp=drive_link,,VERIFIED_GREEN,Jessica,ACTIVE,,List,25,1AB11BD57893424EA226135F670197B31B96B861BA05C0C4962AF5BC8D0FBCEE,
v0023,Artemi Zenith,CNC,"[""CNC""]",Cutting & Engraving,https://artemigroup.com/wp-content/uploads/2025/02/CNC-COMBINED-Spare-3mm.pdf,,,VERIFIED_GREEN,Jessica,ACTIVE,,List,26,1AB11BD57893424EA226135F670197B31B96B861BA05C0C4962AF5BC8D0FBCEE,
v0023,Artemi Zenith,Door & Window,"[""Door & Window""]","Aluminium Window

Sliding Door","https://artemigroup.com/wp-content/uploads/2025/02/Fremo-Artemi-Brochure-230718-BACKGROUND-PUTIH.pdf

https://artemigroup.com/wp-content/uploads/2025/02/Brosur-PCA-ALL-spare-3mm.pdf",,ini holding ada beberapa merek,VERIFIED_GREEN,Jessica,ACTIVE,,List,27,1AB11BD57893424EA226135F670197B31B96B861BA05C0C4962AF5BC8D0FBCEE,YES
v0024,Artisanwood,"Wall Finishing

Decking","[""Wall Finishing"", ""Decking""]",WPC,https://tr.ee/0cOFUh_1-X,https://drive.google.com/drive/folders/1fxDAZzCDccL8TyF9LiNZwoUNOao0sRBZ?usp=drive_link,,VERIFIED_GREEN,Jessica,ACTIVE,,List,28,1AB11BD57893424EA226135F670197B31B96B861BA05C0C4962AF5BC8D0FBCEE,YES
v0025,Arturo Paint,Wall Finishing,"[""Wall Finishing""]",Texture Paint,"http://arturoflakesmulticolor.com/category/arturotone/

http://arturoflakesmulticolor.com/category/claystone/

http://arturoflakesmulticolor.com/category/flakes/",https://drive.google.com/drive/u/2/folders/1IFZDOF98oFe3EO77UjVq1kh4cTfJdmAR,,VERIFIED_GREEN,Jessica,ACTIVE,,List,29,1AB11BD57893424EA226135F670197B31B96B861BA05C0C4962AF5BC8D0FBCEE,
v0027,Ashetiles,Stones,"[""Stones""]",Marble Tiles,https://wa.me/c/6287883632349,,,VERIFIED_GREEN,Jessica,ACTIVE,,List,30,1AB11BD57893424EA226135F670197B31B96B861BA05C0C4962AF5BC8D0FBCEE,
v0028,Astana ID,Furniture,"[""Furniture""]","Loose Furniture (Office Chair, Arm Chair, Stool)",,https://drive.google.com/drive/folders/11UmMZYy90BR20kzU4HSZB6UsG1Qgv_XC?usp=drive_link,Kursi meja,VERIFIED_GREEN,Jessica,ACTIVE,,List,31,1AB11BD57893424EA226135F670197B31B96B861BA05C0C4962AF5BC8D0FBCEE,
v0029,Ataya,Furniture,"[""Furniture""]",Home Furniture,,,,VERIFIED_GREEN,Jessica,ACTIVE,,List,32,1AB11BD57893424EA226135F670197B31B96B861BA05C0C4962AF5BC8D0FBCEE,
v0030,Ateja,Fabric,"[""Fabric""]","Home Furnishing, Outdoor Fabric, Sunscreen, Drapery",https://drive.google.com/drive/folders/1MXLka__DVp_zbTam4TvIFYWbrxPEOX7e,,Last post 2023,INACTIVE_RED,,ARCHIVED,,List,33,1AB11BD57893424EA226135F670197B31B96B861BA05C0C4962AF5BC8D0FBCEE,
v0031,Ateson Home,Sanitary,"[""Sanitary""]",Bathroom Accessories,https://atesonhome.com/general-catalogue/,https://drive.google.com/drive/folders/1j2H-qhSTELFR73hOv19HIgvvyg7bRsim?usp=drive_link,,VERIFIED_GREEN,Jessica,ACTIVE,,List,34,1AB11BD57893424EA226135F670197B31B96B861BA05C0C4962AF5BC8D0FBCEE,
v0031,Ateson Home,Sanitary,"[""Sanitary""]",Sanitary Ware,https://atesonhome.com/general-catalogue/,https://drive.google.com/drive/folders/1j2H-qhSTELFR73hOv19HIgvvyg7bRsim?usp=drive_link,,VERIFIED_GREEN,Jessica,ACTIVE,,List,35,1AB11BD57893424EA226135F670197B31B96B861BA05C0C4962AF5BC8D0FBCEE,
v0031,Ateson Home,Sanitary,"[""Sanitary""]",Kitchen Fitting,https://atesonhome.com/general-catalogue/,https://drive.google.com/drive/folders/1j2H-qhSTELFR73hOv19HIgvvyg7bRsim?usp=drive_link,,VERIFIED_GREEN,Jessica,ACTIVE,,List,36,1AB11BD57893424EA226135F670197B31B96B861BA05C0C4962AF5BC8D0FBCEE,
v0032,Atipa,Finishing,"[""Finishing""]",Flexible Tile - Wall Cladding,https://drive.google.com/file/d/1PJRkVRWHgiXjwHBgg9I3XZNzcZtXr5cE/view?usp=drivesdk,https://drive.google.com/file/d/1PJRkVRWHgiXjwHBgg9I3XZNzcZtXr5cE/view,,VERIFIED_GREEN,Jessica,ACTIVE,,List,37,1AB11BD57893424EA226135F670197B31B96B861BA05C0C4962AF5BC8D0FBCEE,
v0033,Avere,Lighting,"[""Lighting""]",Decorative Lamp,,,,VERIFIED_GREEN,Jessica,ACTIVE,,List,38,1AB11BD57893424EA226135F670197B31B96B861BA05C0C4962AF5BC8D0FBCEE,
v0034,Balian Decorative,Flooring,"[""Flooring""]",SPC Flooring,https://baliandecorative.id/product-tag/lantai-spc/,https://drive.google.com/drive/folders/1vtS1jCwhJ_Sg9p4Itc8aoTU7x52DpdaA?usp=share_link,,VERIFIED_GREEN,Jessica,ACTIVE,,List,39,1AB11BD57893424EA226135F670197B31B96B861BA05C0C4962AF5BC8D0FBCEE,
v0034,Balian Decorative,Flooring,"[""Flooring""]",Deck,https://baliandecorative.id/product-category/duradeck/,https://drive.google.com/drive/folders/1vtS1jCwhJ_Sg9p4Itc8aoTU7x52DpdaA?usp=share_link,,VERIFIED_GREEN,Jessica,ACTIVE,,List,40,1AB11BD57893424EA226135F670197B31B96B861BA05C0C4962AF5BC8D0FBCEE,
v0034,Balian Decorative,Wall Finishing,"[""Wall Finishing""]",Wall Panel,"https://baliandecorative.id/produk/
https://baliandecorative.id/product-tag/aksesoris-wall-panel/",https://drive.google.com/drive/folders/1vtS1jCwhJ_Sg9p4Itc8aoTU7x52DpdaA?usp=share_link,,VERIFIED_GREEN,Jessica,ACTIVE,,List,41,1AB11BD57893424EA226135F670197B31B96B861BA05C0C4962AF5BC8D0FBCEE,
v0034,Balian Decorative,Wall Finishing,"[""Wall Finishing""]",Moulding,https://baliandecorative.id/product-category/balian-wall-moulding/,https://drive.google.com/drive/folders/1vtS1jCwhJ_Sg9p4Itc8aoTU7x52DpdaA?usp=share_link,,VERIFIED_GREEN,Jessica,ACTIVE,,List,42,1AB11BD57893424EA226135F670197B31B96B861BA05C0C4962AF5BC8D0FBCEE,
v0035,Bambusa Bali,Home Decorations,"[""Home Decorations""]","Lighting, Decor, Furniture, Tableware, Mirror","https://bamboo-interior.com/lighting
https://bamboo-interior.com/decor
https://bamboo-interior.com/furniture",,,VERIFIED_GREEN,Jessica,ACTIVE,,List,43,1AB11BD57893424EA226135F670197B31B96B861BA05C0C4962AF5BC8D0FBCEE,
v0036,Bata Antasari 34,Materials,"[""Materials""]","Bata Expose, Bata Tempel, Roster",,Katalog Antasari Update (3 April).pdf,,VERIFIED_GREEN,Jessica,ACTIVE,,List,44,1AB11BD57893424EA226135F670197B31B96B861BA05C0C4962AF5BC8D0FBCEE,
v0037,Batara Living,Wall Finishing,"[""Wall Finishing""]",Texture Paint,,https://drive.google.com/drive/folders/1VbtTEOibj7kBYlr1zxfpSxDvQCiD-GEY?usp=share_link,,VERIFIED_GREEN,Jessica,ACTIVE,,List,45,1AB11BD57893424EA226135F670197B31B96B861BA05C0C4962AF5BC8D0FBCEE,
v0038,Batavia Living Furniture,Furniture,"[""Furniture""]",Outdoor Furniture - HDPE synthetic rattan,"https://www.batavia-living.com/diningbar-chairs
https://www.batavia-living.com/lounge-chairs
https://www.batavia-living.com/sofacollection
https://www.batavia-living.com/tables",https://drive.google.com/drive/folders/1QCh54Pp-pJQCHl_uXuD9w5sB2SmqZqU_?usp=drive_link,Sunloungers lounge chair sofa,VERIFIED_GREEN,Jessica,ACTIVE,,List,46,1AB11BD57893424EA226135F670197B31B96B861BA05C0C4962AF5BC8D0FBCEE,
v0039,BDA Group,Flooring,"[""Flooring""]",Sintered stone,https://tokopedia.link/p6CMuSieVNb,https://drive.google.com/drive/folders/1d1v8eU0cmvGes-NNh3uHxG7AiGxEonmH?usp=drive_link,,VERIFIED_GREEN,Jessica,ACTIVE,,List,47,1AB11BD57893424EA226135F670197B31B96B861BA05C0C4962AF5BC8D0FBCEE,
v0039,BDA Group,Flooring,"[""Flooring""]",SPC,https://tokopedia.link/p6CMuSieVNb,https://drive.google.com/drive/folders/1d1v8eU0cmvGes-NNh3uHxG7AiGxEonmH?usp=drive_link,,VERIFIED_GREEN,Jessica,ACTIVE,,List,48,1AB11BD57893424EA226135F670197B31B96B861BA05C0C4962AF5BC8D0FBCEE,
v0039,BDA Group,Flooring,"[""Flooring""]",Granite Tiles,https://tokopedia.link/p6CMuSieVNb,https://drive.google.com/drive/folders/1d1v8eU0cmvGes-NNh3uHxG7AiGxEonmH?usp=drive_link,,VERIFIED_GREEN,Jessica,ACTIVE,,List,49,1AB11BD57893424EA226135F670197B31B96B861BA05C0C4962AF5BC8D0FBCEE,
v0039,BDA Group,Sanitary,"[""Sanitary""]",Sanitary hardware,https://tokopedia.link/p6CMuSieVNb,https://drive.google.com/drive/folders/1d1v8eU0cmvGes-NNh3uHxG7AiGxEonmH?usp=drive_link,,VERIFIED_GREEN,Jessica,ACTIVE,,List,50,1AB11BD57893424EA226135F670197B31B96B861BA05C0C4962AF5BC8D0FBCEE,
v0039,BDA Group,Tiles,"[""Tiles""]",Mosaic,https://tokopedia.link/p6CMuSieVNb,https://drive.google.com/drive/folders/1d1v8eU0cmvGes-NNh3uHxG7AiGxEonmH?usp=drive_link,,VERIFIED_GREEN,Jessica,ACTIVE,,List,51,1AB11BD57893424EA226135F670197B31B96B861BA05C0C4962AF5BC8D0FBCEE,
v0040,Bell Living Lab,Furniture,"[""Furniture""]",Loose Furniture - (Green Materials),,,,VERIFIED_GREEN,Jessica,ACTIVE,,List,52,1AB11BD57893424EA226135F670197B31B96B861BA05C0C4962AF5BC8D0FBCEE,
v0041,Ben Wood,Wood,"[""Wood""]",Decorative Wood,,,,VERIFIED_GREEN,Jessica,ACTIVE,,List,53,1AB11BD57893424EA226135F670197B31B96B861BA05C0C4962AF5BC8D0FBCEE,
v0042,Beninca,Materials,"[""Materials""]",Automation & Accessories Gate - Garage - Doors,,Brochure LCK 2025.pdf,,VERIFIED_GREEN,Jessica,ACTIVE,,List,54,1AB11BD57893424EA226135F670197B31B96B861BA05C0C4962AF5BC8D0FBCEE,
v0043,Beta Living,Home Decorations,"[""Home Decorations""]",Decorative Objects,,,,VERIFIED_GREEN,Jessica,ACTIVE,,List,55,1AB11BD57893424EA226135F670197B31B96B861BA05C0C4962AF5BC8D0FBCEE,
v0044,Beyond Floor,Finishing,"[""Finishing""]","Vinyl, SPC",https://berkatdecor.com/?s=beyond+floor&post_type=product,Beyond Floor,"Wood, Abstract, Terazzo, Stone",VERIFIED_GREEN,Jessica,ACTIVE,,List,56,1AB11BD57893424EA226135F670197B31B96B861BA05C0C4962AF5BC8D0FBCEE,
v0045,Bianconero Compressa,Stones,"[""Stones""]",Compressed Marble - Artificial Granite Onyx Terrazzo Porcelain Tiles,,,,VERIFIED_GREEN,Jessica,ACTIVE,,List,57,1AB11BD57893424EA226135F670197B31B96B861BA05C0C4962AF5BC8D0FBCEE,
v0046,Bilionite,Finishing,"[""Finishing""]",Solid Surface,,https://ugc.production.linktr.ee/bf8b1d9a-6b24-404e-9801-e28d52a8b458_Catalogue-Bilionite-MHM-send.pdf,,VERIFIED_GREEN,Jessica,ACTIVE,,List,58,1AB11BD57893424EA226135F670197B31B96B861BA05C0C4962AF5BC8D0FBCEE,
v0047,Biruindonesia,Materials,"[""Materials""]",Ceiling & Partition System - Rolling Door - Door Hardware - Flooring - Automatic doors & Gate,,,,VERIFIED_GREEN,Jessica,ACTIVE,,List,59,1AB11BD57893424EA226135F670197B31B96B861BA05C0C4962AF5BC8D0FBCEE,
v0048,Blackwood,Furniture,"[""Furniture""]",Home Furniture,,,Sepertinya sudah tidak aktif lagi dari tahun 2020,INACTIVE_RED,,ARCHIVED,,List,60,1AB11BD57893424EA226135F670197B31B96B861BA05C0C4962AF5BC8D0FBCEE,
v0049,Blue Scope,Steel,"[""Steel""]",Steel Supplied,https://wa.me/c/628118716937,,,VERIFIED_GREEN,Jessica,ACTIVE,,List,61,1AB11BD57893424EA226135F670197B31B96B861BA05C0C4962AF5BC8D0FBCEE,
v0050,BODAQ by Hyundai L&C,Finishing,"[""Finishing""]",Interior Film - PVC Sheet,"https://online.anyflip.com/nuvyq/vxqo/mobile/index.html
https://bodaq.com
https://www.tokopedia.com/bodaqinteriorfilm",https://drive.google.com/drive/folders/1YEe0HbTyqaEvV1WTUrRiXZ-D4NWb9Le2?usp=share_link,,VERIFIED_GREEN,Jessica,ACTIVE,,List,62,1AB11BD57893424EA226135F670197B31B96B861BA05C0C4962AF5BC8D0FBCEE,
v0051,Bottega Artisan,Flooring,"[""Flooring""]",Ceramics,,,,VERIFIED_GREEN,Jessica,ACTIVE,,List,63,1AB11BD57893424EA226135F670197B31B96B861BA05C0C4962AF5BC8D0FBCEE,
v0052,BOWE,Flooring,"[""Flooring""]",Vinyl Tiles,,https://drive.google.com/drive/folders/16H8NEWPbn2pLIZkqg2umzZixGlTQnDqU?usp=sharing,,VERIFIED_GREEN,Jessica,ACTIVE,,List,64,1AB11BD57893424EA226135F670197B31B96B861BA05C0C4962AF5BC8D0FBCEE,
v0052,BOWE,Flooring,"[""Flooring""]",SPC,,https://drive.google.com/drive/folders/16H8NEWPbn2pLIZkqg2umzZixGlTQnDqU?usp=sharing,,VERIFIED_GREEN,Jessica,ACTIVE,,List,65,1AB11BD57893424EA226135F670197B31B96B861BA05C0C4962AF5BC8D0FBCEE,
v0052,BOWE,Wall Finishing,"[""Wall Finishing""]",WPC,,https://drive.google.com/drive/folders/16H8NEWPbn2pLIZkqg2umzZixGlTQnDqU?usp=sharing,,VERIFIED_GREEN,Jessica,ACTIVE,,List,66,1AB11BD57893424EA226135F670197B31B96B861BA05C0C4962AF5BC8D0FBCEE,
v0053,Brescia,Flooring,"[""Flooring""]",Marmer,https://www.bresciastonebali.com/stone-collection/,,,VERIFIED_GREEN,Jessica,ACTIVE,,List,67,1AB11BD57893424EA226135F670197B31B96B861BA05C0C4962AF5BC8D0FBCEE,
v0053,Brescia,Wall Finishing,"[""Wall Finishing""]",Marmer,https://www.bresciastonebali.com/stone-collection/,,,VERIFIED_GREEN,Jessica,ACTIVE,,List,68,1AB11BD57893424EA226135F670197B31B96B861BA05C0C4962AF5BC8D0FBCEE,
v0054,Brewsuniq Space,Furniture,"[""Furniture""]",Loose Furniture,,Brewsuniq Space Catalogue_2024.pdf,Custyom Project,VERIFIED_GREEN,Jessica,ACTIVE,,List,69,1AB11BD57893424EA226135F670197B31B96B861BA05C0C4962AF5BC8D0FBCEE,
v0055,Bunka Panca Karya,Materials,"[""Materials""]",Folding Gate - Spandek - Rolling Door,"https://www.bunkapancakarya.com/ 
https://www.tokopedia.com/bunkapancakarya",https://www.bunkapancakarya.com/assets/files/Katalog-2024.pdf,,VERIFIED_GREEN,Jessica,ACTIVE,,List,70,1AB11BD57893424EA226135F670197B31B96B861BA05C0C4962AF5BC8D0FBCEE,
v0056,Byoliving,Finishing,"[""Finishing""]",Rattan - Hand-woven Applications,,,"For facades, ceilings, railings, doors, windows, furniture, partitions, wall panel, artworks",VERIFIED_GREEN,Jessica,ACTIVE,,List,71,1AB11BD57893424EA226135F670197B31B96B861BA05C0C4962AF5BC8D0FBCEE,
v0057,Byucksan - Paper Yarn,Wall Finishing,"[""Wall Finishing""]",SPC - Paper Fibers,,https://drive.google.com/drive/folders/1abosW9soQRLpO4XTFZumAWaRxXtqbuLo?usp=drive_link,,VERIFIED_GREEN,Jessica,ACTIVE,,List,72,1AB11BD57893424EA226135F670197B31B96B861BA05C0C4962AF5BC8D0FBCEE,
v0058,Cambium Home,Furniture,"[""Furniture""]",Loose Furniture,https://www.cambiumhome.com/products/,,,VERIFIED_GREEN,Jessica,ACTIVE,,List,73,1AB11BD57893424EA226135F670197B31B96B861BA05C0C4962AF5BC8D0FBCEE,
v0059,CARA Living,Furniture,"[""Furniture""]","Custom Furniture (Sofa, Chairs, Stool)",,,,VERIFIED_GREEN,Jessica,ACTIVE,,List,74,1AB11BD57893424EA226135F670197B31B96B861BA05C0C4962AF5BC8D0FBCEE,
v0060,Cattelan Italia,Furniture,"[""Furniture""]","Loose Furniture (Sofa, Chairs, Table, Bed - Italian Brand)",https://melandas-indonesia.com/,,,VERIFIED_GREEN,Jessica,ACTIVE,,List,75,1AB11BD57893424EA226135F670197B31B96B861BA05C0C4962AF5BC8D0FBCEE,
v0061,Cellux Ceiling,Ceiling,"[""Ceiling""]",Decorative Ceiling,,,,VERIFIED_GREEN,Jessica,ACTIVE,,List,76,1AB11BD57893424EA226135F670197B31B96B861BA05C0C4962AF5BC8D0FBCEE,
v0062,Cemtex Innovation,Wall Finishing,"[""Wall Finishing""]",Texture Paint,,https://drive.google.com/drive/folders/1_R4aVOMDNU0VPxc1sQUHKiun_rgSrb2v?usp=share_link,,VERIFIED_GREEN,Jessica,ACTIVE,,List,77,1AB11BD57893424EA226135F670197B31B96B861BA05C0C4962AF5BC8D0FBCEE,
v0063,Centralite,Lighting,"[""Lighting""]",Industrial light - Neonlight LED Strip - Emergency,https://www.centralite.co.id/product,Centralite,,VERIFIED_GREEN,Jessica,ACTIVE,,List,78,1AB11BD57893424EA226135F670197B31B96B861BA05C0C4962AF5BC8D0FBCEE,
v0063,Centralite,Lighting,"[""Lighting""]",Architectual Lighting,https://centralite.co.id/,https://drive.google.com/drive/u/0/folders/1v4f_EQ9VIYXVFyb3WSmN-Q4Mr3_Oq2_m?sort=13&direction=a,,VERIFIED_GREEN,Jessica,ACTIVE,,List,79,1AB11BD57893424EA226135F670197B31B96B861BA05C0C4962AF5BC8D0FBCEE,
v0064,Christ Wood,Flooring,"[""Flooring""]",Solid Wood - Decking,,https://drive.google.com/file/d/1ITuMplF88CS5686nGcSSnZJFQJwtdGv6/view,"Merbau, Sonokeling, Jati",VERIFIED_GREEN,Jessica,ACTIVE,,List,80,1AB11BD57893424EA226135F670197B31B96B861BA05C0C4962AF5BC8D0FBCEE,
v0065,Chroma Asia,Wall Finishing,"[""Wall Finishing""]","Liquid Wallcovering, Special Paint Effect","https://chromaasia.com/catalog

https://chromaasia.com/nappa-neuwall

https://chromaasia.com/sabbia-neuwall

https://chromaasia.com/seta8-neuwall",,,VERIFIED_GREEN,Jessica,ACTIVE,,List,81,1AB11BD57893424EA226135F670197B31B96B861BA05C0C4962AF5BC8D0FBCEE,
v0066,Cipta Semula Laminates,Finishing,"[""Finishing""]",HPL,"https://ciptasemula.com/shop/

https://ciptasemula.com/download-e-catalog/",,,VERIFIED_GREEN,Jessica,ACTIVE,,List,82,1AB11BD57893424EA226135F670197B31B96B861BA05C0C4962AF5BC8D0FBCEE,
v0067,Citatah,Stones,"[""Stones""]",Mosaic,,https://drive.google.com/drive/folders/1gS8uQ2Nt7clVWiYNV4XlrLYyV-9ahErd?usp=drive_link,,VERIFIED_GREEN,Jessica,ACTIVE,,List,83,1AB11BD57893424EA226135F670197B31B96B861BA05C0C4962AF5BC8D0FBCEE,
v0067,Citatah,Stones,"[""Stones""]",Quartz surface,,https://drive.google.com/drive/folders/1gS8uQ2Nt7clVWiYNV4XlrLYyV-9ahErd?usp=drive_link,,VERIFIED_GREEN,Jessica,ACTIVE,,List,84,1AB11BD57893424EA226135F670197B31B96B861BA05C0C4962AF5BC8D0FBCEE,
v0067,Citatah,Stones,"[""Stones""]",Natural stone,,https://drive.google.com/drive/folders/1gS8uQ2Nt7clVWiYNV4XlrLYyV-9ahErd?usp=drive_link,,VERIFIED_GREEN,Jessica,ACTIVE,,List,85,1AB11BD57893424EA226135F670197B31B96B861BA05C0C4962AF5BC8D0FBCEE,
v0067,Citatah,Stones,"[""Stones""]",Leather Tiles,,https://drive.google.com/drive/folders/1gS8uQ2Nt7clVWiYNV4XlrLYyV-9ahErd?usp=drive_link,,VERIFIED_GREEN,Jessica,ACTIVE,,List,86,1AB11BD57893424EA226135F670197B31B96B861BA05C0C4962AF5BC8D0FBCEE,
v0067,Citatah,Stones,"[""Stones""]",Acrylic solid surface,,https://drive.google.com/drive/folders/1gS8uQ2Nt7clVWiYNV4XlrLYyV-9ahErd?usp=drive_link,,VERIFIED_GREEN,Jessica,ACTIVE,,List,87,1AB11BD57893424EA226135F670197B31B96B861BA05C0C4962AF5BC8D0FBCEE,
v0067,Citatah,Stones,"[""Stones""]",Technical stone,,https://drive.google.com/drive/folders/1gS8uQ2Nt7clVWiYNV4XlrLYyV-9ahErd?usp=drive_link,,VERIFIED_GREEN,Jessica,ACTIVE,,List,88,1AB11BD57893424EA226135F670197B31B96B861BA05C0C4962AF5BC8D0FBCEE,
v0068,Clayxible,Wall Finishing,"[""Wall Finishing""]",Stone,,https://drive.google.com/drive/folders/1qy6Mkh9xx-gzFK4oU28LifAK2WDtiKtN?usp=drive_link,,VERIFIED_GREEN,Jessica,ACTIVE,,List,89,1AB11BD57893424EA226135F670197B31B96B861BA05C0C4962AF5BC8D0FBCEE,
v0069,Colortek,Finishing,"[""Finishing""]",Decorative Paints & Flooring,,,,VERIFIED_GREEN,Jessica,ACTIVE,,List,90,1AB11BD57893424EA226135F670197B31B96B861BA05C0C4962AF5BC8D0FBCEE,
v0070,Coloursofchroma,Wall Finishing,"[""Wall Finishing""]",Liquid Metal - Premium Liquid Wallpaper,,,,VERIFIED_GREEN,Jessica,ACTIVE,,List,91,1AB11BD57893424EA226135F670197B31B96B861BA05C0C4962AF5BC8D0FBCEE,
v0071,Cordial,Furniture,"[""Furniture""]",Smart Furniture,"https://sites.google.com/cordialels.com/cordial/cordial

https://sites.google.com/cordialels.com/cordial/fursys

https://sites.google.com/cordialels.com/cordial/artmatrix",,"Furys, iloom, SIDIZ",VERIFIED_GREEN,Jessica,ACTIVE,,List,92,1AB11BD57893424EA226135F670197B31B96B861BA05C0C4962AF5BC8D0FBCEE,
v0072,Creative Lighting Asia,Lighting,"[""Lighting""]",,,,,VERIFIED_GREEN,Jessica,ACTIVE,,List,93,1AB11BD57893424EA226135F670197B31B96B861BA05C0C4962AF5BC8D0FBCEE,
v0073,Creatura Dekorasi,Wall Finishing,"[""Wall Finishing""]",High Gloss Acrylic,,,Substitution Interior Material for Duco & Marmer,VERIFIED_GREEN,Jessica,ACTIVE,,List,94,1AB11BD57893424EA226135F670197B31B96B861BA05C0C4962AF5BC8D0FBCEE,
v0074,CSL Leather,Fabric,"[""Fabric""]","Leather, Synthetic Leather","https://leder-haus.com/synthetic-leather

https://online.fliphtml5.com/zueke/ywuj/#p=1",,,VERIFIED_GREEN,Jessica,ACTIVE,,List,95,1AB11BD57893424EA226135F670197B31B96B861BA05C0C4962AF5BC8D0FBCEE,
v0074,CSL Leather,Flooring,"[""Flooring""]","Waterproof Flooring

Eco Composite Flooring (PVC & PP FREE)","https://online.fliphtml5.com/zueke/awqc/#p=1

https://online.fliphtml5.com/zueke/azke/#p=1

https://online.fliphtml5.com/zueke/glbm/#p=1",,,VERIFIED_GREEN,Jessica,ACTIVE,,List,96,1AB11BD57893424EA226135F670197B31B96B861BA05C0C4962AF5BC8D0FBCEE,YES
v0075,D'Grassada,Stones,"[""Stones""]",Marble - Granite,https://grasada.com/materials.html,,,VERIFIED_GREEN,Jessica,ACTIVE,,List,97,1AB11BD57893424EA226135F670197B31B96B861BA05C0C4962AF5BC8D0FBCEE,
v0076,Dastor Indonesia,Hardware,"[""Hardware""]",Fitting,,https://drive.google.com/drive/u/0/folders/14BugIjhBamkAS0ZosD5KJE2Eeghycmh8,,VERIFIED_GREEN,Jessica,ACTIVE,,List,98,1AB11BD57893424EA226135F670197B31B96B861BA05C0C4962AF5BC8D0FBCEE,
v0077,Deepa Lighting,Lighting,"[""Lighting""]",Interior Lighting,,,,VERIFIED_GREEN,Jessica,ACTIVE,,List,99,1AB11BD57893424EA226135F670197B31B96B861BA05C0C4962AF5BC8D0FBCEE,
v0078,Deka Sistemi,Hardware,"[""Hardware""]",Door Handle - Hinge,,,,VERIFIED_GREEN,Jessica,ACTIVE,,List,100,1AB11BD57893424EA226135F670197B31B96B861BA05C0C4962AF5BC8D0FBCEE,
v0079,Dekkson,Door,"[""Door""]",Steel Door,https://dekkson.com/home/brochures,https://drive.google.com/drive/folders/1_QawTQrl3rYcjLkZi35eSLf4wCMzWMgG?usp=drive_link,,VERIFIED_GREEN,Jessica,ACTIVE,,List,101,1AB11BD57893424EA226135F670197B31B96B861BA05C0C4962AF5BC8D0FBCEE,
v0079,Dekkson,Hardware,"[""Hardware""]","Handle & Knobs

Accessories for Glass

Furniture Fitting",https://dekkson.com/home/brochures,https://drive.google.com/drive/folders/1_QawTQrl3rYcjLkZi35eSLf4wCMzWMgG?usp=drive_link,,VERIFIED_GREEN,Jessica,ACTIVE,,List,102,1AB11BD57893424EA226135F670197B31B96B861BA05C0C4962AF5BC8D0FBCEE,YES
v0079,Dekkson,Sanitary,"[""Sanitary""]","Floor Drain, Shower, Faucet, Fitting, Bathroomm Accessories",https://dekkson.com/home/brochures,https://drive.google.com/drive/folders/1_QawTQrl3rYcjLkZi35eSLf4wCMzWMgG?usp=drive_link,,VERIFIED_GREEN,Jessica,ACTIVE,,List,103,1AB11BD57893424EA226135F670197B31B96B861BA05C0C4962AF5BC8D0FBCEE,
v0079,Dekkson,Smart Living,"[""Smart Living""]",Smart Home System,https://dekkson.com/home/brochures,https://drive.google.com/drive/folders/1_QawTQrl3rYcjLkZi35eSLf4wCMzWMgG?usp=drive_link,,VERIFIED_GREEN,Jessica,ACTIVE,,List,104,1AB11BD57893424EA226135F670197B31B96B861BA05C0C4962AF5BC8D0FBCEE,
v0080,Delica Aluminium,Door & Window,"[""Door & Window""]",Aluminium Door & Window,https://catalog.delica.co.id,https://drive.google.com/drive/folders/10PbHLVNwgNe-eUq94V4e7Obwic1s08Yh?usp=drive_link,,VERIFIED_GREEN,Jessica,ACTIVE,,List,105,1AB11BD57893424EA226135F670197B31B96B861BA05C0C4962AF5BC8D0FBCEE,
v0081,Desso by Tarkett,Flooring,"[""Flooring""]",Carpet Tiles & Rolles,,,,VERIFIED_GREEN,Jessica,ACTIVE,,List,106,1AB11BD57893424EA226135F670197B31B96B861BA05C0C4962AF5BC8D0FBCEE,
v0082,Dextron,Smart Living,"[""Smart Living""]",Smart Home System,https://www.dextronteknologi.com/download-katalog/,,,VERIFIED_GREEN,Jessica,ACTIVE,,List,107,1AB11BD57893424EA226135F670197B31B96B861BA05C0C4962AF5BC8D0FBCEE,
v0083,DH Casa,Furniture,"[""Furniture""]",Sofa - Table - Coffee Table - Custom Furniture (Unique Design),https://drive.google.com/drive/folders/1w3ns2wp_85cDNj5jopXXzfrAtuBPqSrv,https://drive.google.com/drive/folders/1jYPrIvKRXcWws_Hk34FPYSOmA_0JGePX,,VERIFIED_GREEN,Jessica,ACTIVE,,List,108,1AB11BD57893424EA226135F670197B31B96B861BA05C0C4962AF5BC8D0FBCEE,
v0084,Diva Furniture,Furniture,"[""Furniture""]",Sofa,,,,VERIFIED_GREEN,Jessica,ACTIVE,,List,109,1AB11BD57893424EA226135F670197B31B96B861BA05C0C4962AF5BC8D0FBCEE,
v0085,Diverso,Wall Finishing,"[""Wall Finishing""]",Interior Decorative Paint,,,,VERIFIED_GREEN,Jessica,ACTIVE,,List,110,1AB11BD57893424EA226135F670197B31B96B861BA05C0C4962AF5BC8D0FBCEE,
v0085,Diverso,Wall Finishing,"[""Wall Finishing""]",Exterior Decorative Paint,,,,VERIFIED_GREEN,Jessica,ACTIVE,,List,111,1AB11BD57893424EA226135F670197B31B96B861BA05C0C4962AF5BC8D0FBCEE,
v0086,Djalin,Furniture,"[""Furniture""]",Loose Furniture - Rattan,,https://drive.google.com/drive/folders/1NzZnXo7iB_gM3A0aDDIIVSQZmi_Xnsc3?usp=drive_link,"Dining Set, Lounge Chair, Bed, Sofa, Bar Stool",INACTIVE_RED,,ARCHIVED,,List,112,1AB11BD57893424EA226135F670197B31B96B861BA05C0C4962AF5BC8D0FBCEE,
v0087,Doorhandle,Hardware,"[""Hardware""]",Handle & Knobs,,,,VERIFIED_GREEN,Jessica,ACTIVE,,List,113,1AB11BD57893424EA226135F670197B31B96B861BA05C0C4962AF5BC8D0FBCEE,
v0088,Dormakaba Group,Hardware,"[""Hardware""]","Door Accessories, Floor Hinges, Door Closer, Mortis, Cubicle Shower, Door Access, Automatic Door",,Dormakaba Group,,VERIFIED_GREEN,Jessica,ACTIVE,,List,114,1AB11BD57893424EA226135F670197B31B96B861BA05C0C4962AF5BC8D0FBCEE,
v0089,Dphaus,Flooring,"[""Flooring""]","Ceramic & Porcelain - Marble, Wood, Terazzo, Stones, Cement",,https://drive.google.com/file/d/1Pz3EFvC6Y2-wRRg8tpSRCkUcyLX7Vb3m/view,,VERIFIED_GREEN,Jessica,ACTIVE,,List,115,1AB11BD57893424EA226135F670197B31B96B861BA05C0C4962AF5BC8D0FBCEE,
v0090,Duma,Deck,"[""Deck""]",WPC,https://duma.co.id/wp-content/uploads/2023/09/DUMA-DECK-BROCHURE.pdf,,,VERIFIED_GREEN,Jessica,ACTIVE,,List,116,1AB11BD57893424EA226135F670197B31B96B861BA05C0C4962AF5BC8D0FBCEE,
v0090,Duma,Wall Finishing,"[""Wall Finishing""]",WPC,"https://duma.co.id/wp-content/uploads/2023/07/DUMA-PANEL-BROCHURE.pdf
https://duma.co.id/wp-content/uploads/2023/09/DUMA-XTC-BROCHURE.pdf
https://duma.co.id/wp-content/uploads/2023/09/DUMA-LISPLANK-BROCHURE.pdf",,"Bisa untuk Plafon, Partisi",INACTIVE_RED,,ARCHIVED,,List,117,1AB11BD57893424EA226135F670197B31B96B861BA05C0C4962AF5BC8D0FBCEE,
v0091,Ecourban,Wall Finishing,"[""Wall Finishing""]",Wall Panel PVC,"https://ecourban.id/pages/solid-color-series
https://ecourban.id/pages/wood-grain-series
https://ecourban.id/pages/cloth-pattern-series
https://ecourban.id/pages/marble-stone-series",,,VERIFIED_GREEN,Jessica,ACTIVE,,List,118,1AB11BD57893424EA226135F670197B31B96B861BA05C0C4962AF5BC8D0FBCEE,
v0092,EDL,Finishing,"[""Finishing""]",HPL,"https://www.edleuro.com/materials/laminates/solid/

https://www.edleuro.com/materials/laminates/wood/",,,VERIFIED_GREEN,Jessica,ACTIVE,,List,119,1AB11BD57893424EA226135F670197B31B96B861BA05C0C4962AF5BC8D0FBCEE,
v0093,Elca,Lighting,"[""Lighting""]",Indoor lighting - Magnetic light - Outdoor light - Underwater light,https://www.elcacorp.com/products/,https://drive.google.com/drive/folders/1RDPp-UGZl1cF6IQNebqeYmygmGs6Y0lg?usp=share_link,,VERIFIED_GREEN,Jessica,ACTIVE,,List,120,1AB11BD57893424EA226135F670197B31B96B861BA05C0C4962AF5BC8D0FBCEE,
v0094,Eleganza Tiles,Finishing,"[""Finishing""]",Premium Tiles,https://www.eleganzaindonesia.com/products?general_application_id=&design_id=&color_id=&size_id=&surface_id=&search=,https://drive.google.com/file/d/1Oc6Hv_MU2K8qhoqZZIJUXAsjXqjcSzVN/view?usp=drivesdk,,VERIFIED_GREEN,Jessica,ACTIVE,,List,121,1AB11BD57893424EA226135F670197B31B96B861BA05C0C4962AF5BC8D0FBCEE,
v0095,Elite Glass,Glass,"[""Glass""]",Decorative Glass,,https://drive.google.com/drive/folders/1Graqg6o0VzbJvt-TdvCjKVGATyjaj8Tf?usp=sharing,,VERIFIED_GREEN,Jessica,ACTIVE,,List,122,1AB11BD57893424EA226135F670197B31B96B861BA05C0C4962AF5BC8D0FBCEE,
v0096,Ellogrin,Accessories,"[""Accessories""]","LED Furniture, Vase, Outdoor Lamp","https://ellogrin.id/wp-content/uploads/2025/09/ELLOGRIN-Catalog.pdf
https://ellogrin.id/products/",,,VERIFIED_GREEN,Jessica,ACTIVE,,List,123,1AB11BD57893424EA226135F670197B31B96B861BA05C0C4962AF5BC8D0FBCEE,
v0097,Enchanting,Sanitary,"[""Sanitary""]",Faucet - Basin - Closset,https://www.tokopedia.com/europeenchanting,https://drive.google.com/file/d/17Qj-cvTKP25zFmJxwbPm6fGciA7HDxQR/view,,VERIFIED_GREEN,Jessica,ACTIVE,,List,124,1AB11BD57893424EA226135F670197B31B96B861BA05C0C4962AF5BC8D0FBCEE,
v0098,ENVIRO,"Ceiling

Facade

Partition

Roofing","[""Ceiling"", ""Facade"", ""Partition"", ""Roofing""]",Woven Crafts,https://www.envirocraft.co.id/collections,https://drive.google.com/drive/folders/1VT4FPeI6F5DDq8UzOmDc9fVMjePoyaNZ?usp=drive_link,"Rattan, Cane, Fiber, Synthetic, Metal, Plastic, Recycled Plastic, and Leather.",VERIFIED_GREEN,Jessica,ACTIVE,,List,125,1AB11BD57893424EA226135F670197B31B96B861BA05C0C4962AF5BC8D0FBCEE,YES
v0099,Estica International,Door & Window,"[""Door & Window""]",Aluminium Door & Window,https://drive.google.com/file/d/14YG1seVQsDgiT1KRxx63CW60ne-dxry-/view?usp=drivesdk,https://drive.google.com/file/d/12XNgaPsm-MWCEYF4JoB1Vo1D9U_CdAtF/view?usp=drivesdk,ini holding ada beberapa merek,VERIFIED_GREEN,Jessica,ACTIVE,,List,126,1AB11BD57893424EA226135F670197B31B96B861BA05C0C4962AF5BC8D0FBCEE,
v0100,Eterna,Finishing,"[""Finishing""]",Toilet Cubicle System,,https://drive.google.com/drive/folders/1nPRgIAHKxRkK9rTx8ICboA_bA7Xc6WbK?usp=sharing,,VERIFIED_GREEN,Jessica,ACTIVE,,List,127,1AB11BD57893424EA226135F670197B31B96B861BA05C0C4962AF5BC8D0FBCEE,
v0101,Etivo Indonesia,Hardware,"[""Hardware""]",Handle & Knobs,,https://drive.google.com/file/d/1W7QpTPHNVeXlJL9oOvPXvtDiESq_-Kcc/view,Interior Cabinet Handles Specialist,VERIFIED_GREEN,Jessica,ACTIVE,,List,128,1AB11BD57893424EA226135F670197B31B96B861BA05C0C4962AF5BC8D0FBCEE,
v0102,Evergreen Trees,Decorative,"[""Decorative""]",Artificial Plants,https://drive.google.com/drive/folders/1pOsdmNxhnz-s1wqGmfoqA51yCHC_vWLN?usp=share_link,CATALOG EVERGREEN TREES,https://www.tokopedia.com/evergreentrees,VERIFIED_GREEN,Jessica,ACTIVE,,List,129,1AB11BD57893424EA226135F670197B31B96B861BA05C0C4962AF5BC8D0FBCEE,
v0103,Every,Furniture,"[""Furniture""]",Loose Furniture - Chairs,,https://drive.google.com/drive/folders/183nsxxeGbvhShBZ4bkwp4Kf-kb-UhOr0?usp=drive_link,Bisa custom fixed furniture juga,VERIFIED_GREEN,Jessica,ACTIVE,,List,130,1AB11BD57893424EA226135F670197B31B96B861BA05C0C4962AF5BC8D0FBCEE,
v0105,Expose Concrete,Wall Finishing,"[""Wall Finishing""]",Expose Concrete,,https://drive.google.com/drive/folders/1uma1VxICRrluA6QR4LGx83uuY8eOEpef?usp=drive_link,,VERIFIED_GREEN,Jessica,ACTIVE,,List,131,1AB11BD57893424EA226135F670197B31B96B861BA05C0C4962AF5BC8D0FBCEE,
v0106,Fabrica Indonesia,Door,"[""Door""]",Roller Blind - Folding Door - Folding Secutiry Door - Folding Mesh Door - Pintu Expanda,,Fabrica,,VERIFIED_GREEN,Jessica,ACTIVE,,List,132,1AB11BD57893424EA226135F670197B31B96B861BA05C0C4962AF5BC8D0FBCEE,
v0107,Fenstela,Door & Window,"[""Door & Window""]",Aluminium Door & Window,,https://fenstela.co.id/?fbclid=PAZXh0bgNhZW0CMTEAAaYCpIPXMc7rwZVar7yl4aeL25U-StOMIWOZtWyY0SiNL1ddyKtOykTNp8A_aem_oCYpR23FcIEgpzK1wPjG3g,,VERIFIED_GREEN,Jessica,ACTIVE,,List,133,1AB11BD57893424EA226135F670197B31B96B861BA05C0C4962AF5BC8D0FBCEE,
v0108,Ferrum,Iron Design,"[""Iron Design""]",Wrought Iron,https://besitempa.com/product,,"Staircase, Balcony, Door & Trellis, Gate & Fence, Canopy",VERIFIED_GREEN,Jessica,ACTIVE,,List,134,1AB11BD57893424EA226135F670197B31B96B861BA05C0C4962AF5BC8D0FBCEE,
v0109,Fideco,Wall Finishing,"[""Wall Finishing""]",2D Wall Panel - 3D Wall Panel - Stopne Veneer,,,,VERIFIED_GREEN,Jessica,ACTIVE,,List,135,1AB11BD57893424EA226135F670197B31B96B861BA05C0C4962AF5BC8D0FBCEE,
v0110,Fio,Accessories,"[""Accessories""]","Rugs/Carpet, Decorative Carpet",,"https://drive.google.com/drive/folders/1bcN1objs3HkHbk9-qay78reiSujjlJNA?usp=drive_link
https://drive.google.com/drive/folders/1bcN1objs3HkHbk9-qay78reiSujjlJNA?usp=drive_link",,VERIFIED_GREEN,Jessica,ACTIVE,,List,136,1AB11BD57893424EA226135F670197B31B96B861BA05C0C4962AF5BC8D0FBCEE,
v0111,Fobuma,Ecommers,"[""Ecommers""]",Produk konstruksi bangunan - teknik - arsitektur - interior,,,"Power Port, Grid Ceiling, Bingkai Alluminium, LED Flexi, Metal Ceiling, Fasad Sunscreen",VERIFIED_GREEN,Jessica,ACTIVE,,List,137,1AB11BD57893424EA226135F670197B31B96B861BA05C0C4962AF5BC8D0FBCEE,
v0112,Foresco,Wall Finishing,"[""Wall Finishing""]",MDF,,https://drive.google.com/drive/folders/1bMRkYEmpiBUL5x70Wts2sQP6Kdrp8HgP?usp=drive_link,,VERIFIED_GREEN,Jessica,ACTIVE,,List,138,1AB11BD57893424EA226135F670197B31B96B861BA05C0C4962AF5BC8D0FBCEE,
v0113,Forluxe,Wall Finishing,"[""Wall Finishing""]",WPC,,https://drive.google.com/drive/folders/1xK-buiFyhz51YmM42ztDNcAoO-LvHM7L?usp=drive_link,,VERIFIED_GREEN,Jessica,ACTIVE,,List,139,1AB11BD57893424EA226135F670197B31B96B861BA05C0C4962AF5BC8D0FBCEE,
v0114,Forme Furniture,Furniture,"[""Furniture""]",Home Furniture,,"https://drive.google.com/file/d/1Iw414pY6yZd9Q804KF93wjF6ECARamOG/view
https://drive.google.com/file/d/1EURYHJ7RcQoIkcFhgIRWiyiQjOxb6QKu/view",,VERIFIED_GREEN,Jessica,ACTIVE,,List,140,1AB11BD57893424EA226135F670197B31B96B861BA05C0C4962AF5BC8D0FBCEE,
v0115,Formwell,Door & Window,"[""Door & Window""]",Aluminium Frames Door & Window,,https://drive.google.com/drive/folders/1xgk18f2fgNgaSW3rjOjB8ZD_MUBD-2ky?usp=drive_link,"Aluminium Frame Profile Display - Display & Storage, Acrylic Solid Surface, High Pressure Laminate",VERIFIED_GREEN,Jessica,ACTIVE,,List,141,1AB11BD57893424EA226135F670197B31B96B861BA05C0C4962AF5BC8D0FBCEE,
v0116,Fortress Pintu Baja,Door,"[""Door""]",Steel Door,,,,VERIFIED_GREEN,Jessica,ACTIVE,,List,142,1AB11BD57893424EA226135F670197B31B96B861BA05C0C4962AF5BC8D0FBCEE,
v0117,Frame Work,Door & Window,"[""Door & Window""]",Aluminium Door & Window,,,"Aluminium: Deco & Segra
Glass-Stainless: Aquile",VERIFIED_GREEN,Jessica,ACTIVE,,List,143,1AB11BD57893424EA226135F670197B31B96B861BA05C0C4962AF5BC8D0FBCEE,
v0118,Fronterra,Door,"[""Door""]",Alluminium-Wood,https://online.fliphtml5.com/imiiz/slnv/,,Hybrid Entrance Door,VERIFIED_GREEN,Jessica,ACTIVE,,List,144,1AB11BD57893424EA226135F670197B31B96B861BA05C0C4962AF5BC8D0FBCEE,
v0119,Fu Texture,Wall Finishing,"[""Wall Finishing""]",Texture Paint,,,,VERIFIED_GREEN,Jessica,ACTIVE,,List,145,1AB11BD57893424EA226135F670197B31B96B861BA05C0C4962AF5BC8D0FBCEE,
v0120,Fusion Local,Furniture,"[""Furniture""]","Loose Furniture (Sofa, Chairs, Table, Dining Table)",,https://drive.google.com/drive/folders/1XCt_kfIj3pPBzK6h-Fm55Wdtze1XNmqA?usp=drive_link,Ada design & build juga,VERIFIED_GREEN,Jessica,ACTIVE,,List,146,1AB11BD57893424EA226135F670197B31B96B861BA05C0C4962AF5BC8D0FBCEE,
v0120,Fusion Local,Lighting,"[""Lighting""]",Chanderlier - Pendant - Hanging & ceiling lamp,,https://drive.google.com/drive/folders/1XCt_kfIj3pPBzK6h-Fm55Wdtze1XNmqA?usp=drive_link,Ada design & build juga,VERIFIED_GREEN,Jessica,ACTIVE,,List,147,1AB11BD57893424EA226135F670197B31B96B861BA05C0C4962AF5BC8D0FBCEE,
v0121,GAIA Wallpanel,Wall Finishing,"[""Wall Finishing""]",SPC - Wall Panel,,https://drive.google.com/drive/folders/1NiIz0Mpg1zxQGD28sYb1cXk5Am2OGg5s?usp=sharing,,VERIFIED_GREEN,Jessica,ACTIVE,,List,148,1AB11BD57893424EA226135F670197B31B96B861BA05C0C4962AF5BC8D0FBCEE,
v0122,Galeri Jati Asli,Furniture,"[""Furniture""]",Solid Wood Jati,,,"Door, Stair, Floor & Deck, Wooden Structure",VERIFIED_GREEN,Jessica,ACTIVE,,List,149,1AB11BD57893424EA226135F670197B31B96B861BA05C0C4962AF5BC8D0FBCEE,
v0123,Galleria,Sanitary,"[""Sanitary""]",Bathroom - Kitchen - Water Heater - Hand Dryer,,,"KOHLER, Grohe, Axor, Crestial, dll",VERIFIED_GREEN,Jessica,ACTIVE,,List,150,1AB11BD57893424EA226135F670197B31B96B861BA05C0C4962AF5BC8D0FBCEE,
v0124,Gammapaint,Wall Finishing,"[""Wall Finishing""]",Texture Paint,,https://drive.google.com/drive/folders/1wKtZiYKqAKM12kLYm1zZy-Y07mLJ14eg?usp=drive_link,,VERIFIED_GREEN,Jessica,ACTIVE,,List,151,1AB11BD57893424EA226135F670197B31B96B861BA05C0C4962AF5BC8D0FBCEE,
v0125,Gatra Marmer,Flooring,"[""Flooring""]",Granit,,,Bisa juga untuk top table,VERIFIED_GREEN,Jessica,ACTIVE,,List,152,1AB11BD57893424EA226135F670197B31B96B861BA05C0C4962AF5BC8D0FBCEE,
v0125,Gatra Marmer,Flooring,"[""Flooring""]",Marmer,,,Bisa juga untuk top table,VERIFIED_GREEN,Jessica,ACTIVE,,List,153,1AB11BD57893424EA226135F670197B31B96B861BA05C0C4962AF5BC8D0FBCEE,
v0126,Germany Brilliant,Sanitary,"[""Sanitary""]","Toilet, Sink, Shower, Faucet, Rack",https://germanybrilliant.com/produk,"https://germanybrilliant.com/Katalog/download/14?fbclid=PARlRTSAN1TSJleHRuA2FlbQIxMQABp24aXjceAkc7_JFz6LqWC1Ue-gDE_YEVuIMttL-
https://germanybrilliant.com/Katalog/download/12?fbclid=PARlRTSAN1TThleHRuA2FlbQIxMQABp24aXjceAkc7_JFz6LqWC1Ue-gDE_YEVuIMttL-HSxnUodgjaPxKqjp_xg2Z_aem_dyb8o1CzqPBRncG3sobuWQHSxnUodgjaPxKqjp_xg2Z_aem_dyb8o1CzqPBRncG3sobuWQ",,VERIFIED_GREEN,Jessica,ACTIVE,,List,154,1AB11BD57893424EA226135F670197B31B96B861BA05C0C4962AF5BC8D0FBCEE,
v0127,Globalindo Sinar Perkasa,Flooring,"[""Flooring""]",Rubber Tiles Floor,https://www.tokopedia.com/globalindoperkasa,,,VERIFIED_GREEN,Jessica,ACTIVE,,List,155,1AB11BD57893424EA226135F670197B31B96B861BA05C0C4962AF5BC8D0FBCEE,
v0128,Glorall Indonesia,Furniture,"[""Furniture""]",Salon Furniture,,,,VERIFIED_GREEN,Jessica,ACTIVE,,List,156,1AB11BD57893424EA226135F670197B31B96B861BA05C0C4962AF5BC8D0FBCEE,
v0129,GMR Marble,Wall Finishing,"[""Wall Finishing""]","Granit, Marmer, Onyx",,https://drive.google.com/drive/folders/1zgaN6uX-aM5wNhceV5ZkWuXSCgS0C0ft,,VERIFIED_GREEN,Jessica,ACTIVE,,List,157,1AB11BD57893424EA226135F670197B31B96B861BA05C0C4962AF5BC8D0FBCEE,
v0130,Grandome Indonesia,Furniture,"[""Furniture""]",Home Furniture,,,,VERIFIED_GREEN,Jessica,ACTIVE,,List,158,1AB11BD57893424EA226135F670197B31B96B861BA05C0C4962AF5BC8D0FBCEE,
v0131,Granito,Flooring,"[""Flooring""]",Ceramics,"https://granito.co.id/wp-content/uploads/2025/06/Katalog-Granito-The-Perfect-2-Jun-2025-DIGITAL-SHARE-2.pdf
https://granito.co.id/wp-content/uploads/2024/09/Flyer-Granito-Stardust-A4-Digital-Share.pdf
https://granito.co.id/wp-content/uploads/2025/04/Flyer-Safetech-Delphi-A4-1.pdf",https://drive.google.com/drive/folders/1cWSx5ofldhVi8xMlSj9t2lJyAvypFBd6?usp=drive_link,"Granite Stones, Mosaic Modular",VERIFIED_GREEN,Jessica,ACTIVE,,List,159,1AB11BD57893424EA226135F670197B31B96B861BA05C0C4962AF5BC8D0FBCEE,
v0132,Granroof,Canopy,"[""Canopy""]",,https://online.fliphtml5.com/imiiz/slnv/,,Carport Canopy,VERIFIED_GREEN,Jessica,ACTIVE,,List,160,1AB11BD57893424EA226135F670197B31B96B861BA05C0C4962AF5BC8D0FBCEE,
v0133,Green Alu,Door & Window,"[""Door & Window""]",Aluminium Window & Door,,https://drive.google.com/drive/folders/1iwHQg3nO1cCZpI1wTak56vCA3iJjz8Oo?usp=drive_link,,VERIFIED_GREEN,Jessica,ACTIVE,,List,161,1AB11BD57893424EA226135F670197B31B96B861BA05C0C4962AF5BC8D0FBCEE,
v0134,Green Leaves,Accessories,"[""Accessories""]","Rugs/Carpet, Decorative Carpet",,Green Leaves Carpet,,VERIFIED_GREEN,Jessica,ACTIVE,,List,162,1AB11BD57893424EA226135F670197B31B96B861BA05C0C4962AF5BC8D0FBCEE,
v0135,Green Teak,Flooring,"[""Flooring""]",Vinyl Tiles,,https://drive.google.com/drive/folders/1XNmAvmK4TmovZrunhuafe8HP_amne9s-?usp=drive_link,,VERIFIED_GREEN,Jessica,ACTIVE,,List,163,1AB11BD57893424EA226135F670197B31B96B861BA05C0C4962AF5BC8D0FBCEE,
v0135,Green Teak,Flooring,"[""Flooring""]",Vinyl Roll,,https://drive.google.com/drive/folders/1XNmAvmK4TmovZrunhuafe8HP_amne9s-?usp=drive_link,,VERIFIED_GREEN,Jessica,ACTIVE,,List,164,1AB11BD57893424EA226135F670197B31B96B861BA05C0C4962AF5BC8D0FBCEE,
v0135,Green Teak,Wall Finishing,"[""Wall Finishing""]",WPC,,https://drive.google.com/drive/folders/1XNmAvmK4TmovZrunhuafe8HP_amne9s-?usp=drive_link,,VERIFIED_GREEN,Jessica,ACTIVE,,List,165,1AB11BD57893424EA226135F670197B31B96B861BA05C0C4962AF5BC8D0FBCEE,
v0136,"Habitat, Milan Tiles",Flooring,"[""Flooring""]",Ceramics,,https://drive.google.com/drive/folders/1qVgYn8mlOygarIUvQS0KyxZy9j2U1azX?usp=drive_link,,VERIFIED_GREEN,Jessica,ACTIVE,,List,166,1AB11BD57893424EA226135F670197B31B96B861BA05C0C4962AF5BC8D0FBCEE,
v0136,"Habitat, Milan Tiles",Wall Finishing,"[""Wall Finishing""]",Ceramics,,https://drive.google.com/drive/folders/1qVgYn8mlOygarIUvQS0KyxZy9j2U1azX?usp=drive_link,,VERIFIED_GREEN,Jessica,ACTIVE,,List,167,1AB11BD57893424EA226135F670197B31B96B861BA05C0C4962AF5BC8D0FBCEE,
v0137,Habitus Concept,Hardware,"[""Hardware""]",Handle & Knobs,,https://drive.google.com/drive/folders/1Pz5I2zTMjQw4L9PMCbejz38-p-HbgjNC?usp=drive_link,,VERIFIED_GREEN,Jessica,ACTIVE,,List,168,1AB11BD57893424EA226135F670197B31B96B861BA05C0C4962AF5BC8D0FBCEE,
v0138,Hafele,Hardware,"[""Hardware""]",Fitting & Accessories,https://drive.google.com/file/d/1dtwMJPzIrxUVzNxJsBYswE2-DkqAl_DX/view?usp=drivesdk,https://drive.google.com/drive/folders/1uM-8rU0jjPKVcAzP4f_rWLshQC2QaiMd,,VERIFIED_GREEN,Jessica,ACTIVE,,List,169,1AB11BD57893424EA226135F670197B31B96B861BA05C0C4962AF5BC8D0FBCEE,
v0139,Hale Magis,Decorative,"[""Decorative""]",Home Decorations,,https://drive.google.com/drive/folders/1pgCnPTdKt2G9aO3myZnGPMLmWWN6Rrih?usp=drive_link,,VERIFIED_GREEN,Jessica,ACTIVE,,List,170,1AB11BD57893424EA226135F670197B31B96B861BA05C0C4962AF5BC8D0FBCEE,
v0140,Harfit,Door,"[""Door""]",Sliding/Folding Door,,https://drive.google.com/drive/folders/16jfx42to-3Xsd7XrVeajNumaq2JK3M_m?usp=drive_link,,VERIFIED_GREEN,Jessica,ACTIVE,,List,171,1AB11BD57893424EA226135F670197B31B96B861BA05C0C4962AF5BC8D0FBCEE,
v0140,Harfit,Hardware,"[""Hardware""]",Kitchen Hardware,,https://drive.google.com/drive/folders/16jfx42to-3Xsd7XrVeajNumaq2JK3M_m?usp=drive_link,,VERIFIED_GREEN,Jessica,ACTIVE,,List,172,1AB11BD57893424EA226135F670197B31B96B861BA05C0C4962AF5BC8D0FBCEE,
v0140,Harfit,Hardware,"[""Hardware""]",Hardware,,https://drive.google.com/drive/folders/16jfx42to-3Xsd7XrVeajNumaq2JK3M_m?usp=drive_link,,VERIFIED_GREEN,Jessica,ACTIVE,,List,173,1AB11BD57893424EA226135F670197B31B96B861BA05C0C4962AF5BC8D0FBCEE,
v0140,Harfit,Hardware,"[""Hardware""]",Hinge,,https://drive.google.com/drive/folders/16jfx42to-3Xsd7XrVeajNumaq2JK3M_m?usp=drive_link,,VERIFIED_GREEN,Jessica,ACTIVE,,List,174,1AB11BD57893424EA226135F670197B31B96B861BA05C0C4962AF5BC8D0FBCEE,
v0140,Harfit,Hardware,"[""Hardware""]",Drawer runner,,https://drive.google.com/drive/folders/16jfx42to-3Xsd7XrVeajNumaq2JK3M_m?usp=drive_link,,VERIFIED_GREEN,Jessica,ACTIVE,,List,175,1AB11BD57893424EA226135F670197B31B96B861BA05C0C4962AF5BC8D0FBCEE,
v0140,Harfit,Hardware,"[""Hardware""]",Kitchenware,,https://drive.google.com/drive/folders/16jfx42to-3Xsd7XrVeajNumaq2JK3M_m?usp=drive_link,,VERIFIED_GREEN,Jessica,ACTIVE,,List,176,1AB11BD57893424EA226135F670197B31B96B861BA05C0C4962AF5BC8D0FBCEE,
v0140,Harfit,Hardware,"[""Hardware""]",Fitting & Accessories,,https://drive.google.com/drive/folders/16jfx42to-3Xsd7XrVeajNumaq2JK3M_m?usp=drive_link,,VERIFIED_GREEN,Jessica,ACTIVE,,List,177,1AB11BD57893424EA226135F670197B31B96B861BA05C0C4962AF5BC8D0FBCEE,
v0140,Harfit,Hardware,"[""Hardware""]",Home Improvement,,https://drive.google.com/drive/folders/16jfx42to-3Xsd7XrVeajNumaq2JK3M_m?usp=drive_link,,VERIFIED_GREEN,Jessica,ACTIVE,,List,178,1AB11BD57893424EA226135F670197B31B96B861BA05C0C4962AF5BC8D0FBCEE,
v0140,Harfit,Materials,"[""Materials""]",Aluminium Profile,,https://drive.google.com/drive/folders/16jfx42to-3Xsd7XrVeajNumaq2JK3M_m?usp=drive_link,,VERIFIED_GREEN,Jessica,ACTIVE,,List,179,1AB11BD57893424EA226135F670197B31B96B861BA05C0C4962AF5BC8D0FBCEE,
v0141,High Point,Furniture,"[""Furniture""]",,,https://drive.google.com/drive/folders/1qnkVjLTbsMphdboWZP6O6Ey62M_l7ggV?usp=drive_link,Meja Kursi Lampu,VERIFIED_GREEN,Jessica,ACTIVE,,List,180,1AB11BD57893424EA226135F670197B31B96B861BA05C0C4962AF5BC8D0FBCEE,
v0141,High Point,Furniture,"[""Furniture""]",Office Furniture,,https://drive.google.com/drive/folders/1qnkVjLTbsMphdboWZP6O6Ey62M_l7ggV?usp=drive_link,,VERIFIED_GREEN,Jessica,ACTIVE,,List,181,1AB11BD57893424EA226135F670197B31B96B861BA05C0C4962AF5BC8D0FBCEE,
v0141,High Point,Wall Finishing,"[""Wall Finishing""]",Acoustic Panel,,https://drive.google.com/drive/folders/1qnkVjLTbsMphdboWZP6O6Ey62M_l7ggV?usp=drive_link,VECHO,VERIFIED_GREEN,Jessica,ACTIVE,,List,182,1AB11BD57893424EA226135F670197B31B96B861BA05C0C4962AF5BC8D0FBCEE,
v0142,Higold,Hardware,"[""Hardware""]",Kitchen Fittings - Wardrobe Fittings,https://gantara.id/product/?fbclid=PAVERFWANIIDZleHRuA2FlbQIxMQABp3wwawd0Mo4gFcFmWBb649nrjas1wDr42oQkvbSxljxSSznVHOZzuRnKcFuv_aem_kE71g4e3Fo9O_z_YwZlvuQ,,,VERIFIED_GREEN,Jessica,ACTIVE,,List,183,1AB11BD57893424EA226135F670197B31B96B861BA05C0C4962AF5BC8D0FBCEE,
v0143,Idecemerlang,Lighting,"[""Lighting""]",Hanging Lamp,,,Rotan Hanging Lamp,VERIFIED_GREEN,Jessica,ACTIVE,,List,184,1AB11BD57893424EA226135F670197B31B96B861BA05C0C4962AF5BC8D0FBCEE,
v0144,Idefab,Fabric,"[""Fabric""]",Fabric - Leather - Curtain,,https://drive.google.com/drive/folders/1LvpNc4AQ-zkhaZZSpSqovWwlYL8-uaFs?usp=drive_link,Indoor & Outdoor Fabric,VERIFIED_GREEN,Jessica,ACTIVE,,List,185,1AB11BD57893424EA226135F670197B31B96B861BA05C0C4962AF5BC8D0FBCEE,
v0145,Iluma,Lighting,"[""Lighting""]",Chandelier,,,,VERIFIED_GREEN,Jessica,ACTIVE,,List,186,1AB11BD57893424EA226135F670197B31B96B861BA05C0C4962AF5BC8D0FBCEE,
v0146,Iluma Lighting,Lighting,"[""Lighting""]",Wall Lamp - Floor Lamp,,,,VERIFIED_GREEN,Jessica,ACTIVE,,List,187,1AB11BD57893424EA226135F670197B31B96B861BA05C0C4962AF5BC8D0FBCEE,
v0147,INAX,Flooring,"[""Flooring""]",,,https://drive.google.com/drive/folders/1aEGVAv6bAekrvIUccuNcQbCadoXjNWdx?usp=drive_link,Ecocarat,VERIFIED_GREEN,Jessica,ACTIVE,,List,188,1AB11BD57893424EA226135F670197B31B96B861BA05C0C4962AF5BC8D0FBCEE,
v0147,INAX,Wall Finishing,"[""Wall Finishing""]",Mosaic,,https://drive.google.com/drive/folders/1aEGVAv6bAekrvIUccuNcQbCadoXjNWdx?usp=drive_link,Japanese Tiles World,VERIFIED_GREEN,Jessica,ACTIVE,,List,189,1AB11BD57893424EA226135F670197B31B96B861BA05C0C4962AF5BC8D0FBCEE,
v0148,Indah Alam,Decorative,"[""Decorative""]","Artificial Flowers, Plants",,,Planters & Trees,VERIFIED_GREEN,Jessica,ACTIVE,,List,190,1AB11BD57893424EA226135F670197B31B96B861BA05C0C4962AF5BC8D0FBCEE,
v0149,Indie.furn,Furniture,"[""Furniture""]",Custom Furniture,,,"Chair, Cabinet, Sofa, Table, Credenza",VERIFIED_GREEN,Jessica,ACTIVE,,List,191,1AB11BD57893424EA226135F670197B31B96B861BA05C0C4962AF5BC8D0FBCEE,
v0150,Indogress,Flooring,"[""Flooring""]",Ceramic - Bigslab - Marble - Wood - Industrial - Stone - Art,https://indogress.com/wp-content/uploads/2023/08/INDOGRESS-Regular-2025.pdf?fbclid=PARlRTSAN1P5tleHRuA2FlbQIxMQABp3Kh615YORhDx7f_6GetQ1TzH1wti3FdP5Q1a2RNuO6vBRi7fpALrY9ULmC6_aem_F73VWGaIrZ_5lQ-6mBAODQ,https://indogress.com/wp-content/uploads/2023/08/INDOGRESS-BIGSlab-2025.pdf?fbclid=PARlRTSAN1P7JleHRuA2FlbQIxMQABp3Kh615YORhDx7f_6GetQ1TzH1wti3FdP5Q1a2RNuO6vBRi7fpALrY9ULmC6_aem_F73VWGaIrZ_5lQ-6mBAODQ,,VERIFIED_GREEN,Jessica,ACTIVE,,List,192,1AB11BD57893424EA226135F670197B31B96B861BA05C0C4962AF5BC8D0FBCEE,
v0151,Indospace,Furniture,"[""Furniture""]",Chair,,https://drive.google.com/drive/u/3/my-drive,,VERIFIED_GREEN,Jessica,ACTIVE,,List,193,1AB11BD57893424EA226135F670197B31B96B861BA05C0C4962AF5BC8D0FBCEE,
v0152,Infiniti,Tiles,"[""Tiles""]",Granite Tiles,https://www.titaniumgranite.com/products/?swoof=1&brand=infiniti,https://drive.google.com/drive/folders/1e1sc4b1iiGllX23NqYOHbBAa9ytEojZd?usp=drive_link,,VERIFIED_GREEN,Jessica,ACTIVE,,List,194,1AB11BD57893424EA226135F670197B31B96B861BA05C0C4962AF5BC8D0FBCEE,
v0153,Inka Glass,Glass,"[""Glass""]",Glass - Folding Glass,"https://www.inkaglass.com/frameless%20sliding%20glass%20door.html
https://www.inkaglass.com/semi%20frameless%20glass%20folding%20door.html
https://www.inkaglass.com/frameless%20glass%20folding%20door.html
https://www.inkaglass.com/moving%20wall.html
https://www.inkaglass.com/additional%20items.html",,,VERIFIED_GREEN,Jessica,ACTIVE,,List,195,1AB11BD57893424EA226135F670197B31B96B861BA05C0C4962AF5BC8D0FBCEE,
v0154,Inome Houseware,Decorative,"[""Decorative""]",Tableware,https://shopee.co.id/inome_houseware,,,VERIFIED_GREEN,Jessica,ACTIVE,,List,196,1AB11BD57893424EA226135F670197B31B96B861BA05C0C4962AF5BC8D0FBCEE,
v0156,Inston,Flooring,"[""Flooring""]",Beton,,Inston - Beton Instan,Beton Instan,VERIFIED_GREEN,Jessica,ACTIVE,,List,197,1AB11BD57893424EA226135F670197B31B96B861BA05C0C4962AF5BC8D0FBCEE,
v0157,Interiorfurniturestore,Furniture,"[""Furniture""]",Loose Furniture,,,"Chair, Sofa, Cabinet, Dipan, Mirror",VERIFIED_GREEN,Jessica,ACTIVE,,List,198,1AB11BD57893424EA226135F670197B31B96B861BA05C0C4962AF5BC8D0FBCEE,
v0158,Inti Solar,Installation,"[""Installation""]",Water Heater,,,,VERIFIED_GREEN,Jessica,ACTIVE,,List,199,1AB11BD57893424EA226135F670197B31B96B861BA05C0C4962AF5BC8D0FBCEE,
v0159,Jati Tari Meubel,Furniture,"[""Furniture""]",Loose Furniture,,,"Chair, Dipan, Coffee Table, Sideboard, Cabinet",VERIFIED_GREEN,Jessica,ACTIVE,,List,200,1AB11BD57893424EA226135F670197B31B96B861BA05C0C4962AF5BC8D0FBCEE,
v0160,JSM Lighting by Skylite,Lighting,"[""Lighting""]","General Lighting, Special Lighting",,https://drive.google.com/drive/folders/1ZqE1XTtvfxnMYrZ7nVd8WRSg9tRXBdsd?usp=share_link,,VERIFIED_GREEN,Jessica,ACTIVE,,List,201,1AB11BD57893424EA226135F670197B31B96B861BA05C0C4962AF5BC8D0FBCEE,
v0161,Kacaruma,Door & Window,"[""Door & Window""]",Aluminium Window & Door,https://kacaruma.com/commercial/,,Kusen Aluminium & Kaca Arsitektural,VERIFIED_GREEN,Jessica,ACTIVE,,List,202,1AB11BD57893424EA226135F670197B31B96B861BA05C0C4962AF5BC8D0FBCEE,
v0162,Kai Space - Kai Gallery,Furniture,"[""Furniture""]","Office, Kitchen",https://www.tokopedia.com/kaispaceofficial/product,,,VERIFIED_GREEN,Jessica,ACTIVE,,List,203,1AB11BD57893424EA226135F670197B31B96B861BA05C0C4962AF5BC8D0FBCEE,
v0163,Kaiiliving,Engineering Wood,"[""Engineering Wood""]","Wood & Panel Furniture, Wood Deck",,,,VERIFIED_GREEN,Jessica,ACTIVE,,List,204,1AB11BD57893424EA226135F670197B31B96B861BA05C0C4962AF5BC8D0FBCEE,
v0164,Kaisheng,Door & Window,"[""Door & Window""]",UPVC - Steel Door,,,,VERIFIED_GREEN,Jessica,ACTIVE,,List,205,1AB11BD57893424EA226135F670197B31B96B861BA05C0C4962AF5BC8D0FBCEE,
v0165,Kammer,Finishing,"[""Finishing""]",Marbles,,,"Travertines, Onyx, Granites",VERIFIED_GREEN,Jessica,ACTIVE,,List,206,1AB11BD57893424EA226135F670197B31B96B861BA05C0C4962AF5BC8D0FBCEE,
v0165,Kammer,Flooring,"[""Flooring""]",Terrazzo,,,,VERIFIED_GREEN,Jessica,ACTIVE,,List,207,1AB11BD57893424EA226135F670197B31B96B861BA05C0C4962AF5BC8D0FBCEE,
v0165,Kammer,Wall Finishing,"[""Wall Finishing""]",Marmer,,,,VERIFIED_GREEN,Jessica,ACTIVE,,List,208,1AB11BD57893424EA226135F670197B31B96B861BA05C0C4962AF5BC8D0FBCEE,
v0166,Karang Pilang,Finishing,"[""Finishing""]",Decorative Brick,https://www.tokopedia.com/karangpilangjakarta?utm_source=whatsapp&utm_medium=share&utm_campaign=Shop-6920938-541666-230622&_branch_match_id=765074945979680988&_branch_referrer=H4sIAAAAAAAAA8soKSkottLXL8nPzi9ITclM1MvJzMvW9zQI8nFxC843LUyyrytKTUstKsrMS49PKsovL04tsnXOKMrPTQUABqR80zwAAAA%3D,,,VERIFIED_GREEN,Jessica,ACTIVE,,List,209,1AB11BD57893424EA226135F670197B31B96B861BA05C0C4962AF5BC8D0FBCEE,
v0167,Karya Graha Cemerlang,Tiles,"[""Tiles""]","Ceramic, Mosaic",https://www.tokopedia.com/kgcemerlang?_branch_match_id=1394971922199593842&utm_source=sellerchannel&utm_campaign=Shop-0-836306-0&utm_medium=share&_branch_referrer=H4sIAAAAAAAAA8soKSkottLXL8nPzi9ITclM1MvJzMvWz05PTs1NLcpJzEu3rytKTUstKsrMS49PKsovL04tsnXOKMrPTQUA9rgq%2BjwAAAA%3D,,Wood Floors,VERIFIED_GREEN,Jessica,ACTIVE,,List,210,1AB11BD57893424EA226135F670197B31B96B861BA05C0C4962AF5BC8D0FBCEE,
v0168,Katta Indonesia,Furniture,"[""Furniture""]","Loose Furniture  - Sofa, Arm Chair, Dining Chair",https://d1fdloi71mui9q.cloudfront.net/t8aosAEiRveSe1hxQ4xD_KATTA%20Indonesia%20Brochure.pdf?fbclid=PARlRTSANe_51leHRuA2FlbQIxMQABp0JNLTs7rpIlDDS99E5oXtjOkvJoYNuTIsvFTdocr9sM1cSW8FK-uGyiax8q_aem_n3SOZJeKgo6wl0p-WI1MJg,,Import - Condehouse + Rubelli + Rolf Benz + Arflex,VERIFIED_GREEN,Jessica,ACTIVE,,List,211,1AB11BD57893424EA226135F670197B31B96B861BA05C0C4962AF5BC8D0FBCEE,
v0169,Kayu Alam,Wall Finishing,"[""Wall Finishing""]",Wood,,,,VERIFIED_GREEN,Jessica,ACTIVE,,List,212,1AB11BD57893424EA226135F670197B31B96B861BA05C0C4962AF5BC8D0FBCEE,
v0170,Kayu Asri,Finishing,"[""Finishing""]",WPC,,https://drive.google.com/file/d/1CArHA267dwZrIBgRXY-RHzaSctecLuiV/view,Decking - Wall - Ceiling - Plafon - Partisi,INACTIVE_RED,,ARCHIVED,,List,213,1AB11BD57893424EA226135F670197B31B96B861BA05C0C4962AF5BC8D0FBCEE,
v0171,Kayu Emas,Furniture,"[""Furniture""]",Loose Furniture,,,"Dipan, Table, Chair, Sofa",VERIFIED_GREEN,Jessica,ACTIVE,,List,214,1AB11BD57893424EA226135F670197B31B96B861BA05C0C4962AF5BC8D0FBCEE,
v0172,Kayu Lapis Indonesia,Wall Finishing & Flooring,"[""Wall Finishing & Flooring""]","Decorative Panel, Wall Cladding, Wood Flooring",,,,VERIFIED_GREEN,Jessica,ACTIVE,,List,215,1AB11BD57893424EA226135F670197B31B96B861BA05C0C4962AF5BC8D0FBCEE,
v0172,Kayu Lapis Indonesia,Wood,"[""Wood""]","Decorative Wood, Wood Building Component, Plywood",,,,VERIFIED_GREEN,Jessica,ACTIVE,,List,216,1AB11BD57893424EA226135F670197B31B96B861BA05C0C4962AF5BC8D0FBCEE,
v0173,KD Panels,Finishing,"[""Finishing""]",Panel Veneer,"https://keding-global.com/product/eco⁺-laminates/
https://keding-global.com/product/kd-panels/
https://keding-global.com/product/kd-flooring/",https://drive.google.com/drive/folders/1D14gVAoDpze8bgrvZ0x7er7VIxTsgq5Z?usp=share_link,,VERIFIED_GREEN,Jessica,ACTIVE,,List,217,1AB11BD57893424EA226135F670197B31B96B861BA05C0C4962AF5BC8D0FBCEE,
v0174,Kertasive,Finishing,"[""Finishing""]",Interior Film - PVC Sheet,https://online.anyflip.com/hzpuf/jkov/mobile/index.html?fbclid=PARlRTSANfBIRleHRuA2FlbQIxMAABp1CLDlY8gp2TCa7MKZ2-2qiqxwwYaA-k7wvQ8kokPJt4cyNYZPq0Q2Rceurw_aem_gLUltcchw_qO9J2TLbc4tQ,,,VERIFIED_GREEN,Jessica,ACTIVE,,List,218,1AB11BD57893424EA226135F670197B31B96B861BA05C0C4962AF5BC8D0FBCEE,
v0176,Kitto Furniture,Furniture,"[""Furniture""]",Loose Furbiture (Chair - Table),,https://drive.google.com/drive/folders/1Q00psvrC8RyhNomj1Tbxp7rMzh8iRrRK?usp=drive_link,,VERIFIED_GREEN,Jessica,ACTIVE,,List,219,1AB11BD57893424EA226135F670197B31B96B861BA05C0C4962AF5BC8D0FBCEE,
v0178,Knobs And Pulls,Hardware,"[""Hardware""]",Knob - Handle,https://www.tokopedia.com/knobsandpulls,,,VERIFIED_GREEN,Jessica,ACTIVE,,List,220,1AB11BD57893424EA226135F670197B31B96B861BA05C0C4962AF5BC8D0FBCEE,
v0179,Kodai Door,Materials,"[""Materials""]",Steel Door - Aluminium Door - Wooden Door,https://www.tokopedia.com/kodaisteel,,"Tidak aktif di IG (terakhir update 2023), tetapi masih jualan di Tokped - punya interior design & build - @hava.works",VERIFIED_GREEN,Jessica,ACTIVE,,List,221,1AB11BD57893424EA226135F670197B31B96B861BA05C0C4962AF5BC8D0FBCEE,
v0180,Koru,Flooring,"[""Flooring""]",Vinyl - SPC,https://www.tokopedia.com/europeenchanting,Koru,,VERIFIED_GREEN,Jessica,ACTIVE,,List,222,1AB11BD57893424EA226135F670197B31B96B861BA05C0C4962AF5BC8D0FBCEE,
v0180,Koru,Wall Finishing,"[""Wall Finishing""]",Modified Clay Material -  Bamboo Charcoal Wall Panel,https://www.tokopedia.com/europeenchanting,Koru,,VERIFIED_GREEN,Jessica,ACTIVE,,List,223,1AB11BD57893424EA226135F670197B31B96B861BA05C0C4962AF5BC8D0FBCEE,
v0181,Kreasiveneer Indonesia,Finishing,"[""Finishing""]",Veneer wood,,,,VERIFIED_GREEN,Jessica,ACTIVE,,List,224,1AB11BD57893424EA226135F670197B31B96B861BA05C0C4962AF5BC8D0FBCEE,
v0182,Kumeli Terrazo,Finishing,"[""Finishing""]",Terrazzo,,,,VERIFIED_GREEN,Jessica,ACTIVE,,List,225,1AB11BD57893424EA226135F670197B31B96B861BA05C0C4962AF5BC8D0FBCEE,
v0183,Lalapis,Finishing,"[""Finishing""]",Decorative Panel,Lalapis panel dekoratif | Lalalamp,https://drive.google.com/drive/folders/1oJHOtcPZMp7c3yDhZTc8_AQ3ZVjqsC0D?usp=drive_link,Terakhir update IG 2024,INACTIVE_RED,,ARCHIVED,,List,226,1AB11BD57893424EA226135F670197B31B96B861BA05C0C4962AF5BC8D0FBCEE,
v0184,Lalauce Lighting,Lighting,"[""Lighting""]",Wall Lamp - Ceiling Lamp,https://www.instagram.com/s/aGlnaGxpZ2h0OjE3OTI1NzQzODQ0MTM5NTEw?story_media_id=3736637748757528247&igsh=MTNydXF0dmQ0bnozYg==,,,VERIFIED_GREEN,Jessica,ACTIVE,,List,227,1AB11BD57893424EA226135F670197B31B96B861BA05C0C4962AF5BC8D0FBCEE,
v0185,Lanrose Painting,Accessories,"[""Accessories""]",Aluminium Frame,,,Painting - bisa custom,VERIFIED_GREEN,Jessica,ACTIVE,,List,228,1AB11BD57893424EA226135F670197B31B96B861BA05C0C4962AF5BC8D0FBCEE,
v0186,Lantai Kayu Surabaya,Flooring,"[""Flooring""]",Parquet,,LANTEKAYU CATALOGUE 2025 (AUGUST 2025).pdf,,VERIFIED_GREEN,Jessica,ACTIVE,,List,229,1AB11BD57893424EA226135F670197B31B96B861BA05C0C4962AF5BC8D0FBCEE,
v0187,Lantekayu,Door & Window,"[""Door & Window""]","Sliding Door, Folding Door, Windows, Facade, Pergola & Sun Protection (outdoor blinds)",Eurotekno - Catalogues,,"Renson and Reynaers, both from Belgium",VERIFIED_GREEN,Jessica,ACTIVE,,List,230,1AB11BD57893424EA226135F670197B31B96B861BA05C0C4962AF5BC8D0FBCEE,
v0187,Lantekayu,Flooring,"[""Flooring""]",Wood,,LANTEKAYU CATALOGUE 2025 (AUGUST 2025).pdf,,VERIFIED_GREEN,Jessica,ACTIVE,,List,231,1AB11BD57893424EA226135F670197B31B96B861BA05C0C4962AF5BC8D0FBCEE,
v0189,Latterday,Furniture,"[""Furniture""]",Loose Furniture,,,"Chair, Cabinet, Sofa, Table",VERIFIED_GREEN,Jessica,ACTIVE,,List,232,1AB11BD57893424EA226135F670197B31B96B861BA05C0C4962AF5BC8D0FBCEE,
v0190,Lava Solid Surface,Finishing,"[""Finishing""]",Solid Surface,https://www.lavasolid.com/katalog/,,,VERIFIED_GREEN,Jessica,ACTIVE,,List,233,1AB11BD57893424EA226135F670197B31B96B861BA05C0C4962AF5BC8D0FBCEE,
v0190,Lava Solid Surface,Stones,"[""Stones""]","Solid Surface, Terazzo",,https://drive.google.com/drive/folders/1LjB9Qtg-yTDCq3eQ8blKg0ssYEF94L4x?usp=drive_link,,VERIFIED_GREEN,Jessica,ACTIVE,,List,234,1AB11BD57893424EA226135F670197B31B96B861BA05C0C4962AF5BC8D0FBCEE,
v0192,Leder Haus,Fabric,"[""Fabric""]",Leather,,https://drive.google.com/drive/folders/11OrZ1MJ6I6oTMKGlIgQG6-vW3xByxQt3?usp=drive_link,"CSL Leather, Nuvrino",VERIFIED_GREEN,Jessica,ACTIVE,,List,235,1AB11BD57893424EA226135F670197B31B96B861BA05C0C4962AF5BC8D0FBCEE,
v0193,Line 8 --> satu group dengan Ecourban,Technology,"[""Technology""]",Power Sockets,https://drive.google.com/file/d/1q3HHifKWq2DZEyguM7eVCDPKJWzDTNj3/view?fbclid=PAVERFWANUTvRleHRuA2FlbQIxMQABp0CQFE9OJ5T5Ug7NHlDppFYoj46ZiWNLEeZ2YQ-IBPki0Ahs7HbtdFRDoI4t_aem_rAr4QUlOpGt38bCF1l9rnQ,,Power Tracks,VERIFIED_GREEN,Jessica,ACTIVE,,List,236,1AB11BD57893424EA226135F670197B31B96B861BA05C0C4962AF5BC8D0FBCEE,
v0194,Lio Living,Furniture,"[""Furniture""]",Loose Furniture,https://lioliving.com/?srsltid=AfmBOoqI-AzZmm03lBN2B7XR0zaRPFJxLcqFYQhOAFYdQ595F2khOPmz,,,VERIFIED_GREEN,Jessica,ACTIVE,,List,237,1AB11BD57893424EA226135F670197B31B96B861BA05C0C4962AF5BC8D0FBCEE,
v0195,Little Italy,Stones,"[""Stones""]",Marble,https://www.canva.com/design/DAGn3N9uT9Q/tLD3zrYFbJDOuiQqAbtkTQ/edit?utm_content=DAGn3N9uT9Q&utm_campaign=designshare&utm_medium=link2&utm_source=sharebutton,,"Furniture from Marble, Accessories from Marble",VERIFIED_GREEN,Jessica,ACTIVE,,List,238,1AB11BD57893424EA226135F670197B31B96B861BA05C0C4962AF5BC8D0FBCEE,
v0196,Lonilla living,Hardware,"[""Hardware""]",Handle & Knobs,,https://drive.google.com/drive/folders/1vbXrgpgTFP60y5crH0nGqSA4Ns7oJQwC?usp=drive_link,,VERIFIED_GREEN,Jessica,ACTIVE,,List,239,1AB11BD57893424EA226135F670197B31B96B861BA05C0C4962AF5BC8D0FBCEE,
v0197,Loom & Stone Indonesia,Accessories,"[""Accessories""]",Rugs,"- Ready Stock List: https://tinyurl.com/readystocklist
- Catalogue: https://tinyurl.com/LoomandstoneCatalogue",,,VERIFIED_GREEN,Jessica,ACTIVE,,List,240,1AB11BD57893424EA226135F670197B31B96B861BA05C0C4962AF5BC8D0FBCEE,
v0198,Ltech Indonesia,Technology,"[""Technology""]",Smart Home System,,https://drive.google.com/drive/folders/1NgQT9b3EnDSGv_92r9RTKMc4TGWFugqV?usp=drive_link,,VERIFIED_GREEN,Jessica,ACTIVE,,List,241,1AB11BD57893424EA226135F670197B31B96B861BA05C0C4962AF5BC8D0FBCEE,
v0199,Lumilight,Lighting,"[""Lighting""]",Decorative Lighting,,,,VERIFIED_GREEN,Jessica,ACTIVE,,List,242,1AB11BD57893424EA226135F670197B31B96B861BA05C0C4962AF5BC8D0FBCEE,
v0200,Luminaria Handles & Lighting,Hardware,"[""Hardware""]",Handles,https://www.dropbox.com/scl/fi/8kdrcsyd57wzp5imvaa3h/Luminaria-Handles-Catalpgue-2024.pdf?rlkey=rq0npv4ncfk4188cvgdmjr3op&e=1&st=14u87v5c&dl=0,,Lighting,VERIFIED_GREEN,Jessica,ACTIVE,,List,243,1AB11BD57893424EA226135F670197B31B96B861BA05C0C4962AF5BC8D0FBCEE,
v0202,Lumio Aluminium,Furniture,"[""Furniture""]",Modular Aluminium Furniture,,,,VERIFIED_GREEN,Jessica,ACTIVE,,List,244,1AB11BD57893424EA226135F670197B31B96B861BA05C0C4962AF5BC8D0FBCEE,
v0203,Lumo,Finishing,"[""Finishing""]",Stainkess Steel 304 Panel - Tensura Laminate,https://www.tokopedia.com/lumolivingid?utm_campaign=Shop-33470757-7110034-190225-contextual_image-halaman_toko-LSfHao&utm_source=salinlink&utm_medium=share&fbclid=PAZXh0bgNhZW0CMTEAAaf11hdhjeMYx27KP4o_qsqYleRXdWkqEj5WEO1QBNNUYOsTgnB2v_1QAjwCag_aem_W0TO3P2NpUHf8rzHdE6Byw&_branch_match_id=1394971922199593842&_branch_referrer=H4sIAAAAAAAAAwXB2wqCMAAA0L%2FpMS9dlEBimiCEt9CmvozppvM63SSrh769c9i6zvKiKCvv%2BUxJi%2FdDO%2FWKOVW35wKFEZfXuqyGllgRKDKmlk3ACqg6fuICgGtNY4R11M%2FfunGPjhwtcskH%2BsgI7Be3O0E31GI7CNI8lEkz2foLaTHoNgc3CNMRQTUJD5EezKlXm%2BLrEfdsf7bdT9CaCtFODSoF3yQVlsMEH%2BkfJ7UUI68AAAA%3D,"TENSURA CATALOG
 
LUMO bamboo veneer catalog.pdf

LUMO CATALOG",,VERIFIED_GREEN,Jessica,ACTIVE,,List,245,1AB11BD57893424EA226135F670197B31B96B861BA05C0C4962AF5BC8D0FBCEE,
v0204,Luna Rattan,Furniture,"[""Furniture""]",Loose Furniture - Rattan,https://www.lunabalifurniture.com/?utm_source=linktree&utm_medium=social,,"Mirror, Chair, Basket, Cabint,Table",VERIFIED_GREEN,Jessica,ACTIVE,,List,246,1AB11BD57893424EA226135F670197B31B96B861BA05C0C4962AF5BC8D0FBCEE,
v0206,Luxtura - Aplikator Suzuka Indonesia,Materials,"[""Materials""]",Texture Paint Applicator,,Luxtura - Applicator Texture Paint,,VERIFIED_GREEN,Jessica,ACTIVE,,List,247,1AB11BD57893424EA226135F670197B31B96B861BA05C0C4962AF5BC8D0FBCEE,
v0207,Madana,Flooring,"[""Flooring""]",Terrazzo,,https://drive.google.com/drive/folders/1HOKGhdWAg-EASoq_EzwyugbgzCFd0Yw2?usp=drive_link,,VERIFIED_GREEN,Jessica,ACTIVE,,List,248,1AB11BD57893424EA226135F670197B31B96B861BA05C0C4962AF5BC8D0FBCEE,
v0207,Madana,Flooring,"[""Flooring""]",Cement,,https://drive.google.com/drive/folders/1HOKGhdWAg-EASoq_EzwyugbgzCFd0Yw2?usp=drive_link,,VERIFIED_GREEN,Jessica,ACTIVE,,List,249,1AB11BD57893424EA226135F670197B31B96B861BA05C0C4962AF5BC8D0FBCEE,
v0207,Madana,Wall Finishing,"[""Wall Finishing""]",Glass brick,,https://drive.google.com/drive/folders/1HOKGhdWAg-EASoq_EzwyugbgzCFd0Yw2?usp=drive_link,,VERIFIED_GREEN,Jessica,ACTIVE,,List,250,1AB11BD57893424EA226135F670197B31B96B861BA05C0C4962AF5BC8D0FBCEE,
v0208,Magnolia V-ga,Decorative,"[""Decorative""]",Artificial Plants,"https://magnoliavga.com/artificial-vertical-garden/
https://magnoliavga.com/artificial-planter-box/
https://magnoliavga.com/artificial-ceiling-garden/
https://magnoliavga.com/artificial-landed-garden/
https://magnoliavga.com/artificial-hanging-plant-dan-garden/
https://magnoliavga.com/artificial-tree/",Magnolia Vga,https://www.tokopedia.com/magnoliavga,VERIFIED_GREEN,Jessica,ACTIVE,,List,251,1AB11BD57893424EA226135F670197B31B96B861BA05C0C4962AF5BC8D0FBCEE,
v0209,Malibu,Door & Window,"[""Door & Window""]",Aluminium Door & Window,https://aluprima.com/wp-content/uploads/catalog/catalog_21-07-14.pdf,https://drive.google.com/drive/folders/1cMBZOjV2lkGFbWmYCHUUttfKy0iQDZHm?usp=drive_link,,VERIFIED_GREEN,Jessica,ACTIVE,,List,252,1AB11BD57893424EA226135F670197B31B96B861BA05C0C4962AF5BC8D0FBCEE,
v0210,Malka Metal,Furniture,"[""Furniture""]",Office Furniture,,https://drive.google.com/drive/folders/1EV990bL5fqSD59CLj3HBuHf8clB0XhdO?usp=drive_link,"Kursi Office, Meja Office, Storage, Outdoor Umbrella",VERIFIED_GREEN,Jessica,ACTIVE,,List,253,1AB11BD57893424EA226135F670197B31B96B861BA05C0C4962AF5BC8D0FBCEE,
v0210,Malka Metal,Materials,"[""Materials""]","Metal Signage, Sculpture, Decorative Lighting, Decorative Wall",,,,VERIFIED_GREEN,Jessica,ACTIVE,,List,254,1AB11BD57893424EA226135F670197B31B96B861BA05C0C4962AF5BC8D0FBCEE,
v0211,Marmer Berkat Abadi,Finishing,"[""Finishing""]",Marmer - Granit,,,,VERIFIED_GREEN,Jessica,ACTIVE,,List,255,1AB11BD57893424EA226135F670197B31B96B861BA05C0C4962AF5BC8D0FBCEE,
v0212,Marmer X,Finishing,"[""Finishing""]",Marmer,,Marmer X,"Sinteres Stone, Statuario, Terrazo,Granit",VERIFIED_GREEN,Jessica,ACTIVE,,List,256,1AB11BD57893424EA226135F670197B31B96B861BA05C0C4962AF5BC8D0FBCEE,
v0213,Master Wood,Door,"[""Door""]",Engineering Door,,https://drive.google.com/drive/folders/1X5YMalBE7Fgg47Y3cQijeD3Cdn14QzvG?usp=drive_link,"Kitchen, Wardrobe Set",VERIFIED_GREEN,Jessica,ACTIVE,,List,257,1AB11BD57893424EA226135F670197B31B96B861BA05C0C4962AF5BC8D0FBCEE,
v0214,Masterlamp,Lighting,"[""Lighting""]",Hanging Lamp,https://www.instagram.com/masterlamp_onsale_jdc?igsh=MTdyZHBid2NjZW9zZA==,,,VERIFIED_GREEN,Jessica,ACTIVE,,List,258,1AB11BD57893424EA226135F670197B31B96B861BA05C0C4962AF5BC8D0FBCEE,
v0215,Matsuo indonesia,Flooring,"[""Flooring""]",Ceramic & Tiles,,https://drive.google.com/drive/folders/1DfhKhrDwSDmMkrhF3vKS05AzH7h88FOc?usp=drive_link,,VERIFIED_GREEN,Jessica,ACTIVE,,List,259,1AB11BD57893424EA226135F670197B31B96B861BA05C0C4962AF5BC8D0FBCEE,
v0215,Matsuo indonesia,Wall Finishing,"[""Wall Finishing""]",Ceramic & Tiles,https://www.matsuo.co.id/?fbclid=PAdGRleANi64dleHRuA2FlbQIxMQABp2_IObGj81ua_GEjQNLLvUorLPp-PvNUbgDlX36JHUE7qVpqgEtSoE3qLBd9_aem_-N6aamxDhWbc0eTTSvB4sA,https://drive.google.com/drive/folders/1DfhKhrDwSDmMkrhF3vKS05AzH7h88FOc?usp=drive_link,,VERIFIED_GREEN,Jessica,ACTIVE,,List,260,1AB11BD57893424EA226135F670197B31B96B861BA05C0C4962AF5BC8D0FBCEE,
v0216,Mbarep Jati (Pintu Jati Asli),Door,"[""Door""]",Pintu Jati - Custom Kayu,,,,VERIFIED_GREEN,Jessica,ACTIVE,,List,261,1AB11BD57893424EA226135F670197B31B96B861BA05C0C4962AF5BC8D0FBCEE,
v0217,Megatone Powder Coating,Finishing,"[""Finishing""]",Megatone Powder Coating,,,,VERIFIED_GREEN,Jessica,ACTIVE,,List,262,1AB11BD57893424EA226135F670197B31B96B861BA05C0C4962AF5BC8D0FBCEE,
v0218,Meglio,Accessories,"[""Accessories""]","Object Decorations, Vase, Wall Artwork, Game Boar, Table Lamp, Decor Book",https://www.tokopedia.com/meglio-home?utm_campaign=Shop-5632892-13400633-160423&utm_source=salinlink&utm_medium=share&_branch_match_id=1193102772423888432&_branch_referrer=H4sIAAAAAAAAA8soKSkottLXL8nPzi9ITclM1MvJzMvWr0xKDvCqMCgxrEyyrytKTUstKsrMS49PKsovL04tsnXOKMrPTQUAyuN%2BGzwAAAA%3D,https://drive.google.com/drive/folders/19np2H9KlnTGIvqD-Y1hKWBH8A7m1Zx0i?usp=drive_link,Interior Goods,VERIFIED_GREEN,Jessica,ACTIVE,,List,263,1AB11BD57893424EA226135F670197B31B96B861BA05C0C4962AF5BC8D0FBCEE,
v0219,Miann Living,Furniture,"[""Furniture""]",Loose Furniture,,,"Shelf, Vanity Table, Stool, Console, Table, Sofa, Chair",INACTIVE_RED,,ARCHIVED,,List,264,1AB11BD57893424EA226135F670197B31B96B861BA05C0C4962AF5BC8D0FBCEE,
v0220,Mil & Bay,Accessories,"[""Accessories""]","Lamp, Vase, Mirror",,,Rattan,VERIFIED_GREEN,Jessica,ACTIVE,,List,265,1AB11BD57893424EA226135F670197B31B96B861BA05C0C4962AF5BC8D0FBCEE,
v0220,Mil & Bay,Furniture,"[""Furniture""]",Loose Furniture,,,Rattan,VERIFIED_GREEN,Jessica,ACTIVE,,List,266,1AB11BD57893424EA226135F670197B31B96B861BA05C0C4962AF5BC8D0FBCEE,
v0221,Milanceramic Tiles,Wall Finishing & Flooring,"[""Wall Finishing & Flooring""]","Ceramics, Tiles",,https://drive.google.com/drive/folders/1qVgYn8mlOygarIUvQS0KyxZy9j2U1azX?usp=drive_link,,VERIFIED_GREEN,Jessica,ACTIVE,,List,267,1AB11BD57893424EA226135F670197B31B96B861BA05C0C4962AF5BC8D0FBCEE,
v0222,MiLL Aluminium,Door & Window,"[""Door & Window""]","Partition, Facade",,,,VERIFIED_GREEN,Jessica,ACTIVE,,List,268,1AB11BD57893424EA226135F670197B31B96B861BA05C0C4962AF5BC8D0FBCEE,
v0223,Mimos Surface,Stones,"[""Stones""]","Marbles, Granite",https://www.monolithsurfaces.com/catalogues.php,https://drive.google.com/drive/folders/1DmQVEhVH_9_zMFpBhEi60MP-jWr260qw?usp=share_link,,VERIFIED_GREEN,Jessica,ACTIVE,,List,269,1AB11BD57893424EA226135F670197B31B96B861BA05C0C4962AF5BC8D0FBCEE,
v0224,Miratap,Kitchen,"[""Kitchen""]",System Kitchen,,Best Selection miratap 2024.pdf,,VERIFIED_GREEN,Jessica,ACTIVE,,List,270,1AB11BD57893424EA226135F670197B31B96B861BA05C0C4962AF5BC8D0FBCEE,
v0226,Modeco,Wall Finishing,"[""Wall Finishing""]",PU Stone Panel,,https://drive.google.com/drive/folders/1fH-nf_50FPRMiywyrYDXcsrr9XO3bB02?usp=drive_link,,VERIFIED_GREEN,Jessica,ACTIVE,,List,271,1AB11BD57893424EA226135F670197B31B96B861BA05C0C4962AF5BC8D0FBCEE,
v0227,Modern Dekorindo,Ceiling,"[""Ceiling""]",PVC,,https://drive.google.com/drive/folders/1CgYxsXQcd_zkJipJN5m2EeJluPNANPBK?usp=drive_link,,VERIFIED_GREEN,Jessica,ACTIVE,,List,272,1AB11BD57893424EA226135F670197B31B96B861BA05C0C4962AF5BC8D0FBCEE,
v0227,Modern Dekorindo,Wall Finishing,"[""Wall Finishing""]",Vinyl Tiles,,https://drive.google.com/drive/folders/1CgYxsXQcd_zkJipJN5m2EeJluPNANPBK?usp=drive_link,,VERIFIED_GREEN,Jessica,ACTIVE,,List,273,1AB11BD57893424EA226135F670197B31B96B861BA05C0C4962AF5BC8D0FBCEE,
v0227,Modern Dekorindo,Wall Finishing,"[""Wall Finishing""]",WPC,,https://drive.google.com/drive/folders/1CgYxsXQcd_zkJipJN5m2EeJluPNANPBK?usp=drive_link,,VERIFIED_GREEN,Jessica,ACTIVE,,List,274,1AB11BD57893424EA226135F670197B31B96B861BA05C0C4962AF5BC8D0FBCEE,
v0227,Modern Dekorindo,Wall Finishing,"[""Wall Finishing""]",PVC,,https://drive.google.com/drive/folders/1CgYxsXQcd_zkJipJN5m2EeJluPNANPBK?usp=drive_link,,VERIFIED_GREEN,Jessica,ACTIVE,,List,275,1AB11BD57893424EA226135F670197B31B96B861BA05C0C4962AF5BC8D0FBCEE,
v0228,Moire,Accessories,"[""Accessories""]",Rugs,,,,VERIFIED_GREEN,Jessica,ACTIVE,,List,276,1AB11BD57893424EA226135F670197B31B96B861BA05C0C4962AF5BC8D0FBCEE,
v0229,Mokatt Living,Finishing,"[""Finishing""]",Fabric - Wall Covering,,,,VERIFIED_GREEN,Jessica,ACTIVE,,List,277,1AB11BD57893424EA226135F670197B31B96B861BA05C0C4962AF5BC8D0FBCEE,
v0230,Monolith,Finishing,"[""Finishing""]",Marble - Granite,,,,VERIFIED_GREEN,Jessica,ACTIVE,,List,278,1AB11BD57893424EA226135F670197B31B96B861BA05C0C4962AF5BC8D0FBCEE,
v0230,Monolith,Finishing,"[""Finishing""]",Marble,,,,VERIFIED_GREEN,Jessica,ACTIVE,,List,279,1AB11BD57893424EA226135F670197B31B96B861BA05C0C4962AF5BC8D0FBCEE,
v0231,Monoliving,Furniture,"[""Furniture""]",Loose Furniture,,https://drive.google.com/drive/folders/1FKWSqMrSJafjt4IfGxnC4eFtFIsocTsh?usp=drive_link,"Sofa, Bedframe, Tables, Chairs",VERIFIED_GREEN,Jessica,ACTIVE,,List,280,1AB11BD57893424EA226135F670197B31B96B861BA05C0C4962AF5BC8D0FBCEE,
v0232,Monostar,Flooring,"[""Flooring""]",SPC,,https://drive.google.com/drive/folders/1Eo4HEz82AvWd7N_i1Q0JUiDJRtc2Kjoj?usp=drive_link,,VERIFIED_GREEN,Jessica,ACTIVE,,List,281,1AB11BD57893424EA226135F670197B31B96B861BA05C0C4962AF5BC8D0FBCEE,
v0233,Moonliving,Furniture,"[""Furniture""]",Loose Furniture,,https://drive.google.com/drive/folders/1vsVDuLr-8ktsjXATVvBbU2nLts-btMzb?usp=drive_link,"Chair, Table, Stool, Bar Chair, Dining Table, Sofa",VERIFIED_GREEN,Jessica,ACTIVE,,List,282,1AB11BD57893424EA226135F670197B31B96B861BA05C0C4962AF5BC8D0FBCEE,
v0234,Morgen,Lighting,"[""Lighting""]",,,Katalog,,VERIFIED_GREEN,Jessica,ACTIVE,,List,283,1AB11BD57893424EA226135F670197B31B96B861BA05C0C4962AF5BC8D0FBCEE,
v0235,Morse Alam,Stones,"[""Stones""]",Marmer - Granit,https://www.instagram.com/catalog.morsealam?igsh=MWRmc2V6bmN0aHd0eg==,,,VERIFIED_GREEN,Jessica,ACTIVE,,List,284,1AB11BD57893424EA226135F670197B31B96B861BA05C0C4962AF5BC8D0FBCEE,
v0236,Mosaic Mass,Tiles,"[""Tiles""]",Decorative Mosaic,,https://onedrive.live.com/?redeem=aHR0cHM6Ly8xZHJ2Lm1zL2IvcyFBdXctTnNMQmhOUWxnZVotUHBfUEoxTFZJS3JoeUE%5FZT0zQ2xMTEw&cid=25D484C1C2363EEC&id=25D484C1C2363EEC%2129566&parId=25D484C1C2363EEC%2129565&o=OneUp,,VERIFIED_GREEN,Jessica,ACTIVE,,List,285,1AB11BD57893424EA226135F670197B31B96B861BA05C0C4962AF5BC8D0FBCEE,
v0237,Mosaicart,Wall Finishing,"[""Wall Finishing""]","Wall Panel - Mosaic, 3D Artistic Cladding",,https://drive.google.com/drive/folders/1eOU8iMr0J1LrwPkNn0lZFChwD9YBItt8?usp=drive_link,,VERIFIED_GREEN,Jessica,ACTIVE,,List,286,1AB11BD57893424EA226135F670197B31B96B861BA05C0C4962AF5BC8D0FBCEE,
v0238,Mozza,Tiles,"[""Tiles""]",Mosaic,,https://drive.google.com/drive/folders/19TsCUSuC7kIM19KQ2MxbPhtfKjqUrJaI?usp=drive_link,,VERIFIED_GREEN,Jessica,ACTIVE,,List,287,1AB11BD57893424EA226135F670197B31B96B861BA05C0C4962AF5BC8D0FBCEE,
v0239,MUKA,Finishing,"[""Finishing""]",Real Wood Veneer,https://mukasurfaces.com/products,MUKA,,VERIFIED_GREEN,Jessica,ACTIVE,,List,288,1AB11BD57893424EA226135F670197B31B96B861BA05C0C4962AF5BC8D0FBCEE,
v0240,Muro Paint,Wall Finishing,"[""Wall Finishing""]",Decorative Paint,,,,VERIFIED_GREEN,Jessica,ACTIVE,,List,289,1AB11BD57893424EA226135F670197B31B96B861BA05C0C4962AF5BC8D0FBCEE,
v0241,Murova Aluminium,Door,"[""Door""]",Interior Door System,,,,VERIFIED_GREEN,Jessica,ACTIVE,,List,290,1AB11BD57893424EA226135F670197B31B96B861BA05C0C4962AF5BC8D0FBCEE,
v0242,Naura Artificial,Decorative,"[""Decorative""]",Artificial Plants,,Naura Artificial,,VERIFIED_GREEN,Jessica,ACTIVE,,List,291,1AB11BD57893424EA226135F670197B31B96B861BA05C0C4962AF5BC8D0FBCEE,
v0243,New Wicker,Furniture,"[""Furniture""]",Loose Furniture & Accessories - Rattan Furniture,,,"Sofa, Tables, Cabinets",VERIFIED_GREEN,Jessica,ACTIVE,,List,292,1AB11BD57893424EA226135F670197B31B96B861BA05C0C4962AF5BC8D0FBCEE,
v0244,Nexsta,Door & Window,"[""Door & Window""]",Alluminium Sliding,"https://online.fliphtml5.com/imiiz/tmru/#p=H1
https://online.fliphtml5.com/imiiz/skkl/
https://online.fliphtml5.com/imiiz/cruv/#p=1
https://online.fliphtml5.com/imiiz/kulc/
https://online.fliphtml5.com/imiiz/btbo/",,Corner Sliding,VERIFIED_GREEN,Jessica,ACTIVE,,List,293,1AB11BD57893424EA226135F670197B31B96B861BA05C0C4962AF5BC8D0FBCEE,
v0245,Nobel Carpets,Accessories,"[""Accessories""]",Rugs,,https://drive.google.com/drive/folders/1GMeZ3gRR_HQrJ50gdolXZnQlF5rmFW37?usp=sharing,,VERIFIED_GREEN,Jessica,ACTIVE,,List,294,1AB11BD57893424EA226135F670197B31B96B861BA05C0C4962AF5BC8D0FBCEE,
v0246,Nood,Furniture,"[""Furniture""]",Loose Furniture,,,"Sorfa, Chair, Tables, Mirror",VERIFIED_GREEN,Jessica,ACTIVE,,List,295,1AB11BD57893424EA226135F670197B31B96B861BA05C0C4962AF5BC8D0FBCEE,
v0247,Novacolor,Wall Finishing,"[""Wall Finishing""]",Texture Paint,https://drive.google.com/drive/folders/1l0DmHJ2AIAB1N0-q_v7TgXRPNdOgQ0Yf?usp=share_link,https://drive.google.com/drive/folders/10CFKdDGXxq3daF5fVkiu_1l19cYsPW5f?usp=drive_link,,VERIFIED_GREEN,Jessica,ACTIVE,,List,296,1AB11BD57893424EA226135F670197B31B96B861BA05C0C4962AF5BC8D0FBCEE,
v0248,Nu Stone Republic,Finishing,"[""Finishing""]",Marble - Granite,,,"Marmer, Granit, Onyx, Travertine",VERIFIED_GREEN,Jessica,ACTIVE,,List,297,1AB11BD57893424EA226135F670197B31B96B861BA05C0C4962AF5BC8D0FBCEE,
v0249,Nurco Lighting,Lighting,"[""Lighting""]",LED,,,,VERIFIED_GREEN,Jessica,ACTIVE,,List,298,1AB11BD57893424EA226135F670197B31B96B861BA05C0C4962AF5BC8D0FBCEE,
v0250,Nusa Sarana,Finishing,"[""Finishing""]","Decorative Paint, Roof Paint, Wood Paint, Waterproofing, Auto Refinish",,,"Distributor SCI Paint, Spectrum",VERIFIED_GREEN,Jessica,ACTIVE,,List,299,1AB11BD57893424EA226135F670197B31B96B861BA05C0C4962AF5BC8D0FBCEE,
v0251,Olina Furniture,Furniture,"[""Furniture""]",Loose Furniture,,,"Sofa, Kursi, Padded Wall, Head Board, Rattan, Table",VERIFIED_GREEN,Jessica,ACTIVE,,List,300,1AB11BD57893424EA226135F670197B31B96B861BA05C0C4962AF5BC8D0FBCEE,
v0252,Olo Home,Furniture,"[""Furniture""]",,,,,VERIFIED_GREEN,Jessica,ACTIVE,,List,301,1AB11BD57893424EA226135F670197B31B96B861BA05C0C4962AF5BC8D0FBCEE,
v0253,Omah Bata,Wall Finishing,"[""Wall Finishing""]","Bata Expose, Decorative Brick",,https://drive.google.com/drive/folders/1Gh-gl9ZuWb_btwPFdW7HfNdioFyw9KZL?usp=drive_link,,VERIFIED_GREEN,Jessica,ACTIVE,,List,302,1AB11BD57893424EA226135F670197B31B96B861BA05C0C4962AF5BC8D0FBCEE,
v0254,Onassis,Hardware,"[""Hardware""]",Handle & Knobs & Digital Door Lock,,https://drive.google.com/drive/folders/1SyIVJiLjNIOH-2oTwIlu4i2P3-NNeE7U?usp=sharing,,VERIFIED_GREEN,Jessica,ACTIVE,,List,303,1AB11BD57893424EA226135F670197B31B96B861BA05C0C4962AF5BC8D0FBCEE,
v0255,Onna,Materials,"[""Materials""]",Roller Blind,https://www.tokopedia.com/onnaprima?utm_campaign=Shop%20Share&utm_source=ios&utm_medium=Share&_branch_match_id=765074945979680988&_branch_referrer=H4sIAAAAAAAAA8soKSkottLXL8nPzi9ITclM1MvJzMvW9zK3NAhODQqLSkmyrytKTUstKsrMS49PKsovL04tsnXOKMrPTQUASnyXqzwAAAA%3D,https://drive.google.com/drive/folders/1v3HEhZsVji55GYuk9iK24etDxV9-Kroj,,VERIFIED_GREEN,Jessica,ACTIVE,,List,304,1AB11BD57893424EA226135F670197B31B96B861BA05C0C4962AF5BC8D0FBCEE,
v0256,Osborn,Finishing,"[""Finishing""]",PVC Board - Wallboard - UV board,,https://drive.google.com/drive/folders/1u-_m9P4OAANOtmn2fVye9sspGaka67VG?usp=sharing,,VERIFIED_GREEN,Jessica,ACTIVE,,List,305,1AB11BD57893424EA226135F670197B31B96B861BA05C0C4962AF5BC8D0FBCEE,
v0257,Oscar Barisol,Ceiling,"[""Ceiling""]",Barrisol,,,,VERIFIED_GREEN,Jessica,ACTIVE,,List,306,1AB11BD57893424EA226135F670197B31B96B861BA05C0C4962AF5BC8D0FBCEE,
v0258,Oslo,Flooring,"[""Flooring""]",SPC,https://drive.google.com/drive/folders/1hqguK326xLlabvzz_cp3ftjeqcJdPowi,,,VERIFIED_GREEN,Jessica,ACTIVE,,List,307,1AB11BD57893424EA226135F670197B31B96B861BA05C0C4962AF5BC8D0FBCEE,
v0258,Oslo,Furniture,"[""Furniture""]",Loose Furniture,https://drive.google.com/drive/folders/1hqguK326xLlabvzz_cp3ftjeqcJdPowi,,"Chair, Tables, Accessories",VERIFIED_GREEN,Jessica,ACTIVE,,List,308,1AB11BD57893424EA226135F670197B31B96B861BA05C0C4962AF5BC8D0FBCEE,
v0259,Paloma,Hardware,"[""Hardware""]",Handle & Knobs,,https://drive.google.com/drive/folders/1cUR5CjW0T6tkBEPrfoNjCREIWVm1QW5B?usp=drive_link,,VERIFIED_GREEN,Jessica,ACTIVE,,List,309,1AB11BD57893424EA226135F670197B31B96B861BA05C0C4962AF5BC8D0FBCEE,
v0259,Paloma,Sanitary,"[""Sanitary""]",Sanitary hardware,,https://drive.google.com/drive/folders/1cUR5CjW0T6tkBEPrfoNjCREIWVm1QW5B?usp=drive_link,Sudah tidak aktif dari 2021,INACTIVE_RED,,ARCHIVED,,List,310,1AB11BD57893424EA226135F670197B31B96B861BA05C0C4962AF5BC8D0FBCEE,
v0260,Pamosproject,Furniture,"[""Furniture""]",Loose Furniture (Table - Cabinet - Chair - Sofa),,https://drive.google.com/drive/folders/1NhKutV5jahOxuCrnIVfNWYuumqhwbTaA?usp=sharing,,VERIFIED_GREEN,Jessica,ACTIVE,,List,311,1AB11BD57893424EA226135F670197B31B96B861BA05C0C4962AF5BC8D0FBCEE,
v0261,Pandawa Indonesia,Furniture,"[""Furniture""]",Loose Furniture,,https://drive.google.com/drive/folders/1Ug4Obqq6MW6p6gwQEhJerMCryzVW30y2?usp=drive_link,"Chair, Table, Cabinet",VERIFIED_GREEN,Jessica,ACTIVE,,List,312,1AB11BD57893424EA226135F670197B31B96B861BA05C0C4962AF5BC8D0FBCEE,
v0262,Panelinc,Wall Finishing,"[""Wall Finishing""]",BioTerra Panel - Solid color - Fabric - Wood - Texture,https://panelinc.id/wall-panel-products/,,Wall Panel,VERIFIED_GREEN,Jessica,ACTIVE,,List,313,1AB11BD57893424EA226135F670197B31B96B861BA05C0C4962AF5BC8D0FBCEE,
v0263,Panelku,Wall Finishing,"[""Wall Finishing""]",WPC,,https://drive.google.com/drive/folders/1IENtu0ZHFSjkUGVhxmXRPL8PpIBSGzSF?usp=drive_link,"Wall Panel. Ceiling, Acoustic Panel, Louver",VERIFIED_GREEN,Jessica,ACTIVE,,List,314,1AB11BD57893424EA226135F670197B31B96B861BA05C0C4962AF5BC8D0FBCEE,
v0264,Papan Ruma Terrazo,Finishing,"[""Finishing""]",Terrazzo,,,,VERIFIED_GREEN,Jessica,ACTIVE,,List,315,1AB11BD57893424EA226135F670197B31B96B861BA05C0C4962AF5BC8D0FBCEE,
v0265,Paper Yarn,Materials,"[""Materials""]","Wallpaper, Forescolor, Vinyl Tiles, Bace Panel, Laminate Product",,"https://drive.google.com/drive/folders/1Hruf9dRN-WzbuwDcUkLYijTUyVsVYkxU?usp=drive_link
https://drive.google.com/drive/folders/14QhwvZCxSmaDkDd49ZjrVUaMfI50J_jg?usp=drive_link","LX Hausys, Byucksan, Meltek",VERIFIED_GREEN,Jessica,ACTIVE,,List,316,1AB11BD57893424EA226135F670197B31B96B861BA05C0C4962AF5BC8D0FBCEE,
v0266,Penta Prima Paint,Painting,"[""Painting""]",,,https://static.myqrcode.mobi/user-media-prod/Elastomeric_Texture_Paint_R1_e319c8b0_7zblx0,*Coating juga,VERIFIED_GREEN,Jessica,ACTIVE,,List,317,1AB11BD57893424EA226135F670197B31B96B861BA05C0C4962AF5BC8D0FBCEE,
v0267,Perintis Logam Metal,Materials,"[""Materials""]",Expanded Perforated Metal,https://id.shp.ee/S88Yumb?fbclid=PARlRTSANm6fpleHRuA2FlbQIxMQABp2UmOMZ2kGbA5NhzYPplR1EycYzTok4XvlGQgo9JOftLznXb-UfhhI4Xwmiv_aem_9akHo42sLvpFqHkio_YsEg,,,VERIFIED_GREEN,Jessica,ACTIVE,,List,318,1AB11BD57893424EA226135F670197B31B96B861BA05C0C4962AF5BC8D0FBCEE,
v0268,Phomi,Wall Finishing,"[""Wall Finishing""]",Cladding & Facade,,https://drive.google.com/drive/folders/1BivdmUyzf_iwm11_KdnB1fssWUvIJxvi?usp=drive_link,Last Update IG October 2022,INACTIVE_RED,,ARCHIVED,,List,319,1AB11BD57893424EA226135F670197B31B96B861BA05C0C4962AF5BC8D0FBCEE,
v0269,Pietra Bianca,Sanitary,"[""Sanitary""]",Bathroom Accessories,,,,VERIFIED_GREEN,Jessica,ACTIVE,,List,320,1AB11BD57893424EA226135F670197B31B96B861BA05C0C4962AF5BC8D0FBCEE,
v0270,Pineapple,Furniture,"[""Furniture""]",Loose Furniture,,https://drive.google.com/drive/folders/1CzgHm_qoNYJ5-SGUeaIGGsgU218LixhK?usp=drive_link,"Chair, Table",VERIFIED_GREEN,Jessica,ACTIVE,,List,321,1AB11BD57893424EA226135F670197B31B96B861BA05C0C4962AF5BC8D0FBCEE,
v0271,Plaswood,Flooring,"[""Flooring""]","SPC, Vinyl","https://www.plaswoodindonesia.com/texture-spc
https://www.plaswoodindonesia.com/texture-vinyl",,,VERIFIED_GREEN,Jessica,ACTIVE,,List,322,1AB11BD57893424EA226135F670197B31B96B861BA05C0C4962AF5BC8D0FBCEE,
v0271,Plaswood,Panel,"[""Panel""]",PVC Hollow,https://www.plaswoodindonesia.com/texture-candh-panel,,,VERIFIED_GREEN,Jessica,ACTIVE,,List,323,1AB11BD57893424EA226135F670197B31B96B861BA05C0C4962AF5BC8D0FBCEE,
v0271,Plaswood,Plafon,"[""Plafon""]",PVC,https://www.plaswoodindonesia.com/texture-plafon,,,VERIFIED_GREEN,Jessica,ACTIVE,,List,324,1AB11BD57893424EA226135F670197B31B96B861BA05C0C4962AF5BC8D0FBCEE,
v0271,Plaswood,Wall Finishing,"[""Wall Finishing""]","WPC, PVC Wallboard, PVC Wallmoulding, SPC  Wallmarble, WPE, Bevel Glass","https://www.plaswoodindonesia.com/texture-wpc
https://www.plaswoodindonesia.com/texture-wall-board",,Ada Foamboard & Acopanel,VERIFIED_GREEN,Jessica,ACTIVE,,List,325,1AB11BD57893424EA226135F670197B31B96B861BA05C0C4962AF5BC8D0FBCEE,
v0272,Primaja Indokreasi,Furniture,"[""Furniture""]",Loose Furniture,,,,VERIFIED_GREEN,Jessica,ACTIVE,,List,326,1AB11BD57893424EA226135F670197B31B96B861BA05C0C4962AF5BC8D0FBCEE,
v0273,Prime Stone,Wall Finishing,"[""Wall Finishing""]",Stone,,https://drive.google.com/drive/folders/1NFldpayl56qG8pJfaq2VyF08dBotxGv2?usp=drive_link,,VERIFIED_GREEN,Jessica,ACTIVE,,List,327,1AB11BD57893424EA226135F670197B31B96B861BA05C0C4962AF5BC8D0FBCEE,
v0274,Prisma Marble,Finishing,"[""Finishing""]",Marble & Natural Stones,https://www.primasejati.co.id/index.html,,,VERIFIED_GREEN,Jessica,ACTIVE,,List,328,1AB11BD57893424EA226135F670197B31B96B861BA05C0C4962AF5BC8D0FBCEE,
v0275,Prive Furniture,Furniture,"[""Furniture""]","Loose Furniture, Cabinet Kitchen, Cabinet Wardrobe","https://prive-living.com/product-category/living/

https://prive-living.com/product-category/dining/

https://prive-living.com/product-category/collection-bed/

https://prive-living.com/kitchen/

https://prive-living.com/kitchen/",,,VERIFIED_GREEN,Jessica,ACTIVE,,List,329,1AB11BD57893424EA226135F670197B31B96B861BA05C0C4962AF5BC8D0FBCEE,
v0275,Prive Furniture,Furniture,"[""Furniture""]",Loose Furniture,,,"Chair, Sofa, Tables",VERIFIED_GREEN,Jessica,ACTIVE,,List,330,1AB11BD57893424EA226135F670197B31B96B861BA05C0C4962AF5BC8D0FBCEE,
v0276,Prona Max,Materials,"[""Materials""]",Acrylic - PVC Board - Stainless Strip,,KATALOG PRONA MAX.pdf,,VERIFIED_GREEN,Jessica,ACTIVE,,List,331,1AB11BD57893424EA226135F670197B31B96B861BA05C0C4962AF5BC8D0FBCEE,
v0277,Puffin Paint,Wall Finishing,"[""Wall Finishing""]",Texture paint,https://www.tokopedia.com/rwinwijaya/etalase/sold?sort=7,,,VERIFIED_GREEN,Jessica,ACTIVE,,List,332,1AB11BD57893424EA226135F670197B31B96B861BA05C0C4962AF5BC8D0FBCEE,
v0278,Purnama Roster,Materials,"[""Materials""]",Roster - Bata Expose - Paving Block - Bata Tempel,,,,VERIFIED_GREEN,Jessica,ACTIVE,,List,333,1AB11BD57893424EA226135F670197B31B96B861BA05C0C4962AF5BC8D0FBCEE,
v0279,Purva,Flooring,"[""Flooring""]","SPC, Vinyl",,https://drive.google.com/drive/folders/18HWHMeCLsDquDL-8bZrOnGG2i8vwhCEr?usp=drive_link,,VERIFIED_GREEN,Jessica,ACTIVE,,List,334,1AB11BD57893424EA226135F670197B31B96B861BA05C0C4962AF5BC8D0FBCEE,
v0280,Quantum Marble,Finishing,"[""Finishing""]",Marble,,,,VERIFIED_GREEN,Jessica,ACTIVE,,List,335,1AB11BD57893424EA226135F670197B31B96B861BA05C0C4962AF5BC8D0FBCEE,
v0281,RAG,Accessories,"[""Accessories""]",Rugs,https://pin.it/hkbLQNiJF,,Be Spoke Carpet,VERIFIED_GREEN,Jessica,ACTIVE,,List,336,1AB11BD57893424EA226135F670197B31B96B861BA05C0C4962AF5BC8D0FBCEE,
v0283,Rava Indonesia,Flooring,"[""Flooring""]",,,,,VERIFIED_GREEN,Jessica,ACTIVE,,List,337,1AB11BD57893424EA226135F670197B31B96B861BA05C0C4962AF5BC8D0FBCEE,
v0283,Rava Indonesia,Wall Finishing,"[""Wall Finishing""]",Wall Coverings,,"https://drive.google.com/drive/folders/1mlEkri9UTE4_3t_wfI7EHpU01N0DXoPo?usp=drive_link
https://drive.google.com/drive/folders/1mlEkri9UTE4_3t_wfI7EHpU01N0DXoPo?usp=drive_link",,VERIFIED_GREEN,Jessica,ACTIVE,,List,338,1AB11BD57893424EA226135F670197B31B96B861BA05C0C4962AF5BC8D0FBCEE,
v0284,Reflecto,Paint,"[""Paint""]",Waterproofing,,https://drive.google.com/drive/folders/1F26rmE8hajuqtBXNuxHnB2GaqvFPpOxT?usp=drive_link,Previously Interwallcoverings & Terra Floorings,VERIFIED_GREEN,Jessica,ACTIVE,,List,339,1AB11BD57893424EA226135F670197B31B96B861BA05C0C4962AF5BC8D0FBCEE,
v0284,Reflecto,Paint,"[""Paint""]",Waterproofing,,https://drive.google.com/drive/folders/1F26rmE8hajuqtBXNuxHnB2GaqvFPpOxT?usp=drive_link,Previously Interwallcoverings & Terra Floorings,VERIFIED_GREEN,Jessica,ACTIVE,,List,340,1AB11BD57893424EA226135F670197B31B96B861BA05C0C4962AF5BC8D0FBCEE,
v0285,Reflecto - Klinz,Flooring,"[""Flooring""]",Concrete Floor,,https://drive.google.com/drive/folders/1F26rmE8hajuqtBXNuxHnB2GaqvFPpOxT?usp=drive_link,,VERIFIED_GREEN,Jessica,ACTIVE,,List,341,1AB11BD57893424EA226135F670197B31B96B861BA05C0C4962AF5BC8D0FBCEE,
v0286,Reflecto - Naked Stone,Finishing,"[""Finishing""]",Terrazzo,https://reflecto.co.id/more/catalog/,https://drive.google.com/drive/folders/1F26rmE8hajuqtBXNuxHnB2GaqvFPpOxT?usp=drive_link,,VERIFIED_GREEN,Jessica,ACTIVE,,List,342,1AB11BD57893424EA226135F670197B31B96B861BA05C0C4962AF5BC8D0FBCEE,
v0287,Reflecto - Rewoll,Flooring,"[""Flooring""]",Parquet Laminated Wood,,https://drive.google.com/drive/folders/1F26rmE8hajuqtBXNuxHnB2GaqvFPpOxT?usp=drive_link,,VERIFIED_GREEN,Jessica,ACTIVE,,List,343,1AB11BD57893424EA226135F670197B31B96B861BA05C0C4962AF5BC8D0FBCEE,
v0288,Reflecto Film,Kaca Film,"[""Kaca Film""]",,,https://drive.google.com/drive/folders/1F26rmE8hajuqtBXNuxHnB2GaqvFPpOxT?usp=drive_link,,VERIFIED_GREEN,Jessica,ACTIVE,,List,344,1AB11BD57893424EA226135F670197B31B96B861BA05C0C4962AF5BC8D0FBCEE,
v0289,Regno,Wall Finishing,"[""Wall Finishing""]",WPC,https://www.renos.id/p/regno-wall-panel?srsltid=AfmBOor7N3dZC_t8olV3Zbd2FNxAAMTftFWazgf_WgTuKnM1XE-YJCmg,,Bamboo Charcoals Wallpanel,VERIFIED_GREEN,Jessica,ACTIVE,,List,345,1AB11BD57893424EA226135F670197B31B96B861BA05C0C4962AF5BC8D0FBCEE,
v0290,Rendy Marmer Granit,Finishing,"[""Finishing""]",Marble - Granite - Onyx - Travertine,,,,VERIFIED_GREEN,Jessica,ACTIVE,,List,346,1AB11BD57893424EA226135F670197B31B96B861BA05C0C4962AF5BC8D0FBCEE,
v0291,Rimba Partikel,Materials,"[""Materials""]",MFC,,https://drive.google.com/drive/folders/1WqHJk175DYljZuacp4RnFhRyNI6fga1Q?usp=drive_link,,VERIFIED_GREEN,Jessica,ACTIVE,,List,347,1AB11BD57893424EA226135F670197B31B96B861BA05C0C4962AF5BC8D0FBCEE,
v0292,Roa Hand Woven,Wall Finishing,"[""Wall Finishing""]",Hand Crafted Wall Covering,,,,VERIFIED_GREEN,Jessica,ACTIVE,,List,348,1AB11BD57893424EA226135F670197B31B96B861BA05C0C4962AF5BC8D0FBCEE,
v0293,Robries,Materials,"[""Materials""]",Robries Polymer Sheets (RPS),,,Recycled Plastic Goods,VERIFIED_GREEN,Jessica,ACTIVE,,List,349,1AB11BD57893424EA226135F670197B31B96B861BA05C0C4962AF5BC8D0FBCEE,
v0295,Rockpaint,Wall Finishing,"[""Wall Finishing""]",Decorative Paint - Adhesive,https://www.rockpaint.co.id/id/product/adhesive,https://www.rockpaint.co.id/id/product/decorative,,VERIFIED_GREEN,Jessica,ACTIVE,,List,350,1AB11BD57893424EA226135F670197B31B96B861BA05C0C4962AF5BC8D0FBCEE,
v0296,Rooftop,Materials,"[""Materials""]",UPVC Canopi - Rooftop,https://rooftop.co.id/document-download/,,,VERIFIED_GREEN,Jessica,ACTIVE,,List,351,1AB11BD57893424EA226135F670197B31B96B861BA05C0C4962AF5BC8D0FBCEE,
v0297,Rootslab,Furniture,"[""Furniture""]",Custom Furniture - Home Decorations,,,,VERIFIED_GREEN,Jessica,ACTIVE,,List,352,1AB11BD57893424EA226135F670197B31B96B861BA05C0C4962AF5BC8D0FBCEE,
v0298,Roshan,Wall Finishing,"[""Wall Finishing""]","WPC, SPC, Flextone",,https://drive.google.com/drive/folders/10F5HM291GW-SJh5g8ojDZBICMI0GJvRP?usp=drive_link,,VERIFIED_GREEN,Jessica,ACTIVE,,List,353,1AB11BD57893424EA226135F670197B31B96B861BA05C0C4962AF5BC8D0FBCEE,
v0299,Rovega,Furniture,"[""Furniture""]",Custom Furniture,,https://drive.google.com/drive/u/3/folders/1baov30qdBPB1zC1kAZDbtAYJJNPWMgkZ,,VERIFIED_GREEN,Jessica,ACTIVE,,List,354,1AB11BD57893424EA226135F670197B31B96B861BA05C0C4962AF5BC8D0FBCEE,
v0300,Roxy Glass,Accessories,"[""Accessories""]","Glass, Door, Stained Glass, Pattern Glass, Privacy Glass, Vanetian Blind, Shower System, Smart Mirror, Slim Door, Fascade",,https://drive.google.com/drive/folders/1e0am4Scdw_6SmrP-VblJfZx_Cdfdah7p,,VERIFIED_GREEN,Jessica,ACTIVE,,List,355,1AB11BD57893424EA226135F670197B31B96B861BA05C0C4962AF5BC8D0FBCEE,
v0300,Roxy Glass,Materials,"[""Materials""]",Decorative Glass,,https://drive.google.com/drive/folders/1HMxQB4pZWNs7_DprCZbMY3Nvii5dVSE0?usp=drive_link,,VERIFIED_GREEN,Jessica,ACTIVE,,List,356,1AB11BD57893424EA226135F670197B31B96B861BA05C0C4962AF5BC8D0FBCEE,
v0301,Rumah Mebel,Furniture,"[""Furniture""]",Loose Furniture,,,,VERIFIED_GREEN,Jessica,ACTIVE,,List,357,1AB11BD57893424EA226135F670197B31B96B861BA05C0C4962AF5BC8D0FBCEE,
v0302,Sahabat Jaya Sukses,Materials,"[""Materials""]",Plywood & MDF,,https://drive.google.com/drive/folders/125WUAFLBfkHflvngyzWRHEen7UFULGwb?usp=drive_link,,VERIFIED_GREEN,Jessica,ACTIVE,,List,358,1AB11BD57893424EA226135F670197B31B96B861BA05C0C4962AF5BC8D0FBCEE,
v0303,Sakamurya Furniture,Furniture,"[""Furniture""]",Loose Furniture,,,Terkahir Post IG Sep 2024,INACTIVE_RED,,ARCHIVED,,List,359,1AB11BD57893424EA226135F670197B31B96B861BA05C0C4962AF5BC8D0FBCEE,
v0304,Sampoerna Kayoe,Materials,"[""Materials""]",Wood Supplied,,,"Plywood, LVL, Outdoor Laminated Wood, Door",VERIFIED_GREEN,Jessica,ACTIVE,,List,360,1AB11BD57893424EA226135F670197B31B96B861BA05C0C4962AF5BC8D0FBCEE,
v0305,Samudera Solid Surface,Finishing,"[""Finishing""]",Solid Surface,,https://d1fdloi71mui9q.cloudfront.net/7wMH53hiR7eSYI4UOovP_catalog%20%2B%20custom%20examples.pdf,Terkahir Post IG Aug 2024,INACTIVE_RED,,ARCHIVED,,List,361,1AB11BD57893424EA226135F670197B31B96B861BA05C0C4962AF5BC8D0FBCEE,
v0306,Sana Living,Furniture,"[""Furniture""]",Loose Furniture,,,"Chair, Sofa, Tables",VERIFIED_GREEN,Jessica,ACTIVE,,List,362,1AB11BD57893424EA226135F670197B31B96B861BA05C0C4962AF5BC8D0FBCEE,
v0308,Sans Mosaic,Tiles,"[""Tiles""]",Mosaic,,,,VERIFIED_GREEN,Jessica,ACTIVE,,List,363,1AB11BD57893424EA226135F670197B31B96B861BA05C0C4962AF5BC8D0FBCEE,
v0311,Sentra Bata,Materials,"[""Materials""]",Bricks,,Sentra Bata,,VERIFIED_GREEN,Jessica,ACTIVE,,List,364,1AB11BD57893424EA226135F670197B31B96B861BA05C0C4962AF5BC8D0FBCEE,
v0312,Sentra Marble,Stones,"[""Stones""]",Marble Tiles,,,,VERIFIED_GREEN,Jessica,ACTIVE,,List,365,1AB11BD57893424EA226135F670197B31B96B861BA05C0C4962AF5BC8D0FBCEE,
v0313,Sentra Marmer (Sekawan Alam Sejahtera Marmer),Wall Finishing,"[""Wall Finishing""]",Marbles - Granite - Onyx,,,,VERIFIED_GREEN,Jessica,ACTIVE,,List,366,1AB11BD57893424EA226135F670197B31B96B861BA05C0C4962AF5BC8D0FBCEE,
v0314,Sentracon,Flooring,"[""Flooring""]",Beton,,,Terkahir Post IG Sep 2022,INACTIVE_RED,,ARCHIVED,,List,367,1AB11BD57893424EA226135F670197B31B96B861BA05C0C4962AF5BC8D0FBCEE,
v0315,Serba Antik,Furniture,"[""Furniture""]",Loose Furniture,,,Terkahir Post IG April 2024,INACTIVE_RED,,ARCHIVED,,List,368,1AB11BD57893424EA226135F670197B31B96B861BA05C0C4962AF5BC8D0FBCEE,
v0315,Serba Antik,Wall Finishing,"[""Wall Finishing""]",Fabric - Blinds - Wallpaper - Wall Panelling,,,,VERIFIED_GREEN,Jessica,ACTIVE,,List,369,1AB11BD57893424EA226135F670197B31B96B861BA05C0C4962AF5BC8D0FBCEE,
v0316,Seyven,Home Appliances,"[""Home Appliances""]",Digital Door Lock,,,Smarthome,VERIFIED_GREEN,Jessica,ACTIVE,,List,370,1AB11BD57893424EA226135F670197B31B96B861BA05C0C4962AF5BC8D0FBCEE,
v0317,Sib Indonesia,Flooring,"[""Flooring""]",Terrazzo,,,,VERIFIED_GREEN,Jessica,ACTIVE,,List,371,1AB11BD57893424EA226135F670197B31B96B861BA05C0C4962AF5BC8D0FBCEE,
v0318,Singres,Tiles,"[""Tiles""]",Mosaic,https://shopee.co.id/singrestiles.id?entryPoint=ShopBySearch&searchKeyword=singres%20tiles&tab=shop&fbclid=PARlRTSAN1ZSFleHRuA2FlbQIxMQABpyGhYWek31bZeyEhZA6if_NTZwsFfnk4GCqNJAEG4y82tJDcC_j9Ixi0UbPv_aem_qRg6uX1sXExHFsAP3tozrw,,,VERIFIED_GREEN,Jessica,ACTIVE,,List,372,1AB11BD57893424EA226135F670197B31B96B861BA05C0C4962AF5BC8D0FBCEE,
v0319,Sioline,Decorative,"[""Decorative""]",Membrane Tensile,,,,VERIFIED_GREEN,Jessica,ACTIVE,,List,373,1AB11BD57893424EA226135F670197B31B96B861BA05C0C4962AF5BC8D0FBCEE,
v0320,Sisu Home,Furniture,"[""Furniture""]","Loose Furniture, Home Decorations",,Sisu Home,"Chair, Sofa, Bench, Bed, Console, Cabinet, Night Stand, Side Table",VERIFIED_GREEN,Jessica,ACTIVE,,List,374,1AB11BD57893424EA226135F670197B31B96B861BA05C0C4962AF5BC8D0FBCEE,
v0321,Skayu,Materials,"[""Materials""]",WPC,https://skayu.co.id/about/#e-catalog,Skayu,"Decking, Louver, Cladding, Ceiling, Facade",VERIFIED_GREEN,Jessica,ACTIVE,,List,375,1AB11BD57893424EA226135F670197B31B96B861BA05C0C4962AF5BC8D0FBCEE,
v0322,Skywall,Materials,"[""Materials""]",Polycarbonate Sheet/ System (for roof),https://www.tokopedia.com/langgengtradateknik/etalase/skywall-polycarbonate?fbclid=PARlRTSAN1Y8hleHRuA2FlbQIxMQABp5DuKjvCt5Y4aYL1EzHxbe0NY5JI0kL6N54OMUGqy8O7usG3Y57djNNKEqfi_aem_cKGX9vqaUC_vQby3Dr6DqQ,https://skywall.id/wp-content/uploads/2025/09/Skywall-Portfolio-Project-2025-COMPRESSED.pdf?fbclid=PAZnRzaAN1Y3FleHRuA2FlbQIxMQABp0OkYyZcTfTovT0LrlamK-FLo4mKFTX7Ylq5yS7EkeT6VFFF9gqJYn6XHEnc_aem_7anvale0GMMNDfkcdkWcBw,Terkahir Post IG Feb 2023,INACTIVE_RED,,ARCHIVED,,List,376,1AB11BD57893424EA226135F670197B31B96B861BA05C0C4962AF5BC8D0FBCEE,
v0323,Sol by pdm,Furniture,"[""Furniture""]","European Furniture, Artwork","https://sol-collection.id/products/actiu/
https://sol-collection.id/products/andtradition/",SoL_Company Profile 2025_.pdf,"Arm Chair, Hanging Lamp",VERIFIED_GREEN,Jessica,ACTIVE,,List,377,1AB11BD57893424EA226135F670197B31B96B861BA05C0C4962AF5BC8D0FBCEE,
v0324,Sola Ananda Jaya,Window,"[""Window""]",Aluminium window,,,,VERIFIED_GREEN,Jessica,ACTIVE,,List,378,1AB11BD57893424EA226135F670197B31B96B861BA05C0C4962AF5BC8D0FBCEE,
v0326,Sors Furniture,Furniture,"[""Furniture""]",Loose Furniture,,https://drive.google.com/drive/folders/1s9LesHuUXM_O_-LvCV-MV5Gv55_ZjP33?usp=drive_link,"Chair, Sofa, Tables",VERIFIED_GREEN,Jessica,ACTIVE,,List,379,1AB11BD57893424EA226135F670197B31B96B861BA05C0C4962AF5BC8D0FBCEE,
v0327,Soshoku,Furniture,"[""Furniture""]",Loose Furniture - Accessories,,,"Chair, Side Table, Stools",VERIFIED_GREEN,Jessica,ACTIVE,,List,380,1AB11BD57893424EA226135F670197B31B96B861BA05C0C4962AF5BC8D0FBCEE,
v0329,SPF,Finishing,"[""Finishing""]",Melaminto - MDF - HMR,,https://drive.google.com/drive/u/3/folders/11rYwG5dMjISf_Wk1QSTCZKrU1ull3Hj0,,VERIFIED_GREEN,Jessica,ACTIVE,,List,381,1AB11BD57893424EA226135F670197B31B96B861BA05C0C4962AF5BC8D0FBCEE,
v0330,Stark Floor,Finishing,"[""Finishing""]","Waterbone, Solvent, PU, Acrylic, Terrazo",,KATALOG WEBSITE,"Floor Finishes, Stone Care, Repair Mortar, Floor Polishing, Epoxy Flooring, Grinding Machine, Blasting Machine",VERIFIED_GREEN,Jessica,ACTIVE,,List,382,1AB11BD57893424EA226135F670197B31B96B861BA05C0C4962AF5BC8D0FBCEE,
v0331,Startha Group - Decoedge,Finishing,"[""Finishing""]",Interior Film - PVC Sheet - Edging (Edge Banding 0.35 - 3mm),https://startha.co.id/brand/decoedge,https://drive.google.com/file/d/14M17SZ559mWnGTSirksGYBhYF5G7Br0s/view,,VERIFIED_GREEN,Jessica,ACTIVE,,List,383,1AB11BD57893424EA226135F670197B31B96B861BA05C0C4962AF5BC8D0FBCEE,
v0332,Startha Group - Decofoil,Finishing,"[""Finishing""]",Interior Film - PVC Sheet,https://startha.co.id/brand/decofoil,https://drive.google.com/file/d/1-yN7tMyXSPx84hFlPSViWRZxzLFw114O/view,,VERIFIED_GREEN,Jessica,ACTIVE,,List,384,1AB11BD57893424EA226135F670197B31B96B861BA05C0C4962AF5BC8D0FBCEE,
v0333,Startha Group - Decopaper,Finishing,"[""Finishing""]","Interior Film - PVC Sheet (Finish Foil, Decorative Paper, Melamine Impregnated Paper)",https://startha.co.id/brand/decopaper,https://drive.google.com/file/d/1-gXmmEa2UmBepdcutqpHFC96kohzLP0r/view,,VERIFIED_GREEN,Jessica,ACTIVE,,List,385,1AB11BD57893424EA226135F670197B31B96B861BA05C0C4962AF5BC8D0FBCEE,
v0334,Stuccoverni,Wall Finishing,"[""Wall Finishing""]",Decorative Paint,,,,VERIFIED_GREEN,Jessica,ACTIVE,,List,386,1AB11BD57893424EA226135F670197B31B96B861BA05C0C4962AF5BC8D0FBCEE,
v0335,Studio Dekor,Decorative,"[""Decorative""]",Artificial Plants,,,,VERIFIED_GREEN,Jessica,ACTIVE,,List,387,1AB11BD57893424EA226135F670197B31B96B861BA05C0C4962AF5BC8D0FBCEE,
v0336,Sufelindo,Furniture,"[""Furniture""]",Office Furniture,"https://drive.google.com/file/d/1l1Ae_w2rqHT6wZo_9UCK4dZiBDzZfhjA/view
https://drive.google.com/file/d/19DLrmGhkhQwEUP5Sa4RsbGL-8YFkJZ0g/view",,Chair,VERIFIED_GREEN,Jessica,ACTIVE,,List,388,1AB11BD57893424EA226135F670197B31B96B861BA05C0C4962AF5BC8D0FBCEE,
v0337,Sulla.Home,Furniture,"[""Furniture""]",Loose Furniture,,https://drive.google.com/drive/folders/1w4J6jrynh7J0UpRMvYi2CUcyLzsyNAEv?usp=drive_link,"Bags, Bench, Yoga Organizer, Ottoman",INACTIVE_RED,,ARCHIVED,,List,389,1AB11BD57893424EA226135F670197B31B96B861BA05C0C4962AF5BC8D0FBCEE,
v0338,Sumber Jati Furniture,Furniture,"[""Furniture""]",Home Furniture,,,?,UNCERTAIN_PEACH,,ACTIVE,,List,390,1AB11BD57893424EA226135F670197B31B96B861BA05C0C4962AF5BC8D0FBCEE,
v0339,Sunarko,Melamik / Duco,"[""Melamik"", ""Duco""]",Mandor Melamik / Duco,,,,VERIFIED_GREEN,Jessica,ACTIVE,,List,391,1AB11BD57893424EA226135F670197B31B96B861BA05C0C4962AF5BC8D0FBCEE,
v0340,Sunbeamfabric,Fabric,"[""Fabric""]",Outdoor Fabric,,,,VERIFIED_GREEN,Jessica,ACTIVE,,List,392,1AB11BD57893424EA226135F670197B31B96B861BA05C0C4962AF5BC8D0FBCEE,
v0341,Surya Pertiwi,Sanitary,"[""Sanitary""]","Toilet, Bathroom, Kitchen Acc.",,,"ZANRU, Toto, Franke",VERIFIED_GREEN,Jessica,ACTIVE,,List,393,1AB11BD57893424EA226135F670197B31B96B861BA05C0C4962AF5BC8D0FBCEE,
v0342,Suzuka Group,Wall Finishing,"[""Wall Finishing""]",Texture Paint,https://www.suzukagroup.id/catalogs/,https://drive.google.com/drive/folders/1UTUVMWiiA5RNNotl8iR3R2nliauv7aho?usp=share_link,,VERIFIED_GREEN,Jessica,ACTIVE,,List,394,1AB11BD57893424EA226135F670197B31B96B861BA05C0C4962AF5BC8D0FBCEE,
v0343,Taco,Finishing,"[""Finishing""]",HPL,,,,VERIFIED_GREEN,Jessica,ACTIVE,,List,395,1AB11BD57893424EA226135F670197B31B96B861BA05C0C4962AF5BC8D0FBCEE,
v0344,Tanam Lokal,Decorative,"[""Decorative""]",Artificial Plants,,,"Tidak aktif IG, aktif di Tokped & Shopee",VERIFIED_GREEN,Jessica,ACTIVE,,List,396,1AB11BD57893424EA226135F670197B31B96B861BA05C0C4962AF5BC8D0FBCEE,
v0345,Technal,Door & Window,"[""Door & Window""]",Aluminium Door & Window System,,,,UNVERIFIED_NONE,,ACTIVE,,List,397,1AB11BD57893424EA226135F670197B31B96B861BA05C0C4962AF5BC8D0FBCEE,
v0346,Tecnishop,Hardware,"[""Hardware""]",Knob - Handle - Fittings,https://www.tokopedia.com/tecnishop,,,VERIFIED_GREEN,Jessica,ACTIVE,,List,398,1AB11BD57893424EA226135F670197B31B96B861BA05C0C4962AF5BC8D0FBCEE,
v0346,Tecnishop,Lighting,"[""Lighting""]",,https://www.tokopedia.com/tecnishop,,,VERIFIED_GREEN,Jessica,ACTIVE,,List,399,1AB11BD57893424EA226135F670197B31B96B861BA05C0C4962AF5BC8D0FBCEE,
v0347,Tegel Kayu,Finishing,"[""Finishing""]","Decking, Flooring, Fencing, Lumberceiling, Parquet, Stairs, Table Top",https://tegelkayu.id/product/,,Solid Wood,VERIFIED_GREEN,Jessica,ACTIVE,,List,400,1AB11BD57893424EA226135F670197B31B96B861BA05C0C4962AF5BC8D0FBCEE,
v0348,TEKA Parquet,Flooring,"[""Flooring""]",Engineered Wood Floor,,,https://ugc.production.linktr.ee/380e6f44-f2d9-4e47-b7a5-043c02c2c582_TEKA-Compro-A5-Digital.pdf?fbclid=PARlRTSANv5pZleHRuA2FlbQIxMQABp_twTxB6MVxNLKPSHFcnRpCXG9sfdTr-kK7SqngGAWVt507rO8K-AKGbF9Rm_aem_Nl6scVjrmNcV6Le6dCrRsA,VERIFIED_GREEN,Jessica,ACTIVE,,List,401,1AB11BD57893424EA226135F670197B31B96B861BA05C0C4962AF5BC8D0FBCEE,
v0349,Tera Kaiyaa,Finishing,"[""Finishing""]",Brick,https://shopee.co.id/terakaiyaa?smtt=0.596036371-1668773067.9&tab=shop&fbclid=PAZnRzaANteA5leHRuA2FlbQIxMQABpxXj-FL7w3xAF-NXte7jhadiXvT4mwsSlR094gb86wgmZ2KIAAtPXxsLOXFa_aem_dz44PELrz5bx52SliekXLg,https://drive.google.com/drive/folders/1N6bmutcoyyY8yTmseq1WXo6tM7ddu6f9?usp=drive_link,Handmade Wall Decor,VERIFIED_GREEN,Jessica,ACTIVE,,List,402,1AB11BD57893424EA226135F670197B31B96B861BA05C0C4962AF5BC8D0FBCEE,
v0350,Terakota Indonesia,Finishing,"[""Finishing""]","Decorative Brick, Ceramic",,,,VERIFIED_GREEN,Jessica,ACTIVE,,List,403,1AB11BD57893424EA226135F670197B31B96B861BA05C0C4962AF5BC8D0FBCEE,
v0351,Terraesta,Materials,"[""Materials""]",Micro Cement,,,,VERIFIED_GREEN,Jessica,ACTIVE,,List,404,1AB11BD57893424EA226135F670197B31B96B861BA05C0C4962AF5BC8D0FBCEE,
v0352,Textura Pratta Indonesia,Finishing,"[""Finishing""]",Testures & Colors,,,"For Floors, Walls & Ceilings (indoor & outdoor)",VERIFIED_GREEN,Jessica,ACTIVE,,List,405,1AB11BD57893424EA226135F670197B31B96B861BA05C0C4962AF5BC8D0FBCEE,
v0353,The New Factory,Materials,"[""Materials""]","Ceiling Decor, Sound Adsorber, Cabinet Doors",,The New Factory,Ecofriendly,VERIFIED_GREEN,Jessica,ACTIVE,,List,406,1AB11BD57893424EA226135F670197B31B96B861BA05C0C4962AF5BC8D0FBCEE,
v0354,Thermotech Indonesia,Materials,"[""Materials""]",Thermal Insulation,,,,VERIFIED_GREEN,Jessica,ACTIVE,,List,407,1AB11BD57893424EA226135F670197B31B96B861BA05C0C4962AF5BC8D0FBCEE,
v0355,Titanium,Finishing,"[""Finishing""]",Granite - Stones - Terazzo - Marbles,,https://drive.google.com/drive/folders/1Eu0n6rohhJwOi5bU61BTNNAYHCwNiZZy?usp=drive_link,,VERIFIED_GREEN,Jessica,ACTIVE,,List,408,1AB11BD57893424EA226135F670197B31B96B861BA05C0C4962AF5BC8D0FBCEE,
v0356,Tmac Decorazzo,Flooring,"[""Flooring""]",Terrazzo,,https://drive.google.com/drive/folders/1sUJ0g4-QtJR0GPInJ0NslGBr86le2bYz?usp=drive_link,Accessories,VERIFIED_GREEN,Jessica,ACTIVE,,List,409,1AB11BD57893424EA226135F670197B31B96B861BA05C0C4962AF5BC8D0FBCEE,
v0357,Tostem Indonesia,Door & Window,"[""Door & Window""]",Aluminium Windows & Doors System,,https://drive.google.com/drive/folders/1iKWRcJzDxuEILbkwM-3JnOjo6ezFSfvn?usp=drive_link,,VERIFIED_GREEN,Jessica,ACTIVE,,List,410,1AB11BD57893424EA226135F670197B31B96B861BA05C0C4962AF5BC8D0FBCEE,
v0358,Tridaya Elektrindo,Lighting,"[""Lighting""]","Indoor Lighting, Outdoor Lighting, Industrial Lighting",https://www.tridaya-elektrindo.com/product/indoor-lighting/architectural,,,VERIFIED_GREEN,Jessica,ACTIVE,,List,411,1AB11BD57893424EA226135F670197B31B96B861BA05C0C4962AF5BC8D0FBCEE,
v0359,Triem Soldi Surface,Finishing,"[""Finishing""]",Solid Surface,,,,VERIFIED_GREEN,Jessica,ACTIVE,,List,412,1AB11BD57893424EA226135F670197B31B96B861BA05C0C4962AF5BC8D0FBCEE,
v0360,Trio Jaya Steel,Finishing,"[""Finishing""]",Decorative Panel,,,"CNC Router Cutting (MDF, PVC, Wood, ACP)",VERIFIED_GREEN,Jessica,ACTIVE,,List,413,1AB11BD57893424EA226135F670197B31B96B861BA05C0C4962AF5BC8D0FBCEE,
v0360,Trio Jaya Steel,Perforated,"[""Perforated""]",Decorative Perforated,https://www.tjsteel.co.id/Products/perforated-metal.html,,"Metal, Steel, Aluminium",VERIFIED_GREEN,Jessica,ACTIVE,,List,414,1AB11BD57893424EA226135F670197B31B96B861BA05C0C4962AF5BC8D0FBCEE,
v0361,Twin Fittings,Hardware,"[""Hardware""]",Kitchen Fitting,,,,VERIFIED_GREEN,Jessica,ACTIVE,,List,415,1AB11BD57893424EA226135F670197B31B96B861BA05C0C4962AF5BC8D0FBCEE,
v0362,Ubin Kayu,Ceiling,"[""Ceiling""]",Solid Wood,,https://drive.google.com/drive/folders/1OywMaJnbDtzWYz3Lkudo7DCLJD6ebFFd?usp=drive_link,,VERIFIED_GREEN,Jessica,ACTIVE,,List,416,1AB11BD57893424EA226135F670197B31B96B861BA05C0C4962AF5BC8D0FBCEE,
v0362,Ubin Kayu,Flooring,"[""Flooring""]",Solid Wood,,https://drive.google.com/drive/folders/1OywMaJnbDtzWYz3Lkudo7DCLJD6ebFFd?usp=drive_link,,VERIFIED_GREEN,Jessica,ACTIVE,,List,417,1AB11BD57893424EA226135F670197B31B96B861BA05C0C4962AF5BC8D0FBCEE,
v0362,Ubin Kayu,Wall Finishing,"[""Wall Finishing""]",Solid Wood,,https://drive.google.com/drive/folders/1OywMaJnbDtzWYz3Lkudo7DCLJD6ebFFd?usp=drive_link,?,UNCERTAIN_PEACH,,ACTIVE,,List,418,1AB11BD57893424EA226135F670197B31B96B861BA05C0C4962AF5BC8D0FBCEE,
v0363,UNO Office,Furniture,"[""Furniture""]",Office Furniture,,https://drive.google.com/drive/folders/1BYbLKJLlvPQ446AbHgLakSaObtIpeTvL?usp=drive_link,"Chair, Table",VERIFIED_GREEN,Jessica,ACTIVE,,List,419,1AB11BD57893424EA226135F670197B31B96B861BA05C0C4962AF5BC8D0FBCEE,
v0364,UNV,Lighting,"[""Lighting""]",,,https://drive.google.com/drive/u/0/folders/1gqcVQASXbgIBHcs8GYujMusSMGpSk93w,,VERIFIED_GREEN,Jessica,ACTIVE,,List,420,1AB11BD57893424EA226135F670197B31B96B861BA05C0C4962AF5BC8D0FBCEE,
v0365,Up Space,Furniture,"[""Furniture""]",Loose Furniture,,https://drive.google.com/drive/folders/1HJW7qR8T6nPWjOmVzm413Hjv7uCNiUOS?usp=drive_link,"Chair, Cabinet, Sofa",VERIFIED_GREEN,Jessica,ACTIVE,,List,421,1AB11BD57893424EA226135F670197B31B96B861BA05C0C4962AF5BC8D0FBCEE,
v0367,VAGG,Finishing,"[""Finishing""]",Decorative Wall Panels - WPC,,https://drive.google.com/drive/folders/13jcjkImrGk0kS_1JKY11ZZds1YkOZIw0?usp=drive_link,Bamboo Charcoal Panels,VERIFIED_GREEN,Jessica,ACTIVE,,List,422,1AB11BD57893424EA226135F670197B31B96B861BA05C0C4962AF5BC8D0FBCEE,
v0368,Varnesse,Finishing,"[""Finishing""]","WPC - Wall, Flooring",,https://drive.google.com/drive/u/0/folders/1CdLKiafmfY6yvZmFKWr3An6NNLiHrsRD?fbclid=PAY2xjawGv-r1leHRuA2FlbQIxMAABprr5mszCHDZYGKrH3bDdHxxbSsbDFE_UVDcLDzntit9YJwasURTaIblxOw_aem_nypoLxvuzZiBnHXYJ37fZg,,VERIFIED_GREEN,Jessica,ACTIVE,,List,423,1AB11BD57893424EA226135F670197B31B96B861BA05C0C4962AF5BC8D0FBCEE,
v0369,Venus,Flooring,"[""Flooring""]",Mosaico,,https://drive.google.com/drive/folders/1Z1sDIzIhv6DFFADkGTuNBcp_VfZtQ463?usp=drive_link,,VERIFIED_GREEN,Jessica,ACTIVE,,List,424,1AB11BD57893424EA226135F670197B31B96B861BA05C0C4962AF5BC8D0FBCEE,
v0369,Venus,Flooring,"[""Flooring""]",Porcelanto,,https://drive.google.com/drive/folders/1Z1sDIzIhv6DFFADkGTuNBcp_VfZtQ463?usp=drive_link,,VERIFIED_GREEN,Jessica,ACTIVE,,List,425,1AB11BD57893424EA226135F670197B31B96B861BA05C0C4962AF5BC8D0FBCEE,
v0369,Venus,Flooring,"[""Flooring""]",Avant Garde,,https://drive.google.com/drive/folders/1Z1sDIzIhv6DFFADkGTuNBcp_VfZtQ463?usp=drive_link,,VERIFIED_GREEN,Jessica,ACTIVE,,List,426,1AB11BD57893424EA226135F670197B31B96B861BA05C0C4962AF5BC8D0FBCEE,
v0369,Venus,Flooring,"[""Flooring""]",Art Mosaic,,https://drive.google.com/drive/folders/1Z1sDIzIhv6DFFADkGTuNBcp_VfZtQ463?usp=drive_link,,VERIFIED_GREEN,Jessica,ACTIVE,,List,427,1AB11BD57893424EA226135F670197B31B96B861BA05C0C4962AF5BC8D0FBCEE,
v0369,Venus,Flooring,"[""Flooring""]",Monalisa Tiles,,https://drive.google.com/drive/folders/1Z1sDIzIhv6DFFADkGTuNBcp_VfZtQ463?usp=drive_link,,VERIFIED_GREEN,Jessica,ACTIVE,,List,428,1AB11BD57893424EA226135F670197B31B96B861BA05C0C4962AF5BC8D0FBCEE,
v0370,Venus Tiles Bandung,Flooring,"[""Flooring""]",Tiles,,,,VERIFIED_GREEN,Jessica,ACTIVE,,List,429,1AB11BD57893424EA226135F670197B31B96B861BA05C0C4962AF5BC8D0FBCEE,
v0371,Verona Marble,Finishing,"[""Finishing""]",Marble - Granite,,,Terakhir Posting IG Oct 2020,INACTIVE_RED,,ARCHIVED,,List,430,1AB11BD57893424EA226135F670197B31B96B861BA05C0C4962AF5BC8D0FBCEE,
v0372,Victory Eurofit Systems,Door & Window,"[""Door & Window""]",Sliding Folding Fitting - Alluminium Frame Doors,https://victoryaluminium.com/shop-2/?fbclid=PARlRTSAN1SD9leHRuA2FlbQIxMQABp0dlb9tktIMkwQ83pzh7eVARGgAOTauvwDmcIiOkQnQcRMt32z3TVbNfBMWT_aem_Cpq0iNi42SQGmX6m_t6TvA,,,UNVERIFIED_NONE,,ACTIVE,,List,431,1AB11BD57893424EA226135F670197B31B96B861BA05C0C4962AF5BC8D0FBCEE,
v0373,Viostone,Wall Finishing,"[""Wall Finishing""]",HPL,,https://drive.google.com/drive/folders/1gDfBnjUpVO-F5UASyCWAY86odSJa9B0n?usp=drive_link,,VERIFIED_GREEN,Jessica,ACTIVE,,List,432,1AB11BD57893424EA226135F670197B31B96B861BA05C0C4962AF5BC8D0FBCEE,
v0373,Viostone,Wall Finishing,"[""Wall Finishing""]",Stone Veneer,,,,VERIFIED_GREEN,Jessica,ACTIVE,,List,433,1AB11BD57893424EA226135F670197B31B96B861BA05C0C4962AF5BC8D0FBCEE,
v0374,Vivano Living,Furniture,"[""Furniture""]","Loose Furniture (Armchair, Lounge Chair, Dining Chair, Dining Table, Sofa)",,https://drive.google.com/drive/folders/1NtxV_HRW1KtwhNpBNiXMWneMNGru9UH9?usp=drive_link,,VERIFIED_GREEN,Jessica,ACTIVE,,List,434,1AB11BD57893424EA226135F670197B31B96B861BA05C0C4962AF5BC8D0FBCEE,
v0375,Vivere,Furniture,"[""Furniture""]","Home Furniture, Office Furniture","https://www.viverecollection.com/media/kemana/pdfcatalog/pdf/v/i/vivere_collection_e-catalogue_2025.pdf
https://www.viverecollection.com/media/kemana/pdfcatalog/pdf/c/a/casaka_2025_e-catalog.pdf",,,VERIFIED_GREEN,Jessica,ACTIVE,,List,435,1AB11BD57893424EA226135F670197B31B96B861BA05C0C4962AF5BC8D0FBCEE,
v0376,Vivere - Idemu,Furniture,"[""Furniture""]","Custom Furniture, Built In",,,China,UNCERTAIN_PEACH,,ACTIVE,,List,436,1AB11BD57893424EA226135F670197B31B96B861BA05C0C4962AF5BC8D0FBCEE,
v0377,Viveria Gallery,Finishing,"[""Finishing""]",Marble - Granite - Stones,,,,VERIFIED_GREEN,Jessica,ACTIVE,,List,437,1AB11BD57893424EA226135F670197B31B96B861BA05C0C4962AF5BC8D0FBCEE,
v0378,VQ Stone,Stones,"[""Stones""]",Marble - Granite,,,,VERIFIED_GREEN,Jessica,ACTIVE,,List,438,1AB11BD57893424EA226135F670197B31B96B861BA05C0C4962AF5BC8D0FBCEE,
v0379,VR Space,Flooring,"[""Flooring""]",SPC,,https://drive.google.com/drive/folders/1qZrCRp3bPTQJS6RGzxiPfyFhN2Xw7Oza?usp=drive_link,,VERIFIED_GREEN,Jessica,ACTIVE,,List,439,1AB11BD57893424EA226135F670197B31B96B861BA05C0C4962AF5BC8D0FBCEE,
v0379,VR Space,Flooring,"[""Flooring""]",Tiles,,https://drive.google.com/drive/folders/1qZrCRp3bPTQJS6RGzxiPfyFhN2Xw7Oza?usp=drive_link,,VERIFIED_GREEN,Jessica,ACTIVE,,List,440,1AB11BD57893424EA226135F670197B31B96B861BA05C0C4962AF5BC8D0FBCEE,
v0379,VR Space,Lighting,"[""Lighting""]",Table lamp,,https://drive.google.com/drive/folders/1qZrCRp3bPTQJS6RGzxiPfyFhN2Xw7Oza?usp=drive_link,,VERIFIED_GREEN,Jessica,ACTIVE,,List,441,1AB11BD57893424EA226135F670197B31B96B861BA05C0C4962AF5BC8D0FBCEE,
v0379,VR Space,Lighting,"[""Lighting""]",Wall lamp,,https://drive.google.com/drive/folders/1qZrCRp3bPTQJS6RGzxiPfyFhN2Xw7Oza?usp=drive_link,,VERIFIED_GREEN,Jessica,ACTIVE,,List,442,1AB11BD57893424EA226135F670197B31B96B861BA05C0C4962AF5BC8D0FBCEE,
v0379,VR Space,Lighting,"[""Lighting""]",Standing lamp,,https://drive.google.com/drive/folders/1qZrCRp3bPTQJS6RGzxiPfyFhN2Xw7Oza?usp=drive_link,,VERIFIED_GREEN,Jessica,ACTIVE,,List,443,1AB11BD57893424EA226135F670197B31B96B861BA05C0C4962AF5BC8D0FBCEE,
v0379,VR Space,Wall Finishing,"[""Wall Finishing""]",WPC - Brickglass,,https://drive.google.com/drive/folders/1qZrCRp3bPTQJS6RGzxiPfyFhN2Xw7Oza?usp=drive_link,,VERIFIED_GREEN,Jessica,ACTIVE,,List,444,1AB11BD57893424EA226135F670197B31B96B861BA05C0C4962AF5BC8D0FBCEE,
v0379,VR Space,Wall Finishing,"[""Wall Finishing""]",WPC - Bamboo charcoal Wall Panel,,https://drive.google.com/drive/folders/1qZrCRp3bPTQJS6RGzxiPfyFhN2Xw7Oza?usp=drive_link,,VERIFIED_GREEN,Jessica,ACTIVE,,List,445,1AB11BD57893424EA226135F670197B31B96B861BA05C0C4962AF5BC8D0FBCEE,
v0379,VR Space,Wall Finishing,"[""Wall Finishing""]",WPC - Stainless Steel Water Ripple,,https://drive.google.com/drive/folders/1qZrCRp3bPTQJS6RGzxiPfyFhN2Xw7Oza?usp=drive_link,,VERIFIED_GREEN,Jessica,ACTIVE,,List,446,1AB11BD57893424EA226135F670197B31B96B861BA05C0C4962AF5BC8D0FBCEE,
v0379,VR Space,Wall Finishing,"[""Wall Finishing""]",WPC - Modified Clay,,https://drive.google.com/drive/folders/1qZrCRp3bPTQJS6RGzxiPfyFhN2Xw7Oza?usp=drive_link,,VERIFIED_GREEN,Jessica,ACTIVE,,List,447,1AB11BD57893424EA226135F670197B31B96B861BA05C0C4962AF5BC8D0FBCEE,
v0379,VR Space,Wall Finishing,"[""Wall Finishing""]",WPC - Stone veneer,,https://drive.google.com/drive/folders/1qZrCRp3bPTQJS6RGzxiPfyFhN2Xw7Oza?usp=drive_link,Terakhir posting IG Nov 2024,INACTIVE_RED,,ARCHIVED,,List,448,1AB11BD57893424EA226135F670197B31B96B861BA05C0C4962AF5BC8D0FBCEE,
v0380,W Tiles,Wall Finishing,"[""Wall Finishing""]",Wall Panel,,,,VERIFIED_GREEN,Jessica,ACTIVE,,List,449,1AB11BD57893424EA226135F670197B31B96B861BA05C0C4962AF5BC8D0FBCEE,
v0381,Wallform,Wall Finishing,"[""Wall Finishing""]",WPC - Wall panel 3D PVC,,,Terakhir posting IG July 2021,INACTIVE_RED,,ARCHIVED,,List,450,1AB11BD57893424EA226135F670197B31B96B861BA05C0C4962AF5BC8D0FBCEE,
v0382,Walpix,Facade,"[""Facade""]",Facade - Partition - Ceiling - Fence - Art Metal,,,,VERIFIED_GREEN,Jessica,ACTIVE,,List,451,1AB11BD57893424EA226135F670197B31B96B861BA05C0C4962AF5BC8D0FBCEE,
v0383,Wamstone,Wall Finishing,"[""Wall Finishing""]",Marmer,,,,VERIFIED_GREEN,Jessica,ACTIVE,,List,452,1AB11BD57893424EA226135F670197B31B96B861BA05C0C4962AF5BC8D0FBCEE,
v0384,Wellgress Tiles,Finishing,"[""Finishing""]",Granite Tiles,https://tk.tokopedia.com/ZSUyrREvB/,,"IG sudah tidak aktif, aktif di Tokopedia",INACTIVE_RED,,ARCHIVED,,List,453,1AB11BD57893424EA226135F670197B31B96B861BA05C0C4962AF5BC8D0FBCEE,
v0385,Wika WH,Installation,"[""Installation""]",Water Heater,,,,VERIFIED_GREEN,Jessica,ACTIVE,,List,454,1AB11BD57893424EA226135F670197B31B96B861BA05C0C4962AF5BC8D0FBCEE,
v0386,Winston Ok,Finishing,"[""Finishing""]",HPL - Vinyl - Fitting,,,Terakhir posting IG Nov 2024,INACTIVE_RED,,ARCHIVED,,List,455,1AB11BD57893424EA226135F670197B31B96B861BA05C0C4962AF5BC8D0FBCEE,
v0387,Wisanaka,Furniture,"[""Furniture""]",Loose Furniture,https://www.wisanka.com/catalogue-download/?fbclid=PARlRTSANthWhleHRuA2FlbQIxMQABp1Cgrgmm01swYxtVsgD-WWE8rsMBNVp13aLrD7EHPueRmm8eF7Y9xtZXfQX4_aem_2BQjPvayed66WkYUVMZjPw,,,VERIFIED_GREEN,Jessica,ACTIVE,,List,456,1AB11BD57893424EA226135F670197B31B96B861BA05C0C4962AF5BC8D0FBCEE,
v0389,Wood Concept,Flooring,"[""Flooring""]",Wood,,,,INACTIVE_RED,,ARCHIVED,,List,457,1AB11BD57893424EA226135F670197B31B96B861BA05C0C4962AF5BC8D0FBCEE,
v0390,Woodpecker,Furniture,"[""Furniture""]",Loose Furniture,,,"Chair, Sofa, Tables",VERIFIED_GREEN,Jessica,ACTIVE,,List,458,1AB11BD57893424EA226135F670197B31B96B861BA05C0C4962AF5BC8D0FBCEE,
v0391,WPC Wood Indonesia,Finishing,"[""Finishing""]",WPC,,,,VERIFIED_GREEN,Jessica,ACTIVE,,List,459,1AB11BD57893424EA226135F670197B31B96B861BA05C0C4962AF5BC8D0FBCEE,
v0392,Xingfa,Door & Window,"[""Door & Window""]",Aluminium Profiles,https://www.xingfaindonesia.com/Product_2895_16/Windows-and-Doors.htm,,,VERIFIED_GREEN,Jessica,ACTIVE,,List,460,1AB11BD57893424EA226135F670197B31B96B861BA05C0C4962AF5BC8D0FBCEE,
v0393,Xpose Indonesia,Wall Finishing,"[""Wall Finishing""]",Concrete,,,,VERIFIED_GREEN,Jessica,ACTIVE,,List,461,1AB11BD57893424EA226135F670197B31B96B861BA05C0C4962AF5BC8D0FBCEE,
v0394,YKK AP Indonesia,Door & Window,"[""Door & Window""]",Fitting & Accessories,https://www.ykkap.co.id/en/catalog/?utm_source=instagram&utm_medium=linktree&utm_campaign=jul24,,,VERIFIED_GREEN,Jessica,ACTIVE,,List,462,1AB11BD57893424EA226135F670197B31B96B861BA05C0C4962AF5BC8D0FBCEE,
v0395,Zimmer,Furniture,"[""Furniture""]",Outdoor Furniture,,,,UNVERIFIED_NONE,,ACTIVE,,List,463,1AB11BD57893424EA226135F670197B31B96B861BA05C0C4962AF5BC8D0FBCEE,
v0366,Vacolux,Lighting,"[""Lighting""]",Architectural lighting,https://vacoluxlighting.id/index.php,,,UNVERIFIED_NONE,,ACTIVE,,List,464,1AB11BD57893424EA226135F670197B31B96B861BA05C0C4962AF5BC8D0FBCEE,
v0175,Kingtas,Lighting,"[""Lighting""]",Architectural lighting,,https://drive.google.com/file/d/1eD0JH9qlJHkvFTcSa04IUrf9G5UpW9Wi/view,,UNVERIFIED_NONE,,ACTIVE,,List,465,1AB11BD57893424EA226135F670197B31B96B861BA05C0C4962AF5BC8D0FBCEE,
v0234,Morgen,Lighting,"[""Lighting""]",Architectural lighting,https://morgen.co.id/id/#,,,UNVERIFIED_NONE,,ACTIVE,,List,466,1AB11BD57893424EA226135F670197B31B96B861BA05C0C4962AF5BC8D0FBCEE,
v0188,Latif Living,Furniture,"[""Furniture""]","Loose Furniture (Sofa, Chair, Stool)",,,,UNVERIFIED_WHITE,,ACTIVE,,List,467,1AB11BD57893424EA226135F670197B31B96B861BA05C0C4962AF5BC8D0FBCEE,
v0201,Luminova,Lighting,"[""Lighting""]",Ceiling light - downlight - striplight,,,,UNVERIFIED_WHITE,,ACTIVE,,List,468,1AB11BD57893424EA226135F670197B31B96B861BA05C0C4962AF5BC8D0FBCEE,
v0004,Adiguna Masonry Indonesia,Wall Finishing,"[""Wall Finishing""]",Marmer,,,,UNVERIFIED_WHITE,,ACTIVE,,List,469,1AB11BD57893424EA226135F670197B31B96B861BA05C0C4962AF5BC8D0FBCEE,
v0225,MMgalleri,Finishing,"[""Finishing""]",Marmer,,,,UNVERIFIED_WHITE,,ACTIVE,,List,470,1AB11BD57893424EA226135F670197B31B96B861BA05C0C4962AF5BC8D0FBCEE,
v0282,Rainbow carpet,Flooring,"[""Flooring""]",Carpet Tiles & Rolles,,,,UNVERIFIED_WHITE,,ACTIVE,,List,471,1AB11BD57893424EA226135F670197B31B96B861BA05C0C4962AF5BC8D0FBCEE,
v0307,Sandimas,Finishing,"[""Finishing""]",Granite Tiles,,,,UNVERIFIED_WHITE,,ACTIVE,,List,472,1AB11BD57893424EA226135F670197B31B96B861BA05C0C4962AF5BC8D0FBCEE,
v0309,Sanwacompany,Hardware,"[""Hardware""]",Kitchen Hardware,,,,UNVERIFIED_WHITE,,ACTIVE,,List,473,1AB11BD57893424EA226135F670197B31B96B861BA05C0C4962AF5BC8D0FBCEE,
v0325,Somwher,Furniture,"[""Furniture""]",Loose Furniture - Chairs,,,,UNVERIFIED_WHITE,,ACTIVE,,List,474,1AB11BD57893424EA226135F670197B31B96B861BA05C0C4962AF5BC8D0FBCEE,
v0328,Spasium,Facade,"[""Facade""]",Art Metal,,,,UNVERIFIED_WHITE,,ACTIVE,,List,475,1AB11BD57893424EA226135F670197B31B96B861BA05C0C4962AF5BC8D0FBCEE,
v0388,Wisma Sehati,Finishing,"[""Finishing""]",Ceramics - Tiles - Bathroom Accessories - 3D wall panel,,,,UNVERIFIED_WHITE,,ACTIVE,,List,476,1AB11BD57893424EA226135F670197B31B96B861BA05C0C4962AF5BC8D0FBCEE,
v0177,KKPL Indonesia,Lighting,"[""Lighting""]",,,,,UNVERIFIED_WHITE,,ACTIVE,,List,477,1AB11BD57893424EA226135F670197B31B96B861BA05C0C4962AF5BC8D0FBCEE,
v0104,Every collection,Furniture,"[""Furniture""]","Loose Furniture (Sofa, Chair, Table, Cabinet)",,Katalog,,UNVERIFIED_WHITE,,ACTIVE,,List,478,1AB11BD57893424EA226135F670197B31B96B861BA05C0C4962AF5BC8D0FBCEE,
v0155,Inovasi Adiwarna Raya,Electronic,"[""Electronic""]",Indoor Display,,Katalog,,UNVERIFIED_WHITE,,ACTIVE,,List,479,1AB11BD57893424EA226135F670197B31B96B861BA05C0C4962AF5BC8D0FBCEE,
v0191,Lb.interiorceiling,Lighting,"[""Lighting""]",Barisol,,,,UNVERIFIED_NONE,,ACTIVE,,List,480,1AB11BD57893424EA226135F670197B31B96B861BA05C0C4962AF5BC8D0FBCEE,
v0310,Selia Project,Finishing,"[""Finishing""]",Custom Rattan,,Katalog,,UNVERIFIED_NONE,,ACTIVE,,List,481,1AB11BD57893424EA226135F670197B31B96B861BA05C0C4962AF5BC8D0FBCEE,
v0205,Luxmenn,Lighting,"[""Lighting""]",Ceiling light - downlight - striplight - Led strip,,,,UNVERIFIED_NONE,,ACTIVE,,List,482,1AB11BD57893424EA226135F670197B31B96B861BA05C0C4962AF5BC8D0FBCEE,
v0026,Arwana Ceramics,Flooring,"[""Flooring""]",Ceramics,,,,UNVERIFIED_NONE,,ACTIVE,,List,483,1AB11BD57893424EA226135F670197B31B96B861BA05C0C4962AF5BC8D0FBCEE,
v0294,Roca,Sanitary,"[""Sanitary""]",Faucet - Basin - Closset,,,,UNVERIFIED_NONE,,ACTIVE,,List,484,1AB11BD57893424EA226135F670197B31B96B861BA05C0C4962AF5BC8D0FBCEE,
